table,date,messages
announcement,2019-04-01,1
announcement,2019-05-01,1
announcement,2019-06-01,1
announcement,2019-07-01,1
announcement,2019-08-01,1
announcement,2019-09-01,1
announcement,2019-10-01,1
announcement,2019-11-01,1
announcement,2019-12-01,1
announcement,2020-01-01,1
announcement,2020-02-01,1
announcement,2020-03-01,1
announcement,2020-04-01,1
announcement,2020-05-01,1
announcement,2020-06-01,1
announcement,2020-07-01,1
announcement,2020-08-01,1
announcement,2020-09-01,1
announcement,2020-10-01,1
announcement,2020-11-01,1
announcement,2020-12-01,1
announcement,2021-01-01,1
announcement,2021-02-01,1
announcement,2021-03-01,1
announcement,2021-04-01,1
announcement,2021-05-01,1
announcement,2021-06-01,4
announcement,2021-07-01,1
announcement,2021-08-01,1
announcement,2021-09-01,1
announcement,2021-10-01,1
announcement,2021-11-01,1
announcement,2021-12-01,1
announcement,2022-01-01,1
announcement,2022-02-01,1
announcement,2022-03-01,1
announcement,2022-04-01,1
announcement,2022-05-01,1
announcement,2022-06-01,1
announcement,2022-07-01,1
announcement,2022-08-01,1
announcement,2022-09-01,9
announcement,2022-10-01,10
announcement,2022-11-01,7
announcement,2022-12-01,1
announcement,2023-01-01,1
announcement,2023-02-01,1
announcement,2023-03-01,1
announcement,2023-04-01,1
announcement,2023-05-01,5
announcement,2023-06-01,20
announcement,2023-07-01,1
announcement,2023-08-01,7
announcement,2023-09-01,1
announcement,2023-10-01,1
announcement,2023-11-01,27
announcement,2023-12-01,1
announcement,2024-01-01,1
announcement,2024-02-01,29
announcement,2024-03-01,1
announcement,2024-04-01,1
announcement,2024-05-01,7
announcement,2024-06-01,1
announcement,2024-07-01,7
announcement,2024-08-01,1
announcement,2024-09-01,1
announcement,2024-10-01,6
announcement,2024-11-01,1
announcement,2024-12-01,1
announcement,2025-01-01,1
announcement,2025-02-01,1
announcement,2025-03-01,1
announcement,2025-04-01,5
announcement,2025-05-01,1
announcement,2025-06-01,1
announcement,2025-07-01,1
announcement,2025-08-01,1
announcement,2025-09-01,7
announcement,2025-10-01,1
announcement,2025-11-01,1
announcement,2025-12-01,1
announcement,2026-01-01,1
announcement,2026-02-01,1
announcement,2026-03-01,1
announcement,2026-03-08,1
announcement,2026-03-09,3
announcement,2026-03-10,5
announcement,2026-03-11,5
announcement,2026-03-12,3
announcement,2026-03-13,1
announcement,2026-03-14,1
announcement,2026-03-15,1
announcement,2026-03-16,1
announcement,2026-03-17,1
announcement,2026-03-18,1
announcement,2026-03-19,1
announcement,2026-03-20,3
announcement,2026-03-21,3
announcement,2026-03-22,1
announcement,2026-03-23,4
announcement,2026-03-24,4
announcement,2026-03-25,1
announcement,2026-03-26,1
announcement,2026-03-27,1
announcement,2026-03-28,1
announcement,2026-03-29,1
announcement,2026-03-30,1
announcement,2026-03-31,4
announcement,2026-04-01,9
announcement,2026-04-02,2
announcement,2026-04-03,3
announcement,2026-04-04,1
announcement,2026-04-05,1
announcement,2026-04-06,1
announcement,2026-04-07,1
announcement,2026-04-08,1
announcement,2026-04-09,2
announcement,2026-04-10,1
announcement,2026-04-11,1
announcement,2026-04-12,1
announcement,2026-04-13,10
announcement,2026-04-14,15
announcement,2026-04-15,8
announcement,2026-04-16,9
announcement,2026-04-17,1
announcement,2026-04-18,1
announcement,2026-04-19,1
announcement,2026-04-20,1
announcement,2026-04-21,1
announcement,2026-04-22,10
announcement,2026-04-23,1
announcement,2026-04-24,3
announcement,2026-04-25,1
announcement,2026-04-26,1
announcement,2026-04-27,1
announcement,2026-04-28,2
announcement,2026-04-29,3
announcement,2026-04-30,1
announcement,2026-05-01,1
announcement,2026-05-02,1
announcement,2026-05-03,1
announcement,2026-05-04,1
announcement,2026-05-05,1
announcement,2026-05-06,3
announcement,2026-05-07,4
announcement,2026-05-08,1
announcement,2026-05-09,1
announcement,2026-05-10,1
announcement,2026-05-11,1
announcement,2026-05-12,1
announcement,2026-05-13,1
announcement,2026-05-14,5
announcement,2026-05-15,1
announcement,2026-05-16,1
announcement,2026-05-17,1
chat,2019-04-01,83560
chat,2019-05-01,111397
chat,2019-06-01,111410
chat,2019-07-01,135939
chat,2019-08-01,114505
chat,2019-09-01,95008
chat,2019-10-01,101238
chat,2019-11-01,101620
chat,2019-12-01,82005
chat,2020-01-01,70888
chat,2020-02-01,84166
chat,2020-03-01,106946
chat,2020-04-01,115433
chat,2020-05-01,85964
chat,2020-06-01,89239
chat,2020-07-01,88138
chat,2020-08-01,97614
chat,2020-09-01,98890
chat,2020-10-01,79661
chat,2020-11-01,44405
chat,2020-12-01,63553
chat,2021-01-01,46348
chat,2021-02-01,52748
chat,2021-03-01,52779
chat,2021-04-01,43029
chat,2021-05-01,26687
chat,2021-06-01,30056
chat,2021-07-01,27472
chat,2021-08-01,33689
chat,2021-09-01,35359
chat,2021-10-01,46212
chat,2021-11-01,35422
chat,2021-12-01,36273
chat,2022-01-01,20625
chat,2022-02-01,18362
chat,2022-03-01,33314
chat,2022-04-01,25546
chat,2022-05-01,20987
chat,2022-06-01,21848
chat,2022-07-01,21212
chat,2022-08-01,24515
chat,2022-09-01,23101
chat,2022-10-01,12633
chat,2022-11-01,15231
chat,2022-12-01,15524
chat,2023-01-01,11530
chat,2023-02-01,14839
chat,2023-03-01,19594
chat,2023-04-01,7859
chat,2023-05-01,14583
chat,2023-06-01,12364
chat,2023-07-01,19619
chat,2023-08-01,15618
chat,2023-09-01,7114
chat,2023-10-01,7447
chat,2023-11-01,8930
chat,2023-12-01,17248
chat,2024-01-01,9884
chat,2024-02-01,9868
chat,2024-03-01,10618
chat,2024-04-01,8579
chat,2024-05-01,13927
chat,2024-06-01,4809
chat,2024-07-01,11230
chat,2024-08-01,11895
chat,2024-09-01,6093
chat,2024-10-01,10085
chat,2024-11-01,9875
chat,2024-12-01,8989
chat,2025-01-01,4396
chat,2025-02-01,6165
chat,2025-03-01,4581
chat,2025-04-01,3635
chat,2025-05-01,8388
chat,2025-06-01,2869
chat,2025-07-01,4412
chat,2025-08-01,5366
chat,2025-09-01,4101
chat,2025-10-01,3184
chat,2025-11-01,2709
chat,2025-12-01,8016
chat,2026-01-01,5173
chat,2026-02-01,5484
chat,2026-03-01,3671
chat,2026-03-08,2598
chat,2026-03-09,2977
chat,2026-03-10,5652
chat,2026-03-11,4198
chat,2026-03-12,6092
chat,2026-03-13,6078
chat,2026-03-14,2765
chat,2026-03-15,1651
chat,2026-03-19,3652
chat,2026-03-20,4764
chat,2026-03-21,3337
chat,2026-03-22,3049
chat,2026-03-23,5842
chat,2026-03-24,2157
chat,2026-03-27,951
chat,2026-03-28,3438
chat,2026-03-29,2934
chat,2026-03-30,3712
chat,2026-03-31,5754
chat,2026-04-01,3880
chat,2026-04-02,6404
chat,2026-04-03,3459
chat,2026-04-04,2029
chat,2026-04-05,1289
chat,2026-04-06,3959
chat,2026-04-07,5670
chat,2026-04-08,3302
chat,2026-04-09,3775
chat,2026-04-10,2446
chat,2026-04-11,1534
chat,2026-04-12,2674
chat,2026-04-13,3100
chat,2026-04-14,2869
chat,2026-04-15,2961
chat,2026-04-16,3082
chat,2026-04-17,4320
chat,2026-04-18,1012
chat,2026-04-19,1705
chat,2026-04-20,3565
chat,2026-04-21,2699
chat,2026-04-22,3297
chat,2026-04-23,2585
chat,2026-04-24,2082
chat,2026-04-25,2024
chat,2026-04-26,1009
chat,2026-04-27,1864
chat,2026-04-28,2506
chat,2026-04-29,3146
chat,2026-04-30,1578
chat,2026-05-01,1787
chat,2026-05-02,1648
chat,2026-05-03,1153
chat,2026-05-04,3012
chat,2026-05-05,1480
chat,2026-05-06,1896
chat,2026-05-07,1645
chat,2026-05-08,2670
chat,2026-05-09,812
chat,2026-05-10,1565
chat,2026-05-11,2465
chat,2026-05-12,1582
chat,2026-05-13,2193
chat,2026-05-14,2216
chat,2026-05-15,2372
chat,2026-05-16,1677
chat,2026-05-17,1493
chat,2026-05-18,2374
compositeIndex,2016-12-01,22373
compositeIndex,2016-12-02,34561
compositeIndex,2016-12-03,34561
compositeIndex,2016-12-04,34561
compositeIndex,2016-12-05,34561
compositeIndex,2016-12-06,34561
compositeIndex,2016-12-07,34561
compositeIndex,2016-12-08,34561
compositeIndex,2016-12-09,34561
compositeIndex,2016-12-10,34561
compositeIndex,2016-12-11,34561
compositeIndex,2016-12-12,34561
compositeIndex,2016-12-13,34561
compositeIndex,2016-12-14,34561
compositeIndex,2016-12-15,34561
compositeIndex,2016-12-16,34561
compositeIndex,2016-12-17,34561
compositeIndex,2016-12-18,42889
compositeIndex,2016-12-19,51841
compositeIndex,2016-12-20,51841
compositeIndex,2016-12-21,51841
compositeIndex,2016-12-22,51841
compositeIndex,2016-12-23,51841
compositeIndex,2016-12-24,51841
compositeIndex,2016-12-25,51841
compositeIndex,2016-12-26,51841
compositeIndex,2016-12-27,51841
compositeIndex,2016-12-28,51841
compositeIndex,2016-12-29,51841
compositeIndex,2016-12-30,51841
compositeIndex,2016-12-31,51841
compositeIndex,2017-01-01,51841
compositeIndex,2017-01-02,51841
compositeIndex,2017-01-03,51841
compositeIndex,2017-01-04,51841
compositeIndex,2017-01-05,51841
compositeIndex,2017-01-06,51841
compositeIndex,2017-01-07,51841
compositeIndex,2017-01-08,51841
compositeIndex,2017-01-09,51841
compositeIndex,2017-01-10,51841
compositeIndex,2017-01-11,51841
compositeIndex,2017-01-12,51841
compositeIndex,2017-01-13,51841
compositeIndex,2017-01-14,51841
compositeIndex,2017-01-15,51841
compositeIndex,2017-01-16,51841
compositeIndex,2017-01-17,51841
compositeIndex,2017-01-18,51841
compositeIndex,2017-01-19,51841
compositeIndex,2017-01-20,51841
compositeIndex,2017-01-21,51841
compositeIndex,2017-01-22,51841
compositeIndex,2017-01-23,51841
compositeIndex,2017-01-24,51841
compositeIndex,2017-01-25,51841
compositeIndex,2017-01-26,51841
compositeIndex,2017-01-27,51841
compositeIndex,2017-01-28,51841
compositeIndex,2017-01-29,51841
compositeIndex,2017-01-30,51841
compositeIndex,2017-01-31,51841
compositeIndex,2017-02-01,51841
compositeIndex,2017-02-02,51841
compositeIndex,2017-02-03,51841
compositeIndex,2017-02-04,51841
compositeIndex,2017-02-05,51841
compositeIndex,2017-02-06,51841
compositeIndex,2017-02-07,51841
compositeIndex,2017-02-08,51841
compositeIndex,2017-02-09,51841
compositeIndex,2017-02-10,51841
compositeIndex,2017-02-11,51841
compositeIndex,2017-02-12,51841
compositeIndex,2017-02-13,51841
compositeIndex,2017-02-14,51841
compositeIndex,2017-02-15,51841
compositeIndex,2017-02-16,51841
compositeIndex,2017-02-17,51841
compositeIndex,2017-02-18,51841
compositeIndex,2017-02-19,51841
compositeIndex,2017-02-20,51841
compositeIndex,2017-02-21,51841
compositeIndex,2017-02-22,51841
compositeIndex,2017-02-23,51841
compositeIndex,2017-02-24,51841
compositeIndex,2017-02-25,51841
compositeIndex,2017-02-26,51841
compositeIndex,2017-02-27,51841
compositeIndex,2017-02-28,51841
compositeIndex,2017-03-01,51841
compositeIndex,2017-03-02,51841
compositeIndex,2017-03-03,51841
compositeIndex,2017-03-04,51841
compositeIndex,2017-03-05,51841
compositeIndex,2017-03-06,51841
compositeIndex,2017-03-07,51841
compositeIndex,2017-03-08,51841
compositeIndex,2017-03-09,51841
compositeIndex,2017-03-10,51841
compositeIndex,2017-03-11,51841
compositeIndex,2017-03-12,51841
compositeIndex,2017-03-13,51841
compositeIndex,2017-03-14,59184
compositeIndex,2017-03-15,69121
compositeIndex,2017-03-16,69121
compositeIndex,2017-03-17,69121
compositeIndex,2017-03-18,69121
compositeIndex,2017-03-19,69121
compositeIndex,2017-03-20,69121
compositeIndex,2017-03-21,69121
compositeIndex,2017-03-22,69121
compositeIndex,2017-03-23,69121
compositeIndex,2017-03-24,69121
compositeIndex,2017-03-25,69121
compositeIndex,2017-03-26,69121
compositeIndex,2017-03-27,69121
compositeIndex,2017-03-28,69121
compositeIndex,2017-03-29,68504
compositeIndex,2017-03-30,69121
compositeIndex,2017-03-31,69121
compositeIndex,2017-04-01,69121
compositeIndex,2017-04-02,69121
compositeIndex,2017-04-03,69121
compositeIndex,2017-04-04,69121
compositeIndex,2017-04-05,69121
compositeIndex,2017-04-06,69121
compositeIndex,2017-04-07,69121
compositeIndex,2017-04-08,69121
compositeIndex,2017-04-09,69121
compositeIndex,2017-04-10,69121
compositeIndex,2017-04-11,69121
compositeIndex,2017-04-12,69121
compositeIndex,2017-04-13,69121
compositeIndex,2017-04-14,69121
compositeIndex,2017-04-15,69121
compositeIndex,2017-04-16,69121
compositeIndex,2017-04-17,69121
compositeIndex,2017-04-18,69121
compositeIndex,2017-04-19,69121
compositeIndex,2017-04-20,69121
compositeIndex,2017-04-21,71083
compositeIndex,2017-04-22,72001
compositeIndex,2017-04-23,72001
compositeIndex,2017-04-24,72001
compositeIndex,2017-04-25,72001
compositeIndex,2017-04-26,72001
compositeIndex,2017-04-27,72001
compositeIndex,2017-04-28,72001
compositeIndex,2017-04-29,72001
compositeIndex,2017-04-30,72001
compositeIndex,2017-05-01,72001
compositeIndex,2017-05-02,72001
compositeIndex,2017-05-03,72001
compositeIndex,2017-05-04,72001
compositeIndex,2017-05-05,72001
compositeIndex,2017-05-06,72001
compositeIndex,2017-05-07,72001
compositeIndex,2017-05-08,72001
compositeIndex,2017-05-09,83760
compositeIndex,2017-05-10,89281
compositeIndex,2017-05-11,89281
compositeIndex,2017-05-12,89281
compositeIndex,2017-05-13,89281
compositeIndex,2017-05-14,89281
compositeIndex,2017-05-15,89281
compositeIndex,2017-05-16,89281
compositeIndex,2017-05-17,89281
compositeIndex,2017-05-18,89281
compositeIndex,2017-05-19,89281
compositeIndex,2017-05-20,89281
compositeIndex,2017-05-21,89281
compositeIndex,2017-05-22,89281
compositeIndex,2017-05-23,89281
compositeIndex,2017-05-24,89281
compositeIndex,2017-05-25,89281
compositeIndex,2017-05-26,89281
compositeIndex,2017-05-27,89281
compositeIndex,2017-05-28,89281
compositeIndex,2017-05-29,89281
compositeIndex,2017-05-30,89281
compositeIndex,2017-05-31,89281
compositeIndex,2017-06-01,89281
compositeIndex,2017-06-02,89281
compositeIndex,2017-06-03,89281
compositeIndex,2017-06-04,89281
compositeIndex,2017-06-05,89281
compositeIndex,2017-06-06,89281
compositeIndex,2017-06-07,89281
compositeIndex,2017-06-08,89281
compositeIndex,2017-06-09,89281
compositeIndex,2017-06-10,89281
compositeIndex,2017-06-11,89281
compositeIndex,2017-06-12,89281
compositeIndex,2017-06-13,89281
compositeIndex,2017-06-14,89281
compositeIndex,2017-06-15,89281
compositeIndex,2017-06-16,89281
compositeIndex,2017-06-17,89281
compositeIndex,2017-06-18,89281
compositeIndex,2017-06-19,89281
compositeIndex,2017-06-20,89281
compositeIndex,2017-06-21,89281
compositeIndex,2017-06-22,89281
compositeIndex,2017-06-23,89281
compositeIndex,2017-06-24,89281
compositeIndex,2017-06-25,89281
compositeIndex,2017-06-26,89281
compositeIndex,2017-06-27,89281
compositeIndex,2017-06-28,89281
compositeIndex,2017-06-29,89281
compositeIndex,2017-06-30,89281
compositeIndex,2017-07-01,89281
compositeIndex,2017-07-02,89281
compositeIndex,2017-07-03,89281
compositeIndex,2017-07-04,89281
compositeIndex,2017-07-05,83686
compositeIndex,2017-07-06,86597
compositeIndex,2017-07-07,89289
compositeIndex,2017-07-08,89279
compositeIndex,2017-07-09,89288
compositeIndex,2017-07-10,89285
compositeIndex,2017-07-11,89278
compositeIndex,2017-07-12,89285
compositeIndex,2017-07-13,89283
compositeIndex,2017-07-14,89090
compositeIndex,2017-07-15,89283
compositeIndex,2017-07-16,89284
compositeIndex,2017-07-17,89291
compositeIndex,2017-07-18,89281
compositeIndex,2017-07-19,89283
compositeIndex,2017-07-20,89281
compositeIndex,2017-07-21,89281
compositeIndex,2017-07-22,89276
compositeIndex,2017-07-23,89284
compositeIndex,2017-07-24,89287
compositeIndex,2017-07-25,90573
compositeIndex,2017-07-26,90721
compositeIndex,2017-07-27,90719
compositeIndex,2017-07-28,90725
compositeIndex,2017-07-29,90724
compositeIndex,2017-07-30,90729
compositeIndex,2017-07-31,90727
compositeIndex,2017-08-01,90721
compositeIndex,2017-08-02,90505
compositeIndex,2017-08-03,90725
compositeIndex,2017-08-04,90724
compositeIndex,2017-08-05,90725
compositeIndex,2017-08-06,90724
compositeIndex,2017-08-07,90725
compositeIndex,2017-08-08,90725
compositeIndex,2017-08-09,90721
compositeIndex,2017-08-10,90721
compositeIndex,2017-08-11,90721
compositeIndex,2017-08-12,90721
compositeIndex,2017-08-13,90718
compositeIndex,2017-08-14,90725
compositeIndex,2017-08-15,90723
compositeIndex,2017-08-16,90721
compositeIndex,2017-08-17,90721
compositeIndex,2017-08-18,90721
compositeIndex,2017-08-19,90721
compositeIndex,2017-08-20,90722
compositeIndex,2017-08-21,90721
compositeIndex,2017-08-22,90721
compositeIndex,2017-08-23,90721
compositeIndex,2017-08-24,90721
compositeIndex,2017-08-25,90721
compositeIndex,2017-08-26,90721
compositeIndex,2017-08-27,90721
compositeIndex,2017-08-28,90721
compositeIndex,2017-08-29,90721
compositeIndex,2017-08-30,90721
compositeIndex,2017-08-31,90721
compositeIndex,2017-09-01,90721
compositeIndex,2017-09-02,90721
compositeIndex,2017-09-03,90723
compositeIndex,2017-09-04,90721
compositeIndex,2017-09-05,90721
compositeIndex,2017-09-06,90720
compositeIndex,2017-09-07,90722
compositeIndex,2017-09-08,90723
compositeIndex,2017-09-09,90721
compositeIndex,2017-09-10,90721
compositeIndex,2017-09-11,90719
compositeIndex,2017-09-12,90725
compositeIndex,2017-09-13,90721
compositeIndex,2017-09-14,90721
compositeIndex,2017-09-15,90721
compositeIndex,2017-09-16,90721
compositeIndex,2017-09-17,90721
compositeIndex,2017-09-18,90721
compositeIndex,2017-09-19,90721
compositeIndex,2017-09-20,90721
compositeIndex,2017-09-21,90721
compositeIndex,2017-09-22,90721
compositeIndex,2017-09-23,90721
compositeIndex,2017-09-24,90721
compositeIndex,2017-09-25,90721
compositeIndex,2017-09-26,90721
compositeIndex,2017-09-27,76968
compositeIndex,2017-09-28,73441
compositeIndex,2017-09-29,73441
compositeIndex,2017-09-30,73441
compositeIndex,2017-10-01,73440
compositeIndex,2017-10-02,73443
compositeIndex,2017-10-03,73441
compositeIndex,2017-10-04,73441
compositeIndex,2017-10-05,73441
compositeIndex,2017-10-06,73441
compositeIndex,2017-10-07,73441
compositeIndex,2017-10-08,73441
compositeIndex,2017-10-09,73441
compositeIndex,2017-10-10,73441
compositeIndex,2017-10-11,73441
compositeIndex,2017-10-12,73441
compositeIndex,2017-10-13,73441
compositeIndex,2017-10-14,73441
compositeIndex,2017-10-15,73441
compositeIndex,2017-10-16,73441
compositeIndex,2017-10-17,73441
compositeIndex,2017-10-18,73441
compositeIndex,2017-10-19,73441
compositeIndex,2017-10-20,73441
compositeIndex,2017-10-21,73441
compositeIndex,2017-10-22,73443
compositeIndex,2017-10-23,73441
compositeIndex,2017-10-24,73441
compositeIndex,2017-10-25,73441
compositeIndex,2017-10-26,73441
compositeIndex,2017-10-27,73441
compositeIndex,2017-10-28,73441
compositeIndex,2017-10-29,73441
compositeIndex,2017-10-30,73441
compositeIndex,2017-10-31,73439
compositeIndex,2017-11-01,73441
compositeIndex,2017-11-02,73441
compositeIndex,2017-11-03,73441
compositeIndex,2017-11-04,73439
compositeIndex,2017-11-05,73443
compositeIndex,2017-11-06,73441
compositeIndex,2017-11-07,73441
compositeIndex,2017-11-08,73440
compositeIndex,2017-11-09,73443
compositeIndex,2017-11-10,73440
compositeIndex,2017-11-11,73443
compositeIndex,2017-11-12,73441
compositeIndex,2017-11-13,73441
compositeIndex,2017-11-14,73441
compositeIndex,2017-11-15,73441
compositeIndex,2017-11-16,73441
compositeIndex,2017-11-17,73441
compositeIndex,2017-11-18,73441
compositeIndex,2017-11-19,73441
compositeIndex,2017-11-20,73441
compositeIndex,2017-11-21,73441
compositeIndex,2017-11-22,73441
compositeIndex,2017-11-23,73441
compositeIndex,2017-11-24,73440
compositeIndex,2017-11-25,73443
compositeIndex,2017-11-26,73441
compositeIndex,2017-11-27,73441
compositeIndex,2017-11-28,73439
compositeIndex,2017-11-29,73445
compositeIndex,2017-11-30,73441
compositeIndex,2017-12-01,73441
compositeIndex,2017-12-02,73441
compositeIndex,2017-12-03,73441
compositeIndex,2017-12-04,73441
compositeIndex,2017-12-05,73445
compositeIndex,2017-12-06,73441
compositeIndex,2017-12-07,73437
compositeIndex,2017-12-08,73444
compositeIndex,2017-12-09,73445
compositeIndex,2017-12-10,73441
compositeIndex,2017-12-11,73441
compositeIndex,2017-12-12,73441
compositeIndex,2017-12-13,73441
compositeIndex,2017-12-14,73441
compositeIndex,2017-12-15,73441
compositeIndex,2017-12-16,73441
compositeIndex,2017-12-17,73441
compositeIndex,2017-12-18,73441
compositeIndex,2017-12-19,73441
compositeIndex,2017-12-20,73441
compositeIndex,2017-12-21,73441
compositeIndex,2017-12-22,73441
compositeIndex,2017-12-23,73441
compositeIndex,2017-12-24,73441
compositeIndex,2017-12-25,73441
compositeIndex,2017-12-26,73441
compositeIndex,2017-12-27,73441
compositeIndex,2017-12-28,73441
compositeIndex,2017-12-29,73441
compositeIndex,2017-12-30,73441
compositeIndex,2017-12-31,73441
compositeIndex,2018-01-01,73441
compositeIndex,2018-01-02,73441
compositeIndex,2018-01-03,73442
compositeIndex,2018-01-04,73441
compositeIndex,2018-01-05,73441
compositeIndex,2018-01-06,73441
compositeIndex,2018-01-07,73442
compositeIndex,2018-01-08,73440
compositeIndex,2018-01-09,73442
compositeIndex,2018-01-10,73441
compositeIndex,2018-01-11,73441
compositeIndex,2018-01-12,73441
compositeIndex,2018-01-13,73438
compositeIndex,2018-01-14,73444
compositeIndex,2018-01-15,73443
compositeIndex,2018-01-16,73441
compositeIndex,2018-01-17,73441
compositeIndex,2018-01-18,73441
compositeIndex,2018-01-19,73441
compositeIndex,2018-01-20,73441
compositeIndex,2018-01-21,73441
compositeIndex,2018-01-22,73441
compositeIndex,2018-01-23,73441
compositeIndex,2018-01-24,73441
compositeIndex,2018-01-25,73441
compositeIndex,2018-01-26,73442
compositeIndex,2018-01-27,73441
compositeIndex,2018-01-28,73440
compositeIndex,2018-01-29,73443
compositeIndex,2018-01-30,73441
compositeIndex,2018-01-31,73441
compositeIndex,2018-02-01,73441
compositeIndex,2018-02-02,73441
compositeIndex,2018-02-03,73441
compositeIndex,2018-02-04,73441
compositeIndex,2018-02-05,73442
compositeIndex,2018-02-06,73441
compositeIndex,2018-02-07,73441
compositeIndex,2018-02-08,73441
compositeIndex,2018-02-09,73442
compositeIndex,2018-02-10,73441
compositeIndex,2018-02-11,73441
compositeIndex,2018-02-12,73441
compositeIndex,2018-02-13,73441
compositeIndex,2018-02-14,73441
compositeIndex,2018-02-15,73441
compositeIndex,2018-02-16,73441
compositeIndex,2018-02-17,73441
compositeIndex,2018-02-18,73441
compositeIndex,2018-02-19,73441
compositeIndex,2018-02-20,73441
compositeIndex,2018-02-21,73441
compositeIndex,2018-02-22,73441
compositeIndex,2018-02-23,73441
compositeIndex,2018-02-24,73441
compositeIndex,2018-02-25,73441
compositeIndex,2018-02-26,73441
compositeIndex,2018-02-27,73441
compositeIndex,2018-02-28,73441
compositeIndex,2018-03-01,73441
compositeIndex,2018-03-02,73441
compositeIndex,2018-03-03,73441
compositeIndex,2018-03-04,73441
compositeIndex,2018-03-05,73442
compositeIndex,2018-03-06,73441
compositeIndex,2018-03-07,73442
compositeIndex,2018-03-08,73441
compositeIndex,2018-03-09,73441
compositeIndex,2018-03-10,73441
compositeIndex,2018-03-11,73441
compositeIndex,2018-03-12,73441
compositeIndex,2018-03-13,73441
compositeIndex,2018-03-14,73441
compositeIndex,2018-03-15,73441
compositeIndex,2018-03-16,73441
compositeIndex,2018-03-17,73441
compositeIndex,2018-03-18,73441
compositeIndex,2018-03-19,73440
compositeIndex,2018-03-20,73443
compositeIndex,2018-03-21,73441
compositeIndex,2018-03-22,73443
compositeIndex,2018-03-23,73441
compositeIndex,2018-03-24,73441
compositeIndex,2018-03-25,73439
compositeIndex,2018-03-26,73444
compositeIndex,2018-03-27,73441
compositeIndex,2018-03-28,73439
compositeIndex,2018-03-29,73443
compositeIndex,2018-03-30,73439
compositeIndex,2018-03-31,73443
compositeIndex,2018-04-01,73441
compositeIndex,2018-04-02,73443
compositeIndex,2018-04-03,73441
compositeIndex,2018-04-04,73441
compositeIndex,2018-04-05,73442
compositeIndex,2018-04-06,73440
compositeIndex,2018-04-07,73442
compositeIndex,2018-04-08,73441
compositeIndex,2018-04-09,73441
compositeIndex,2018-04-10,73441
compositeIndex,2018-04-11,73443
compositeIndex,2018-04-12,73441
compositeIndex,2018-04-13,73441
compositeIndex,2018-04-14,73441
compositeIndex,2018-04-15,73441
compositeIndex,2018-04-16,73441
compositeIndex,2018-04-17,73442
compositeIndex,2018-04-18,73444
compositeIndex,2018-04-19,73441
compositeIndex,2018-04-20,73441
compositeIndex,2018-04-21,73441
compositeIndex,2018-04-22,73441
compositeIndex,2018-04-23,73441
compositeIndex,2018-04-24,73446
compositeIndex,2018-04-25,73441
compositeIndex,2018-04-26,73441
compositeIndex,2018-04-27,73441
compositeIndex,2018-04-28,73441
compositeIndex,2018-04-29,73441
compositeIndex,2018-04-30,73440
compositeIndex,2018-05-01,73442
compositeIndex,2018-05-02,73439
compositeIndex,2018-05-03,73443
compositeIndex,2018-05-04,73444
compositeIndex,2018-05-05,73445
compositeIndex,2018-05-06,73443
compositeIndex,2018-05-07,73445
compositeIndex,2018-05-08,73443
compositeIndex,2018-05-09,73442
compositeIndex,2018-05-10,73445
compositeIndex,2018-05-11,73443
compositeIndex,2018-05-12,73445
compositeIndex,2018-05-13,73441
compositeIndex,2018-05-14,73446
compositeIndex,2018-05-15,73442
compositeIndex,2018-05-16,73445
compositeIndex,2018-05-17,72908
compositeIndex,2018-05-18,73442
compositeIndex,2018-05-19,73446
compositeIndex,2018-05-20,73445
compositeIndex,2018-05-21,73444
compositeIndex,2018-05-22,68988
compositeIndex,2018-05-23,73443
compositeIndex,2018-05-24,73443
compositeIndex,2018-05-25,73445
compositeIndex,2018-05-26,73441
compositeIndex,2018-05-27,73444
compositeIndex,2018-05-28,73443
compositeIndex,2018-05-29,73443
compositeIndex,2018-05-30,73444
compositeIndex,2018-05-31,73442
compositeIndex,2018-06-01,73447
compositeIndex,2018-06-02,73444
compositeIndex,2018-06-03,73444
compositeIndex,2018-06-04,73443
compositeIndex,2018-06-05,73443
compositeIndex,2018-06-06,73445
compositeIndex,2018-06-07,73442
compositeIndex,2018-06-08,73444
compositeIndex,2018-06-09,73444
compositeIndex,2018-06-10,73444
compositeIndex,2018-06-11,73444
compositeIndex,2018-06-12,73445
compositeIndex,2018-06-13,73445
compositeIndex,2018-06-14,73444
compositeIndex,2018-06-15,73442
compositeIndex,2018-06-16,73444
compositeIndex,2018-06-17,73444
compositeIndex,2018-06-18,73445
compositeIndex,2018-06-19,73444
compositeIndex,2018-06-20,73444
compositeIndex,2018-06-21,73446
compositeIndex,2018-06-22,73443
compositeIndex,2018-06-23,73445
compositeIndex,2018-06-24,73442
compositeIndex,2018-06-25,73448
compositeIndex,2018-06-26,73444
compositeIndex,2018-06-27,73444
compositeIndex,2018-06-28,73443
compositeIndex,2018-06-29,73443
compositeIndex,2018-06-30,73443
compositeIndex,2018-07-01,73447
compositeIndex,2018-07-02,73445
compositeIndex,2018-07-03,73445
compositeIndex,2018-07-04,73444
compositeIndex,2018-07-05,73443
compositeIndex,2018-07-06,73443
compositeIndex,2018-07-07,73446
compositeIndex,2018-07-08,73440
compositeIndex,2018-07-09,73446
compositeIndex,2018-07-10,73444
compositeIndex,2018-07-11,73445
compositeIndex,2018-07-12,73443
compositeIndex,2018-07-13,73444
compositeIndex,2018-07-14,73444
compositeIndex,2018-07-15,73444
compositeIndex,2018-07-16,73442
compositeIndex,2018-07-17,73445
compositeIndex,2018-07-18,73443
compositeIndex,2018-07-19,73443
compositeIndex,2018-07-20,73443
compositeIndex,2018-07-21,73444
compositeIndex,2018-07-22,73441
compositeIndex,2018-07-23,73443
compositeIndex,2018-07-24,86049
compositeIndex,2018-07-25,90722
compositeIndex,2018-07-26,90726
compositeIndex,2018-07-27,90721
compositeIndex,2018-07-28,90722
compositeIndex,2018-07-29,90724
compositeIndex,2018-07-30,90726
compositeIndex,2018-07-31,90723
compositeIndex,2018-08-01,90723
compositeIndex,2018-08-02,90722
compositeIndex,2018-08-03,90724
compositeIndex,2018-08-04,90723
compositeIndex,2018-08-05,90722
compositeIndex,2018-08-06,90723
compositeIndex,2018-08-07,90723
compositeIndex,2018-08-08,90721
compositeIndex,2018-08-09,90724
compositeIndex,2018-08-10,90724
compositeIndex,2018-08-11,90724
compositeIndex,2018-08-12,90724
compositeIndex,2018-08-13,90724
compositeIndex,2018-08-14,90722
compositeIndex,2018-08-15,90723
compositeIndex,2018-08-16,90722
compositeIndex,2018-08-17,90723
compositeIndex,2018-08-18,90725
compositeIndex,2018-08-19,90724
compositeIndex,2018-08-20,90724
compositeIndex,2018-08-21,90724
compositeIndex,2018-08-22,87469
compositeIndex,2018-08-23,90725
compositeIndex,2018-08-24,90726
compositeIndex,2018-08-25,90724
compositeIndex,2018-08-26,90726
compositeIndex,2018-08-27,90725
compositeIndex,2018-08-28,90722
compositeIndex,2018-08-29,82391
compositeIndex,2018-08-30,90725
compositeIndex,2018-08-31,90724
compositeIndex,2018-09-01,84536
compositeIndex,2018-09-02,90723
compositeIndex,2018-09-03,90724
compositeIndex,2018-09-04,76382
compositeIndex,2018-09-05,89478
compositeIndex,2018-09-06,90722
compositeIndex,2018-09-07,90722
compositeIndex,2018-09-08,90725
compositeIndex,2018-09-09,90724
compositeIndex,2018-09-10,90724
compositeIndex,2018-09-11,90724
compositeIndex,2018-09-12,90722
compositeIndex,2018-09-13,90725
compositeIndex,2018-09-14,90721
compositeIndex,2018-09-15,90723
compositeIndex,2018-09-16,90723
compositeIndex,2018-09-17,90721
compositeIndex,2018-09-18,90722
compositeIndex,2018-09-19,90722
compositeIndex,2018-09-20,90724
compositeIndex,2018-09-21,90723
compositeIndex,2018-09-22,90724
compositeIndex,2018-09-23,90724
compositeIndex,2018-09-24,90724
compositeIndex,2018-09-25,164863
compositeIndex,2018-09-26,194405
compositeIndex,2018-09-27,194403
compositeIndex,2018-09-28,194404
compositeIndex,2018-09-29,194404
compositeIndex,2018-09-30,194406
compositeIndex,2018-10-01,194405
compositeIndex,2018-10-02,194406
compositeIndex,2018-10-03,194403
compositeIndex,2018-10-04,194403
compositeIndex,2018-10-05,194404
compositeIndex,2018-10-06,194404
compositeIndex,2018-10-07,194403
compositeIndex,2018-10-08,194403
compositeIndex,2018-10-09,194404
compositeIndex,2018-10-10,194405
compositeIndex,2018-10-11,194405
compositeIndex,2018-10-12,194405
compositeIndex,2018-10-13,194406
compositeIndex,2018-10-14,194406
compositeIndex,2018-10-15,194403
compositeIndex,2018-10-16,194407
compositeIndex,2018-10-17,194404
compositeIndex,2018-10-18,194403
compositeIndex,2018-10-19,194404
compositeIndex,2018-10-20,194404
compositeIndex,2018-10-21,194406
compositeIndex,2018-10-22,194402
compositeIndex,2018-10-23,194402
compositeIndex,2018-10-24,194404
compositeIndex,2018-10-25,193991
compositeIndex,2018-10-26,183765
compositeIndex,2018-10-27,194406
compositeIndex,2018-10-28,194404
compositeIndex,2018-10-29,194402
compositeIndex,2018-10-30,194403
compositeIndex,2018-10-31,194405
compositeIndex,2018-11-01,194404
compositeIndex,2018-11-02,194404
compositeIndex,2018-11-03,194405
compositeIndex,2018-11-04,194404
compositeIndex,2018-11-05,194404
compositeIndex,2018-11-06,194405
compositeIndex,2018-11-07,194405
compositeIndex,2018-11-08,194405
compositeIndex,2018-11-09,194403
compositeIndex,2018-11-10,194402
compositeIndex,2018-11-11,194405
compositeIndex,2018-11-12,194402
compositeIndex,2018-11-13,194405
compositeIndex,2018-11-14,194405
compositeIndex,2018-11-15,194403
compositeIndex,2018-11-16,194402
compositeIndex,2018-11-17,194406
compositeIndex,2018-11-18,194403
compositeIndex,2018-11-19,194406
compositeIndex,2018-11-20,194400
compositeIndex,2018-11-21,194406
compositeIndex,2018-11-22,194403
compositeIndex,2018-11-23,194402
compositeIndex,2018-11-24,194404
compositeIndex,2018-11-25,194405
compositeIndex,2018-11-26,194404
compositeIndex,2018-11-27,194402
compositeIndex,2018-11-28,194404
compositeIndex,2018-11-29,194404
compositeIndex,2018-11-30,194404
compositeIndex,2018-12-01,194404
compositeIndex,2018-12-02,194403
compositeIndex,2018-12-03,194404
compositeIndex,2018-12-04,194403
compositeIndex,2018-12-05,194402
compositeIndex,2018-12-06,194403
compositeIndex,2018-12-07,194403
compositeIndex,2018-12-08,194403
compositeIndex,2018-12-09,194404
compositeIndex,2018-12-10,194403
compositeIndex,2018-12-11,194405
compositeIndex,2018-12-12,194402
compositeIndex,2018-12-13,194405
compositeIndex,2018-12-14,194405
compositeIndex,2018-12-15,194406
compositeIndex,2018-12-16,194403
compositeIndex,2018-12-17,194404
compositeIndex,2018-12-18,194402
compositeIndex,2018-12-19,194404
compositeIndex,2018-12-20,194404
compositeIndex,2018-12-21,194404
compositeIndex,2018-12-22,194404
compositeIndex,2018-12-23,194405
compositeIndex,2018-12-24,194404
compositeIndex,2018-12-25,194404
compositeIndex,2018-12-26,194405
compositeIndex,2018-12-27,194404
compositeIndex,2018-12-28,194404
compositeIndex,2018-12-29,194404
compositeIndex,2018-12-30,194406
compositeIndex,2018-12-31,194402
compositeIndex,2019-01-01,194404
compositeIndex,2019-01-02,194401
compositeIndex,2019-01-03,194403
compositeIndex,2019-01-04,194405
compositeIndex,2019-01-05,40517
compositeIndex,2019-01-07,10406
compositeIndex,2019-01-08,197361
compositeIndex,2019-01-09,187325
compositeIndex,2019-01-10,194405
compositeIndex,2019-01-11,194403
compositeIndex,2019-01-12,194403
compositeIndex,2019-01-13,194402
compositeIndex,2019-01-14,194406
compositeIndex,2019-01-15,194404
compositeIndex,2019-01-16,194402
compositeIndex,2019-01-17,194403
compositeIndex,2019-01-18,194403
compositeIndex,2019-01-19,194406
compositeIndex,2019-01-20,194406
compositeIndex,2019-01-21,194403
compositeIndex,2019-01-22,194404
compositeIndex,2019-01-23,194402
compositeIndex,2019-01-24,194404
compositeIndex,2019-01-25,194406
compositeIndex,2019-01-26,194406
compositeIndex,2019-01-27,194404
compositeIndex,2019-01-28,194405
compositeIndex,2019-01-29,194404
compositeIndex,2019-01-30,194405
compositeIndex,2019-01-31,194405
compositeIndex,2019-02-01,194405
compositeIndex,2019-02-02,194402
compositeIndex,2019-02-03,194404
compositeIndex,2019-02-04,194405
compositeIndex,2019-02-05,194405
compositeIndex,2019-02-06,194403
compositeIndex,2019-02-07,194405
compositeIndex,2019-02-08,194404
compositeIndex,2019-02-09,194404
compositeIndex,2019-02-10,194404
compositeIndex,2019-02-11,194405
compositeIndex,2019-02-12,194403
compositeIndex,2019-02-13,194406
compositeIndex,2019-02-14,194406
compositeIndex,2019-02-15,194404
compositeIndex,2019-02-16,194405
compositeIndex,2019-02-17,194404
compositeIndex,2019-02-18,194403
compositeIndex,2019-02-19,194405
compositeIndex,2019-02-20,194404
compositeIndex,2019-02-21,194404
compositeIndex,2019-02-22,194404
compositeIndex,2019-02-23,194403
compositeIndex,2019-02-24,194405
compositeIndex,2019-02-25,194404
compositeIndex,2019-02-26,194405
compositeIndex,2019-02-27,194405
compositeIndex,2019-02-28,194404
compositeIndex,2019-03-01,194406
compositeIndex,2019-03-02,194402
compositeIndex,2019-03-03,194404
compositeIndex,2019-03-04,194406
compositeIndex,2019-03-05,194404
compositeIndex,2019-03-06,194403
compositeIndex,2019-03-07,194403
compositeIndex,2019-03-08,194406
compositeIndex,2019-03-09,194405
compositeIndex,2019-03-10,194404
compositeIndex,2019-03-11,194406
compositeIndex,2019-03-12,194403
compositeIndex,2019-03-13,194403
compositeIndex,2019-03-14,194406
compositeIndex,2019-03-15,194406
compositeIndex,2019-03-16,194404
compositeIndex,2019-03-17,194404
compositeIndex,2019-03-18,194404
compositeIndex,2019-03-19,194405
compositeIndex,2019-03-20,194405
compositeIndex,2019-03-21,194405
compositeIndex,2019-03-22,194406
compositeIndex,2019-03-23,194404
compositeIndex,2019-03-24,194402
compositeIndex,2019-03-25,194404
compositeIndex,2019-03-26,194404
compositeIndex,2019-03-27,194403
compositeIndex,2019-03-28,194406
compositeIndex,2019-03-29,194404
compositeIndex,2019-03-30,194404
compositeIndex,2019-03-31,194402
compositeIndex,2019-04-01,194405
compositeIndex,2019-04-02,194404
compositeIndex,2019-04-03,194402
compositeIndex,2019-04-04,194404
compositeIndex,2019-04-05,194403
compositeIndex,2019-04-06,194403
compositeIndex,2019-04-07,194406
compositeIndex,2019-04-08,194403
compositeIndex,2019-04-09,194404
compositeIndex,2019-04-10,194406
compositeIndex,2019-04-11,194402
compositeIndex,2019-04-12,194401
compositeIndex,2019-04-13,194406
compositeIndex,2019-04-14,194406
compositeIndex,2019-04-15,194405
compositeIndex,2019-04-16,194405
compositeIndex,2019-04-17,194403
compositeIndex,2019-04-18,194404
compositeIndex,2019-04-19,194404
compositeIndex,2019-04-20,194405
compositeIndex,2019-04-21,194404
compositeIndex,2019-04-22,194405
compositeIndex,2019-04-23,194405
compositeIndex,2019-04-24,194402
compositeIndex,2019-04-25,194406
compositeIndex,2019-04-26,194405
compositeIndex,2019-04-27,194404
compositeIndex,2019-04-28,194403
compositeIndex,2019-04-29,194404
compositeIndex,2019-04-30,194404
compositeIndex,2019-05-01,194405
compositeIndex,2019-05-02,194405
compositeIndex,2019-05-03,194405
compositeIndex,2019-05-04,194404
compositeIndex,2019-05-05,194404
compositeIndex,2019-05-06,194402
compositeIndex,2019-05-07,194405
compositeIndex,2019-05-08,194404
compositeIndex,2019-05-09,194405
compositeIndex,2019-05-10,194403
compositeIndex,2019-05-11,194404
compositeIndex,2019-05-12,194402
compositeIndex,2019-05-13,194404
compositeIndex,2019-05-14,194404
compositeIndex,2019-05-15,194405
compositeIndex,2019-05-16,194405
compositeIndex,2019-05-17,194403
compositeIndex,2019-05-18,194405
compositeIndex,2019-05-19,194403
compositeIndex,2019-05-20,194405
compositeIndex,2019-05-21,194405
compositeIndex,2019-05-22,194404
compositeIndex,2019-05-23,194404
compositeIndex,2019-05-24,194405
compositeIndex,2019-05-25,194404
compositeIndex,2019-05-26,194403
compositeIndex,2019-05-27,193055
compositeIndex,2019-05-28,194403
compositeIndex,2019-05-29,194405
compositeIndex,2019-05-30,194404
compositeIndex,2019-05-31,194406
compositeIndex,2019-06-01,194404
compositeIndex,2019-06-02,194406
compositeIndex,2019-06-03,194404
compositeIndex,2019-06-04,194406
compositeIndex,2019-06-05,194404
compositeIndex,2019-06-06,194403
compositeIndex,2019-06-07,194406
compositeIndex,2019-06-08,194403
compositeIndex,2019-06-09,194404
compositeIndex,2019-06-10,194400
compositeIndex,2019-06-11,194400
compositeIndex,2019-06-12,194404
compositeIndex,2019-06-13,194403
compositeIndex,2019-06-14,194404
compositeIndex,2019-06-15,194405
compositeIndex,2019-06-16,194405
compositeIndex,2019-06-17,194405
compositeIndex,2019-06-18,194406
compositeIndex,2019-06-19,194405
compositeIndex,2019-06-20,194404
compositeIndex,2019-06-21,194405
compositeIndex,2019-06-22,194402
compositeIndex,2019-06-23,194404
compositeIndex,2019-06-24,208826
compositeIndex,2019-06-25,213124
compositeIndex,2019-06-26,213121
compositeIndex,2019-06-27,213124
compositeIndex,2019-06-28,213125
compositeIndex,2019-06-29,213124
compositeIndex,2019-06-30,213126
compositeIndex,2019-07-01,213123
compositeIndex,2019-07-02,213123
compositeIndex,2019-07-03,213123
compositeIndex,2019-07-04,213125
compositeIndex,2019-07-05,213126
compositeIndex,2019-07-06,213125
compositeIndex,2019-07-07,213125
compositeIndex,2019-07-08,213124
compositeIndex,2019-07-09,213125
compositeIndex,2019-07-10,213122
compositeIndex,2019-07-11,213125
compositeIndex,2019-07-12,213125
compositeIndex,2019-07-13,213121
compositeIndex,2019-07-14,213122
compositeIndex,2019-07-15,213119
compositeIndex,2019-07-16,213125
compositeIndex,2019-07-17,213125
compositeIndex,2019-07-18,213126
compositeIndex,2019-07-19,213124
compositeIndex,2019-07-20,213122
compositeIndex,2019-07-21,213124
compositeIndex,2019-07-22,213123
compositeIndex,2019-07-23,213125
compositeIndex,2019-07-24,213124
compositeIndex,2019-07-25,213124
compositeIndex,2019-07-26,213124
compositeIndex,2019-07-27,213124
compositeIndex,2019-07-28,213126
compositeIndex,2019-07-29,213125
compositeIndex,2019-07-30,213127
compositeIndex,2019-07-31,213123
compositeIndex,2019-08-01,213124
compositeIndex,2019-08-02,213125
compositeIndex,2019-08-03,213126
compositeIndex,2019-08-04,213125
compositeIndex,2019-08-05,213126
compositeIndex,2019-08-06,213121
compositeIndex,2019-08-07,213125
compositeIndex,2019-08-08,213122
compositeIndex,2019-08-09,213121
compositeIndex,2019-08-10,213122
compositeIndex,2019-08-11,213123
compositeIndex,2019-08-12,213125
compositeIndex,2019-08-13,213127
compositeIndex,2019-08-14,213125
compositeIndex,2019-08-15,213125
compositeIndex,2019-08-16,213124
compositeIndex,2019-08-17,213125
compositeIndex,2019-08-18,213121
compositeIndex,2019-08-19,213125
compositeIndex,2019-08-20,213123
compositeIndex,2019-08-21,213124
compositeIndex,2019-08-22,199910
compositeIndex,2019-08-23,195841
compositeIndex,2019-08-24,195843
compositeIndex,2019-08-25,195841
compositeIndex,2019-08-26,195842
compositeIndex,2019-08-27,195842
compositeIndex,2019-08-28,195842
compositeIndex,2019-08-29,195841
compositeIndex,2019-08-30,195841
compositeIndex,2019-08-31,195842
compositeIndex,2019-09-01,195841
compositeIndex,2019-09-02,195841
compositeIndex,2019-09-03,195842
compositeIndex,2019-09-04,195841
compositeIndex,2019-09-05,195842
compositeIndex,2019-09-06,195841
compositeIndex,2019-09-07,195840
compositeIndex,2019-09-08,195842
compositeIndex,2019-09-09,195841
compositeIndex,2019-09-10,195840
compositeIndex,2019-09-11,195843
compositeIndex,2019-09-12,195841
compositeIndex,2019-09-13,195842
compositeIndex,2019-09-14,195841
compositeIndex,2019-09-15,195841
compositeIndex,2019-09-16,195842
compositeIndex,2019-09-17,195841
compositeIndex,2019-09-18,195841
compositeIndex,2019-09-19,195841
compositeIndex,2019-09-20,195841
compositeIndex,2019-09-21,195841
compositeIndex,2019-09-22,195842
compositeIndex,2019-09-23,195841
compositeIndex,2019-09-24,195841
compositeIndex,2019-09-25,195841
compositeIndex,2019-09-26,195843
compositeIndex,2019-09-27,195842
compositeIndex,2019-09-28,195841
compositeIndex,2019-09-29,195841
compositeIndex,2019-09-30,195841
compositeIndex,2019-10-01,195841
compositeIndex,2019-10-02,195842
compositeIndex,2019-10-03,195840
compositeIndex,2019-10-04,195841
compositeIndex,2019-10-05,195843
compositeIndex,2019-10-06,195841
compositeIndex,2019-10-07,195841
compositeIndex,2019-10-08,195841
compositeIndex,2019-10-09,195841
compositeIndex,2019-10-10,195841
compositeIndex,2019-10-11,195842
compositeIndex,2019-10-12,195841
compositeIndex,2019-10-13,195841
compositeIndex,2019-10-14,195840
compositeIndex,2019-10-15,195842
compositeIndex,2019-10-16,195841
compositeIndex,2019-10-17,195841
compositeIndex,2019-10-18,195841
compositeIndex,2019-10-19,195841
compositeIndex,2019-10-20,195841
compositeIndex,2019-10-21,195841
compositeIndex,2019-10-22,195841
compositeIndex,2019-10-23,195841
compositeIndex,2019-10-24,195841
compositeIndex,2019-10-25,195841
compositeIndex,2019-10-26,195841
compositeIndex,2019-10-27,195840
compositeIndex,2019-10-28,195842
compositeIndex,2019-10-29,195841
compositeIndex,2019-10-30,195841
compositeIndex,2019-10-31,321029
compositeIndex,2019-11-01,351361
compositeIndex,2019-11-02,351363
compositeIndex,2019-11-03,351361
compositeIndex,2019-11-04,351363
compositeIndex,2019-11-05,351361
compositeIndex,2019-11-06,351361
compositeIndex,2019-11-07,351360
compositeIndex,2019-11-08,351363
compositeIndex,2019-11-09,351361
compositeIndex,2019-11-10,351364
compositeIndex,2019-11-11,351361
compositeIndex,2019-11-12,351361
compositeIndex,2019-11-13,349835
compositeIndex,2019-11-14,351363
compositeIndex,2019-11-15,351363
compositeIndex,2019-11-16,351361
compositeIndex,2019-11-17,351361
compositeIndex,2019-11-18,351361
compositeIndex,2019-11-19,351361
compositeIndex,2019-11-20,351361
compositeIndex,2019-11-21,351360
compositeIndex,2019-11-22,351362
compositeIndex,2019-11-23,351360
compositeIndex,2019-11-24,351362
compositeIndex,2019-11-25,351361
compositeIndex,2019-11-26,351360
compositeIndex,2019-11-27,351362
compositeIndex,2019-11-28,351361
compositeIndex,2019-11-29,351361
compositeIndex,2019-11-30,351363
compositeIndex,2019-12-01,351361
compositeIndex,2019-12-02,351361
compositeIndex,2019-12-03,351361
compositeIndex,2019-12-04,351361
compositeIndex,2019-12-05,351361
compositeIndex,2019-12-06,351361
compositeIndex,2019-12-07,351360
compositeIndex,2019-12-08,351363
compositeIndex,2019-12-09,351361
compositeIndex,2019-12-10,351361
compositeIndex,2019-12-11,351361
compositeIndex,2019-12-12,351360
compositeIndex,2019-12-13,351363
compositeIndex,2019-12-14,351361
compositeIndex,2019-12-15,351361
compositeIndex,2019-12-16,351361
compositeIndex,2019-12-17,351361
compositeIndex,2019-12-18,351361
compositeIndex,2019-12-19,351361
compositeIndex,2019-12-20,351362
compositeIndex,2019-12-21,351362
compositeIndex,2019-12-22,351363
compositeIndex,2019-12-23,351360
compositeIndex,2019-12-24,351360
compositeIndex,2019-12-25,351363
compositeIndex,2019-12-26,351361
compositeIndex,2019-12-27,351363
compositeIndex,2019-12-28,351361
compositeIndex,2019-12-29,351360
compositeIndex,2019-12-30,351363
compositeIndex,2019-12-31,351361
compositeIndex,2020-01-01,351361
compositeIndex,2020-01-02,351361
compositeIndex,2020-01-03,351361
compositeIndex,2020-01-04,351359
compositeIndex,2020-01-05,351362
compositeIndex,2020-01-06,351362
compositeIndex,2020-01-07,351361
compositeIndex,2020-01-08,351361
compositeIndex,2020-01-09,351361
compositeIndex,2020-01-10,351361
compositeIndex,2020-01-11,351361
compositeIndex,2020-01-12,351361
compositeIndex,2020-01-13,351361
compositeIndex,2020-01-14,351361
compositeIndex,2020-01-15,351361
compositeIndex,2020-01-16,351361
compositeIndex,2020-01-17,351361
compositeIndex,2020-01-18,351359
compositeIndex,2020-01-19,351363
compositeIndex,2020-01-20,351360
compositeIndex,2020-01-21,351362
compositeIndex,2020-01-22,351360
compositeIndex,2020-01-23,351363
compositeIndex,2020-01-24,351360
compositeIndex,2020-01-25,351364
compositeIndex,2020-01-26,351361
compositeIndex,2020-01-27,351363
compositeIndex,2020-01-28,351361
compositeIndex,2020-01-29,365000
compositeIndex,2020-01-30,368643
compositeIndex,2020-01-31,368641
compositeIndex,2020-02-01,368640
compositeIndex,2020-02-02,368643
compositeIndex,2020-02-03,368643
compositeIndex,2020-02-04,368641
compositeIndex,2020-02-05,368643
compositeIndex,2020-02-06,368641
compositeIndex,2020-02-07,368641
compositeIndex,2020-02-08,368638
compositeIndex,2020-02-09,368646
compositeIndex,2020-02-10,368641
compositeIndex,2020-02-11,368641
compositeIndex,2020-02-12,368643
compositeIndex,2020-02-13,368641
compositeIndex,2020-02-14,368641
compositeIndex,2020-02-15,368641
compositeIndex,2020-02-16,368641
compositeIndex,2020-02-17,368641
compositeIndex,2020-02-18,368641
compositeIndex,2020-02-19,368641
compositeIndex,2020-02-20,368640
compositeIndex,2020-02-21,368642
compositeIndex,2020-02-22,368642
compositeIndex,2020-02-23,368645
compositeIndex,2020-02-24,368641
compositeIndex,2020-02-25,368641
compositeIndex,2020-02-26,368641
compositeIndex,2020-02-27,368641
compositeIndex,2020-02-28,368641
compositeIndex,2020-02-29,368639
compositeIndex,2020-03-01,368643
compositeIndex,2020-03-02,368641
compositeIndex,2020-03-03,368638
compositeIndex,2020-03-04,368644
compositeIndex,2020-03-05,368643
compositeIndex,2020-03-06,368641
compositeIndex,2020-03-07,368641
compositeIndex,2020-03-08,368641
compositeIndex,2020-03-09,368641
compositeIndex,2020-03-10,368641
compositeIndex,2020-03-11,368641
compositeIndex,2020-03-12,368641
compositeIndex,2020-03-13,368641
compositeIndex,2020-03-14,368641
compositeIndex,2020-03-15,368641
compositeIndex,2020-03-16,368640
compositeIndex,2020-03-17,368643
compositeIndex,2020-03-18,368641
compositeIndex,2020-03-19,368641
compositeIndex,2020-03-20,368641
compositeIndex,2020-03-21,368640
compositeIndex,2020-03-22,368642
compositeIndex,2020-03-23,368641
compositeIndex,2020-03-24,368641
compositeIndex,2020-03-25,368641
compositeIndex,2020-03-26,368641
compositeIndex,2020-03-27,368641
compositeIndex,2020-03-28,368641
compositeIndex,2020-03-29,368643
compositeIndex,2020-03-30,368641
compositeIndex,2020-03-31,368641
compositeIndex,2020-04-01,368641
compositeIndex,2020-04-02,368641
compositeIndex,2020-04-03,368641
compositeIndex,2020-04-04,368641
compositeIndex,2020-04-05,368641
compositeIndex,2020-04-06,368641
compositeIndex,2020-04-07,368641
compositeIndex,2020-04-08,368641
compositeIndex,2020-04-09,368641
compositeIndex,2020-04-10,368641
compositeIndex,2020-04-11,368641
compositeIndex,2020-04-12,368641
compositeIndex,2020-04-13,368641
compositeIndex,2020-04-14,368641
compositeIndex,2020-04-15,368641
compositeIndex,2020-04-16,368641
compositeIndex,2020-04-17,368641
compositeIndex,2020-04-18,368640
compositeIndex,2020-04-19,368643
compositeIndex,2020-04-20,368641
compositeIndex,2020-04-21,368641
compositeIndex,2020-04-22,368641
compositeIndex,2020-04-23,368641
compositeIndex,2020-04-24,368639
compositeIndex,2020-04-25,368642
compositeIndex,2020-04-26,368643
compositeIndex,2020-04-27,368640
compositeIndex,2020-04-28,368645
compositeIndex,2020-04-29,368641
compositeIndex,2020-04-30,368641
compositeIndex,2020-05-01,368641
compositeIndex,2020-05-02,368641
compositeIndex,2020-05-03,368643
compositeIndex,2020-05-04,368641
compositeIndex,2020-05-05,368640
compositeIndex,2020-05-06,368643
compositeIndex,2020-05-07,368641
compositeIndex,2020-05-08,368641
compositeIndex,2020-05-09,368641
compositeIndex,2020-05-10,368641
compositeIndex,2020-05-11,368641
compositeIndex,2020-05-12,368641
compositeIndex,2020-05-13,368641
compositeIndex,2020-05-14,368641
compositeIndex,2020-05-15,368641
compositeIndex,2020-05-16,368641
compositeIndex,2020-05-17,368641
compositeIndex,2020-05-18,368641
compositeIndex,2020-05-19,368125
compositeIndex,2020-05-20,368641
compositeIndex,2020-05-21,368641
compositeIndex,2020-05-22,368640
compositeIndex,2020-05-23,368643
compositeIndex,2020-05-24,368643
compositeIndex,2020-05-25,368639
compositeIndex,2020-05-26,368645
compositeIndex,2020-05-27,368640
compositeIndex,2020-05-28,368643
compositeIndex,2020-05-29,368641
compositeIndex,2020-05-30,368643
compositeIndex,2020-05-31,368640
compositeIndex,2020-06-01,368643
compositeIndex,2020-06-02,368641
compositeIndex,2020-06-03,368641
compositeIndex,2020-06-04,368641
compositeIndex,2020-06-05,368641
compositeIndex,2020-06-06,368641
compositeIndex,2020-06-07,368640
compositeIndex,2020-06-08,368643
compositeIndex,2020-06-09,368640
compositeIndex,2020-06-10,385201
compositeIndex,2020-06-11,400452
compositeIndex,2020-06-12,404629
compositeIndex,2020-06-13,404642
compositeIndex,2020-06-14,404652
compositeIndex,2020-06-15,404621
compositeIndex,2020-06-16,404669
compositeIndex,2020-06-17,404631
compositeIndex,2020-06-18,404661
compositeIndex,2020-06-19,404654
compositeIndex,2020-06-20,404637
compositeIndex,2020-06-21,404638
compositeIndex,2020-06-22,404658
compositeIndex,2020-06-23,404643
compositeIndex,2020-06-24,404637
compositeIndex,2020-06-25,404644
compositeIndex,2020-06-26,404634
compositeIndex,2020-06-27,404648
compositeIndex,2020-06-28,404657
compositeIndex,2020-06-29,404640
compositeIndex,2020-06-30,404630
compositeIndex,2020-07-01,404644
compositeIndex,2020-07-02,404647
compositeIndex,2020-07-03,404642
compositeIndex,2020-07-04,404645
compositeIndex,2020-07-05,404652
compositeIndex,2020-07-06,404649
compositeIndex,2020-07-07,404654
compositeIndex,2020-07-08,404649
compositeIndex,2020-07-09,404619
compositeIndex,2020-07-10,404664
compositeIndex,2020-07-11,404643
compositeIndex,2020-07-12,404629
compositeIndex,2020-07-13,404655
compositeIndex,2020-07-14,404639
compositeIndex,2020-07-15,404641
compositeIndex,2020-07-16,404643
compositeIndex,2020-07-17,404625
compositeIndex,2020-07-18,404653
compositeIndex,2020-07-19,404648
compositeIndex,2020-07-20,404661
compositeIndex,2020-07-21,405815
compositeIndex,2020-07-22,406082
compositeIndex,2020-07-23,406080
compositeIndex,2020-07-24,406088
compositeIndex,2020-07-25,406087
compositeIndex,2020-07-26,406072
compositeIndex,2020-07-27,406099
compositeIndex,2020-07-28,434421
compositeIndex,2020-07-29,440640
compositeIndex,2020-07-30,440649
compositeIndex,2020-07-31,440645
compositeIndex,2020-08-01,440642
compositeIndex,2020-08-02,440640
compositeIndex,2020-08-03,440641
compositeIndex,2020-08-04,440632
compositeIndex,2020-08-05,440655
compositeIndex,2020-08-06,440635
compositeIndex,2020-08-07,440641
compositeIndex,2020-08-08,440652
compositeIndex,2020-08-09,440630
compositeIndex,2020-08-10,440651
compositeIndex,2020-08-11,440643
compositeIndex,2020-08-12,440641
compositeIndex,2020-08-13,440641
compositeIndex,2020-08-14,440641
compositeIndex,2020-08-15,440639
compositeIndex,2020-08-16,440643
compositeIndex,2020-08-17,440641
compositeIndex,2020-08-18,440641
compositeIndex,2020-08-19,440636
compositeIndex,2020-08-20,440643
compositeIndex,2020-08-21,440649
compositeIndex,2020-08-22,440646
compositeIndex,2020-08-23,440655
compositeIndex,2020-08-24,440672
compositeIndex,2020-08-25,440668
compositeIndex,2020-08-26,440660
compositeIndex,2020-08-27,440672
compositeIndex,2020-08-28,440632
compositeIndex,2020-08-29,440653
compositeIndex,2020-08-30,440631
compositeIndex,2020-08-31,440657
compositeIndex,2020-09-01,440647
compositeIndex,2020-09-02,440640
compositeIndex,2020-09-03,440643
compositeIndex,2020-09-04,606221
compositeIndex,2020-09-05,613452
compositeIndex,2020-09-06,613431
compositeIndex,2020-09-07,613462
compositeIndex,2020-09-08,613441
compositeIndex,2020-09-09,613435
compositeIndex,2020-09-10,613457
compositeIndex,2020-09-11,613431
compositeIndex,2020-09-12,613467
compositeIndex,2020-09-13,613440
compositeIndex,2020-09-14,613442
compositeIndex,2020-09-15,613440
compositeIndex,2020-09-16,613436
compositeIndex,2020-09-17,613456
compositeIndex,2020-09-18,613443
compositeIndex,2020-09-19,613448
compositeIndex,2020-09-20,613445
compositeIndex,2020-09-21,613441
compositeIndex,2020-09-22,613443
compositeIndex,2020-09-23,613442
compositeIndex,2020-09-24,613444
compositeIndex,2020-09-25,613449
compositeIndex,2020-09-26,613436
compositeIndex,2020-09-27,613441
compositeIndex,2020-09-28,613439
compositeIndex,2020-09-29,613448
compositeIndex,2020-09-30,613461
compositeIndex,2020-10-01,613459
compositeIndex,2020-10-02,613442
compositeIndex,2020-10-03,613434
compositeIndex,2020-10-04,613421
compositeIndex,2020-10-05,613491
compositeIndex,2020-10-06,613439
compositeIndex,2020-10-07,613447
compositeIndex,2020-10-08,613442
compositeIndex,2020-10-09,613428
compositeIndex,2020-10-10,613455
compositeIndex,2020-10-11,613452
compositeIndex,2020-10-12,613438
compositeIndex,2020-10-13,613450
compositeIndex,2020-10-14,615852
compositeIndex,2020-10-15,616324
compositeIndex,2020-10-16,616323
compositeIndex,2020-10-17,616317
compositeIndex,2020-10-18,616319
compositeIndex,2020-10-19,616330
compositeIndex,2020-10-20,616339
compositeIndex,2020-10-21,616325
compositeIndex,2020-10-22,616321
compositeIndex,2020-10-23,616321
compositeIndex,2020-10-24,616309
compositeIndex,2020-10-25,616333
compositeIndex,2020-10-26,616322
compositeIndex,2020-10-27,616322
compositeIndex,2020-10-28,702710
compositeIndex,2020-10-29,720008
compositeIndex,2020-10-30,720012
compositeIndex,2020-10-31,720012
compositeIndex,2020-11-01,720017
compositeIndex,2020-11-02,719992
compositeIndex,2020-11-03,720014
compositeIndex,2020-11-04,720001
compositeIndex,2020-11-05,720003
compositeIndex,2020-11-06,720004
compositeIndex,2020-11-07,720003
compositeIndex,2020-11-08,719993
compositeIndex,2020-11-09,720016
compositeIndex,2020-11-10,720003
compositeIndex,2020-11-11,719997
compositeIndex,2020-11-12,720017
compositeIndex,2020-11-13,720006
compositeIndex,2020-11-14,720001
compositeIndex,2020-11-15,720005
compositeIndex,2020-11-16,720001
compositeIndex,2020-11-17,720006
compositeIndex,2020-11-18,719985
compositeIndex,2020-11-19,720027
compositeIndex,2020-11-20,720012
compositeIndex,2020-11-21,720009
compositeIndex,2020-11-22,720001
compositeIndex,2020-11-23,720001
compositeIndex,2020-11-24,719998
compositeIndex,2020-11-25,720003
compositeIndex,2020-11-26,720003
compositeIndex,2020-11-27,719991
compositeIndex,2020-11-28,720009
compositeIndex,2020-11-29,720013
compositeIndex,2020-11-30,720003
compositeIndex,2020-12-01,720001
compositeIndex,2020-12-02,720003
compositeIndex,2020-12-03,719997
compositeIndex,2020-12-04,720005
compositeIndex,2020-12-05,720006
compositeIndex,2020-12-06,720007
compositeIndex,2020-12-07,720003
compositeIndex,2020-12-08,720016
compositeIndex,2020-12-09,720002
compositeIndex,2020-12-10,720008
compositeIndex,2020-12-11,720013
compositeIndex,2020-12-12,719993
compositeIndex,2020-12-13,720008
compositeIndex,2020-12-14,719998
compositeIndex,2020-12-15,720008
compositeIndex,2020-12-16,720005
compositeIndex,2020-12-17,720000
compositeIndex,2020-12-18,720003
compositeIndex,2020-12-19,720001
compositeIndex,2020-12-20,720002
compositeIndex,2020-12-21,716373
compositeIndex,2020-12-22,720001
compositeIndex,2020-12-23,720001
compositeIndex,2020-12-24,720000
compositeIndex,2020-12-25,720001
compositeIndex,2020-12-26,720005
compositeIndex,2020-12-27,720001
compositeIndex,2020-12-28,720001
compositeIndex,2020-12-29,719997
compositeIndex,2020-12-30,720001
compositeIndex,2020-12-31,720011
compositeIndex,2021-01-01,720003
compositeIndex,2021-01-02,720001
compositeIndex,2021-01-03,720001
compositeIndex,2021-01-04,719999
compositeIndex,2021-01-05,720003
compositeIndex,2021-01-06,720001
compositeIndex,2021-01-07,720001
compositeIndex,2021-01-08,720001
compositeIndex,2021-01-09,720001
compositeIndex,2021-01-10,720001
compositeIndex,2021-01-11,720001
compositeIndex,2021-01-12,720001
compositeIndex,2021-01-13,720000
compositeIndex,2021-01-14,720003
compositeIndex,2021-01-15,720001
compositeIndex,2021-01-16,719997
compositeIndex,2021-01-17,720007
compositeIndex,2021-01-18,720001
compositeIndex,2021-01-19,720001
compositeIndex,2021-01-20,720000
compositeIndex,2021-01-21,720002
compositeIndex,2021-01-22,720000
compositeIndex,2021-01-23,719995
compositeIndex,2021-01-24,720015
compositeIndex,2021-01-25,720002
compositeIndex,2021-01-26,720009
compositeIndex,2021-01-27,720000
compositeIndex,2021-01-28,720003
compositeIndex,2021-01-29,719995
compositeIndex,2021-01-30,720007
compositeIndex,2021-01-31,720001
compositeIndex,2021-02-01,720001
compositeIndex,2021-02-02,719999
compositeIndex,2021-02-03,746820
compositeIndex,2021-02-04,755999
compositeIndex,2021-02-05,756003
compositeIndex,2021-02-06,755998
compositeIndex,2021-02-07,756006
compositeIndex,2021-02-08,756003
compositeIndex,2021-02-09,756001
compositeIndex,2021-02-10,756001
compositeIndex,2021-02-11,756001
compositeIndex,2021-02-12,756001
compositeIndex,2021-02-13,756001
compositeIndex,2021-02-14,756001
compositeIndex,2021-02-15,756001
compositeIndex,2021-02-16,756001
compositeIndex,2021-02-17,755999
compositeIndex,2021-02-18,756003
compositeIndex,2021-02-19,756001
compositeIndex,2021-02-20,756001
compositeIndex,2021-02-21,756001
compositeIndex,2021-02-22,756001
compositeIndex,2021-02-23,835714
compositeIndex,2021-02-24,872641
compositeIndex,2021-02-25,872641
compositeIndex,2021-02-26,872639
compositeIndex,2021-02-27,872645
compositeIndex,2021-02-28,872641
compositeIndex,2021-03-01,872645
compositeIndex,2021-03-02,872645
compositeIndex,2021-03-03,872641
compositeIndex,2021-03-04,872641
compositeIndex,2021-03-05,872637
compositeIndex,2021-03-06,872639
compositeIndex,2021-03-07,872649
compositeIndex,2021-03-08,872640
compositeIndex,2021-03-09,872639
compositeIndex,2021-03-10,872645
compositeIndex,2021-03-11,872641
compositeIndex,2021-03-12,872641
compositeIndex,2021-03-13,872644
compositeIndex,2021-03-14,872641
compositeIndex,2021-03-15,902856
compositeIndex,2021-03-16,908639
compositeIndex,2021-03-17,908643
compositeIndex,2021-03-18,908641
compositeIndex,2021-03-19,908641
compositeIndex,2021-03-20,908641
compositeIndex,2021-03-21,908636
compositeIndex,2021-03-22,908649
compositeIndex,2021-03-23,908641
compositeIndex,2021-03-24,908641
compositeIndex,2021-03-25,908640
compositeIndex,2021-03-26,908643
compositeIndex,2021-03-27,908641
compositeIndex,2021-03-28,908641
compositeIndex,2021-03-29,908637
compositeIndex,2021-03-30,908655
compositeIndex,2021-03-31,908641
compositeIndex,2021-04-01,908640
compositeIndex,2021-04-02,908643
compositeIndex,2021-04-03,908639
compositeIndex,2021-04-04,908643
compositeIndex,2021-04-05,908641
compositeIndex,2021-04-06,908641
compositeIndex,2021-04-07,908641
compositeIndex,2021-04-08,908643
compositeIndex,2021-04-09,908641
compositeIndex,2021-04-10,908641
compositeIndex,2021-04-11,908643
compositeIndex,2021-04-12,908639
compositeIndex,2021-04-13,908643
compositeIndex,2021-04-14,908641
compositeIndex,2021-04-15,908641
compositeIndex,2021-04-16,908641
compositeIndex,2021-04-17,908641
compositeIndex,2021-04-18,908641
compositeIndex,2021-04-19,908640
compositeIndex,2021-04-20,908641
compositeIndex,2021-04-21,908640
compositeIndex,2021-04-22,908643
compositeIndex,2021-04-23,908639
compositeIndex,2021-04-24,908641
compositeIndex,2021-04-25,908643
compositeIndex,2021-04-26,908641
compositeIndex,2021-04-27,908641
compositeIndex,2021-04-28,908641
compositeIndex,2021-04-29,908635
compositeIndex,2021-04-30,908647
compositeIndex,2021-05-01,908638
compositeIndex,2021-05-02,908646
compositeIndex,2021-05-03,908645
compositeIndex,2021-05-04,908641
compositeIndex,2021-05-05,908643
compositeIndex,2021-05-06,908641
compositeIndex,2021-05-07,908641
compositeIndex,2021-05-08,908641
compositeIndex,2021-05-09,908641
compositeIndex,2021-05-10,908641
compositeIndex,2021-05-11,908641
compositeIndex,2021-05-12,908641
compositeIndex,2021-05-13,908641
compositeIndex,2021-05-14,908641
compositeIndex,2021-05-15,908640
compositeIndex,2021-05-16,908643
compositeIndex,2021-05-17,908641
compositeIndex,2021-05-18,908640
compositeIndex,2021-05-19,908643
compositeIndex,2021-05-20,908641
compositeIndex,2021-05-21,908641
compositeIndex,2021-05-22,908641
compositeIndex,2021-05-23,908640
compositeIndex,2021-05-24,908643
compositeIndex,2021-05-25,908641
compositeIndex,2021-05-26,908641
compositeIndex,2021-05-27,908641
compositeIndex,2021-05-28,941549
compositeIndex,2021-05-29,944647
compositeIndex,2021-05-30,944635
compositeIndex,2021-05-31,944653
compositeIndex,2021-06-01,944643
compositeIndex,2021-06-02,944637
compositeIndex,2021-06-03,944650
compositeIndex,2021-06-04,944645
compositeIndex,2021-06-05,944637
compositeIndex,2021-06-06,944651
compositeIndex,2021-06-07,974408
compositeIndex,2021-06-08,980638
compositeIndex,2021-06-09,980647
compositeIndex,2021-06-10,980641
compositeIndex,2021-06-11,980644
compositeIndex,2021-06-12,980648
compositeIndex,2021-06-13,980647
compositeIndex,2021-06-14,980641
compositeIndex,2021-06-15,1013764
compositeIndex,2021-06-16,1016644
compositeIndex,2021-06-17,1016652
compositeIndex,2021-06-18,1016652
compositeIndex,2021-06-19,1016640
compositeIndex,2021-06-20,1016641
compositeIndex,2021-06-21,1016651
compositeIndex,2021-06-22,1016635
compositeIndex,2021-06-23,1016644
compositeIndex,2021-06-24,1016648
compositeIndex,2021-06-25,1016645
compositeIndex,2021-06-26,1016640
compositeIndex,2021-06-27,1016642
compositeIndex,2021-06-28,1050191
compositeIndex,2021-06-29,1052657
compositeIndex,2021-06-30,1052639
compositeIndex,2021-07-01,1052644
compositeIndex,2021-07-02,1052645
compositeIndex,2021-07-03,1052638
compositeIndex,2021-07-04,1052642
compositeIndex,2021-07-05,1086027
compositeIndex,2021-07-06,1088639
compositeIndex,2021-07-07,1088643
compositeIndex,2021-07-08,1088647
compositeIndex,2021-07-09,1088627
compositeIndex,2021-07-10,1088655
compositeIndex,2021-07-11,1088650
compositeIndex,2021-07-12,1088655
compositeIndex,2021-07-13,1467581
compositeIndex,2021-07-14,1631996
compositeIndex,2021-07-15,1634309
compositeIndex,2021-07-16,1633397
compositeIndex,2021-07-17,1622044
compositeIndex,2021-07-18,1606499
compositeIndex,2021-07-19,1620811
compositeIndex,2021-07-20,1635806
compositeIndex,2021-07-21,1639216
compositeIndex,2021-07-22,1638134
compositeIndex,2021-07-23,1639711
compositeIndex,2021-07-24,1637290
compositeIndex,2021-07-25,1630827
compositeIndex,2021-07-26,1665387
compositeIndex,2021-07-27,1651346
compositeIndex,2021-07-28,1650543
compositeIndex,2021-07-29,1643353
compositeIndex,2021-07-30,1647003
compositeIndex,2021-07-31,1644529
compositeIndex,2021-08-01,1653749
compositeIndex,2021-08-02,1649089
compositeIndex,2021-08-03,1647038
compositeIndex,2021-08-04,1647282
compositeIndex,2021-08-05,1653359
compositeIndex,2021-08-06,1652892
compositeIndex,2021-08-07,1660782
compositeIndex,2021-08-08,1654042
compositeIndex,2021-08-09,1690362
compositeIndex,2021-08-10,1696148
compositeIndex,2021-08-11,1701358
compositeIndex,2021-08-12,1700114
compositeIndex,2021-08-13,1696315
compositeIndex,2021-08-14,1693647
compositeIndex,2021-08-15,1694372
compositeIndex,2021-08-16,1704905
compositeIndex,2021-08-17,1707609
compositeIndex,2021-08-18,1703220
compositeIndex,2021-08-19,1700750
compositeIndex,2021-08-20,1702671
compositeIndex,2021-08-21,1700917
compositeIndex,2021-08-22,1698087
compositeIndex,2021-08-23,1732210
compositeIndex,2021-08-24,1734532
compositeIndex,2021-08-25,1733243
compositeIndex,2021-08-26,1733724
compositeIndex,2021-08-27,1731470
compositeIndex,2021-08-28,1723395
compositeIndex,2021-08-29,1731965
compositeIndex,2021-08-30,1732127
compositeIndex,2021-08-31,1736782
compositeIndex,2021-09-01,1740337
compositeIndex,2021-09-02,1737327
compositeIndex,2021-09-03,1740038
compositeIndex,2021-09-04,1737401
compositeIndex,2021-09-05,1739661
compositeIndex,2021-09-06,1741523
compositeIndex,2021-09-07,1746142
compositeIndex,2021-09-08,1743968
compositeIndex,2021-09-09,1738844
compositeIndex,2021-09-10,1735601
compositeIndex,2021-09-11,1728569
compositeIndex,2021-09-12,1728955
compositeIndex,2021-09-13,1733758
compositeIndex,2021-09-14,1732076
compositeIndex,2021-09-15,1735479
compositeIndex,2021-09-16,1737457
compositeIndex,2021-09-17,1734988
compositeIndex,2021-09-18,1724443
compositeIndex,2021-09-19,1720485
compositeIndex,2021-09-20,1770077
compositeIndex,2021-09-21,1774271
compositeIndex,2021-09-22,1769569
compositeIndex,2021-09-23,1764221
compositeIndex,2021-09-24,1776408
compositeIndex,2021-09-25,1776974
compositeIndex,2021-09-26,1778843
compositeIndex,2021-09-27,1923134
compositeIndex,2021-09-28,1951172
compositeIndex,2021-09-29,1947827
compositeIndex,2021-09-30,1952034
compositeIndex,2021-10-01,1956592
compositeIndex,2021-10-02,1956332
compositeIndex,2021-10-03,1955932
compositeIndex,2021-10-04,1956627
compositeIndex,2021-10-05,1958713
compositeIndex,2021-10-06,1959135
compositeIndex,2021-10-07,1957774
compositeIndex,2021-10-08,1956531
compositeIndex,2021-10-09,1950652
compositeIndex,2021-10-10,1951804
compositeIndex,2021-10-11,1953394
compositeIndex,2021-10-12,1955604
compositeIndex,2021-10-13,1956845
compositeIndex,2021-10-14,1956758
compositeIndex,2021-10-15,1958640
compositeIndex,2021-10-16,1955203
compositeIndex,2021-10-17,1952035
compositeIndex,2021-10-18,2066984
compositeIndex,2021-10-19,2088632
compositeIndex,2021-10-20,2092824
compositeIndex,2021-10-21,2097601
compositeIndex,2021-10-22,2094922
compositeIndex,2021-10-23,2092851
compositeIndex,2021-10-24,2093882
compositeIndex,2021-10-25,2094842
compositeIndex,2021-10-26,2098796
compositeIndex,2021-10-27,2122197
compositeIndex,2021-10-28,2133015
compositeIndex,2021-10-29,2131997
compositeIndex,2021-10-30,2130161
compositeIndex,2021-10-31,2130547
compositeIndex,2021-11-01,2236444
compositeIndex,2021-11-02,2269671
compositeIndex,2021-11-03,2271934
compositeIndex,2021-11-04,2270885
compositeIndex,2021-11-05,2269874
compositeIndex,2021-11-06,2266877
compositeIndex,2021-11-07,2265123
compositeIndex,2021-11-08,2269637
compositeIndex,2021-11-09,2269683
compositeIndex,2021-11-10,2269135
compositeIndex,2021-11-11,2266283
compositeIndex,2021-11-12,2265061
compositeIndex,2021-11-13,2262816
compositeIndex,2021-11-14,2260746
compositeIndex,2021-11-15,2263876
compositeIndex,2021-11-16,2269277
compositeIndex,2021-11-17,2267287
compositeIndex,2021-11-18,2268454
compositeIndex,2021-11-19,2264945
compositeIndex,2021-11-20,2261609
compositeIndex,2021-11-21,2261393
compositeIndex,2021-11-22,2265369
compositeIndex,2021-11-23,2266326
compositeIndex,2021-11-24,2265807
compositeIndex,2021-11-25,2265781
compositeIndex,2021-11-26,2266874
compositeIndex,2021-11-27,2260001
compositeIndex,2021-11-28,2263028
compositeIndex,2021-11-29,2262664
compositeIndex,2021-11-30,2266522
compositeIndex,2021-12-01,2264935
compositeIndex,2021-12-02,2261722
compositeIndex,2021-12-03,2450194
compositeIndex,2021-12-04,2494012
compositeIndex,2021-12-05,2490174
compositeIndex,2021-12-06,2493148
compositeIndex,2021-12-07,2489487
compositeIndex,2021-12-08,2489741
compositeIndex,2021-12-09,2490696
compositeIndex,2021-12-10,2486462
compositeIndex,2021-12-11,2479546
compositeIndex,2021-12-12,2475083
compositeIndex,2021-12-13,2511911
compositeIndex,2021-12-14,2521940
compositeIndex,2021-12-15,2521635
compositeIndex,2021-12-16,2521596
compositeIndex,2021-12-17,2531179
compositeIndex,2021-12-18,2538797
compositeIndex,2021-12-19,2531057
compositeIndex,2021-12-20,2539417
compositeIndex,2021-12-21,2533918
compositeIndex,2021-12-22,2541716
compositeIndex,2021-12-23,2545796
compositeIndex,2021-12-24,2542149
compositeIndex,2021-12-25,2533505
compositeIndex,2021-12-26,2539577
compositeIndex,2021-12-27,2543608
compositeIndex,2021-12-28,2544675
compositeIndex,2021-12-29,2539446
compositeIndex,2021-12-30,2537070
compositeIndex,2021-12-31,2626027
compositeIndex,2022-01-01,2708264
compositeIndex,2022-01-02,2708344
compositeIndex,2022-01-03,2712796
compositeIndex,2022-01-04,2715674
compositeIndex,2022-01-05,2716311
compositeIndex,2022-01-06,2720430
compositeIndex,2022-01-07,2719041
compositeIndex,2022-01-08,2713880
compositeIndex,2022-01-09,2710707
compositeIndex,2022-01-10,2715304
compositeIndex,2022-01-11,2714062
compositeIndex,2022-01-12,2715281
compositeIndex,2022-01-13,2736806
compositeIndex,2022-01-14,2747162
compositeIndex,2022-01-15,2743958
compositeIndex,2022-01-16,2747067
compositeIndex,2022-01-17,2752350
compositeIndex,2022-01-18,2750379
compositeIndex,2022-01-19,2748664
compositeIndex,2022-01-20,2745307
compositeIndex,2022-01-21,2758165
compositeIndex,2022-01-22,2760684
compositeIndex,2022-01-23,2753523
compositeIndex,2022-01-24,2756371
compositeIndex,2022-01-25,2752527
compositeIndex,2022-01-26,3155887
compositeIndex,2022-01-27,3235721
compositeIndex,2022-01-28,3231925
compositeIndex,2022-01-29,3222263
compositeIndex,2022-01-30,3226764
compositeIndex,2022-01-31,3229306
compositeIndex,2022-02-01,3230096
compositeIndex,2022-02-02,3228637
compositeIndex,2022-02-03,3224684
compositeIndex,2022-02-04,3226084
compositeIndex,2022-02-05,3232501
compositeIndex,2022-02-06,3224392
compositeIndex,2022-02-07,3238757
compositeIndex,2022-02-08,3239308
compositeIndex,2022-02-09,3231398
compositeIndex,2022-02-10,3230530
compositeIndex,2022-02-11,3231141
compositeIndex,2022-02-12,3222409
compositeIndex,2022-02-13,3202065
compositeIndex,2022-02-14,3211211
compositeIndex,2022-02-15,3220244
compositeIndex,2022-02-16,3220596
compositeIndex,2022-02-17,3222380
compositeIndex,2022-02-18,3214976
compositeIndex,2022-02-19,3198756
compositeIndex,2022-02-20,3211372
compositeIndex,2022-02-21,3225561
compositeIndex,2022-02-22,3228263
compositeIndex,2022-02-23,3219182
compositeIndex,2022-02-24,3242299
compositeIndex,2022-02-25,3228262
compositeIndex,2022-02-26,3212061
compositeIndex,2022-02-27,3216294
compositeIndex,2022-02-28,3223207
compositeIndex,2022-03-01,3230425
compositeIndex,2022-03-02,3223487
compositeIndex,2022-03-03,3214832
compositeIndex,2022-03-04,3218501
compositeIndex,2022-03-05,3201227
compositeIndex,2022-03-06,3192573
compositeIndex,2022-03-07,3217836
compositeIndex,2022-03-08,3218395
compositeIndex,2022-03-09,3221877
compositeIndex,2022-03-10,3213030
compositeIndex,2022-03-11,3209926
compositeIndex,2022-03-12,3184693
compositeIndex,2022-03-13,3187501
compositeIndex,2022-03-14,3201273
compositeIndex,2022-03-15,3200660
compositeIndex,2022-03-16,3215791
compositeIndex,2022-03-17,3205950
compositeIndex,2022-03-18,3207087
compositeIndex,2022-03-19,3212134
compositeIndex,2022-03-20,3204718
compositeIndex,2022-03-21,3238705
compositeIndex,2022-03-22,3252168
compositeIndex,2022-03-23,3256804
compositeIndex,2022-03-24,3268217
compositeIndex,2022-03-25,3264333
compositeIndex,2022-03-26,3245812
compositeIndex,2022-03-27,3256459
compositeIndex,2022-03-28,3274387
compositeIndex,2022-03-29,3269167
compositeIndex,2022-03-30,3270010
compositeIndex,2022-03-31,3271733
compositeIndex,2022-04-01,3271158
compositeIndex,2022-04-02,3268957
compositeIndex,2022-04-03,3260369
compositeIndex,2022-04-04,3266408
compositeIndex,2022-04-05,3256764
compositeIndex,2022-04-06,3266658
compositeIndex,2022-04-07,3259522
compositeIndex,2022-04-08,3300555
compositeIndex,2022-04-09,3306114
compositeIndex,2022-04-10,3303035
compositeIndex,2022-04-11,3329876
compositeIndex,2022-04-12,3327398
compositeIndex,2022-04-13,3313356
compositeIndex,2022-04-14,3311736
compositeIndex,2022-04-15,3298326
compositeIndex,2022-04-16,3278738
compositeIndex,2022-04-17,3279410
compositeIndex,2022-04-18,3313486
compositeIndex,2022-04-19,3307345
compositeIndex,2022-04-20,3316015
compositeIndex,2022-04-21,3321026
compositeIndex,2022-04-22,3308394
compositeIndex,2022-04-23,3281121
compositeIndex,2022-04-24,3276761
compositeIndex,2022-04-25,3314119
compositeIndex,2022-04-26,3318561
compositeIndex,2022-04-27,3310237
compositeIndex,2022-04-28,3311612
compositeIndex,2022-04-29,3318518
compositeIndex,2022-04-30,3307034
compositeIndex,2022-05-01,3322425
compositeIndex,2022-05-02,3315124
compositeIndex,2022-05-03,3303006
compositeIndex,2022-05-04,3338865
compositeIndex,2022-05-05,3355819
compositeIndex,2022-05-06,3352365
compositeIndex,2022-05-07,3333827
compositeIndex,2022-05-08,3354191
compositeIndex,2022-05-09,3377994
compositeIndex,2022-05-10,3387160
compositeIndex,2022-05-11,3389445
compositeIndex,2022-05-12,3389314
compositeIndex,2022-05-13,3315851
compositeIndex,2022-05-14,3300927
compositeIndex,2022-05-15,3290522
compositeIndex,2022-05-16,3322832
compositeIndex,2022-05-17,3401711
compositeIndex,2022-05-18,3458490
compositeIndex,2022-05-19,3456864
compositeIndex,2022-05-20,3450884
compositeIndex,2022-05-21,3419575
compositeIndex,2022-05-22,3422832
compositeIndex,2022-05-23,3450064
compositeIndex,2022-05-24,3438349
compositeIndex,2022-05-25,3431924
compositeIndex,2022-05-26,3449710
compositeIndex,2022-05-27,3435631
compositeIndex,2022-05-28,3401951
compositeIndex,2022-05-29,3410424
compositeIndex,2022-05-30,3447049
compositeIndex,2022-05-31,3547819
compositeIndex,2022-06-01,3556872
compositeIndex,2022-06-02,3542631
compositeIndex,2022-06-03,3531268
compositeIndex,2022-06-04,3508875
compositeIndex,2022-06-05,3505872
compositeIndex,2022-06-06,3620144
compositeIndex,2022-06-07,3633578
compositeIndex,2022-06-08,3623459
compositeIndex,2022-06-09,3613627
compositeIndex,2022-06-10,3622610
compositeIndex,2022-06-11,3625325
compositeIndex,2022-06-12,3643238
compositeIndex,2022-06-13,3671878
compositeIndex,2022-06-14,3659233
compositeIndex,2022-06-15,3657201
compositeIndex,2022-06-16,3649325
compositeIndex,2022-06-17,3624243
compositeIndex,2022-06-18,3629475
compositeIndex,2022-06-19,3633675
compositeIndex,2022-06-20,3641472
compositeIndex,2022-06-21,3643488
compositeIndex,2022-06-22,3633541
compositeIndex,2022-06-23,3659274
compositeIndex,2022-06-24,3723029
compositeIndex,2022-06-25,3747372
compositeIndex,2022-06-26,3741776
compositeIndex,2022-06-27,3740302
compositeIndex,2022-06-28,3737407
compositeIndex,2022-06-29,3736186
compositeIndex,2022-06-30,3741888
compositeIndex,2022-07-01,3732982
compositeIndex,2022-07-02,3698862
compositeIndex,2022-07-03,3690007
compositeIndex,2022-07-04,3715285
compositeIndex,2022-07-05,3733594
compositeIndex,2022-07-06,3729265
compositeIndex,2022-07-07,3730080
compositeIndex,2022-07-08,3738841
compositeIndex,2022-07-09,3721252
compositeIndex,2022-07-10,3714948
compositeIndex,2022-07-11,3728231
compositeIndex,2022-07-12,3730648
compositeIndex,2022-07-13,3730245
compositeIndex,2022-07-14,3722461
compositeIndex,2022-07-15,3726334
compositeIndex,2022-07-16,3706887
compositeIndex,2022-07-17,3713672
compositeIndex,2022-07-18,3750679
compositeIndex,2022-07-19,3759085
compositeIndex,2022-07-20,3750132
compositeIndex,2022-07-21,3732070
compositeIndex,2022-07-22,3730230
compositeIndex,2022-07-23,3723504
compositeIndex,2022-07-24,3713376
compositeIndex,2022-07-25,3724380
compositeIndex,2022-07-26,3719885
compositeIndex,2022-07-27,3720618
compositeIndex,2022-07-28,3743411
compositeIndex,2022-07-29,3758890
compositeIndex,2022-07-30,3745587
compositeIndex,2022-07-31,3730422
compositeIndex,2022-08-01,3733458
compositeIndex,2022-08-02,4435808
compositeIndex,2022-08-03,4557861
compositeIndex,2022-08-04,4561884
compositeIndex,2022-08-05,4481310
compositeIndex,2022-08-06,3799399
compositeIndex,2022-08-07,4530799
compositeIndex,2022-08-08,4590081
compositeIndex,2022-08-09,4568710
compositeIndex,2022-08-10,4569756
compositeIndex,2022-08-11,4575000
compositeIndex,2022-08-12,4457129
compositeIndex,2022-08-13,4194848
compositeIndex,2022-08-14,4466951
compositeIndex,2022-08-15,4558746
compositeIndex,2022-08-16,4561220
compositeIndex,2022-08-17,4556908
compositeIndex,2022-08-18,4544201
compositeIndex,2022-08-19,4523726
compositeIndex,2022-08-20,4549881
compositeIndex,2022-08-21,4517537
compositeIndex,2022-08-22,4547991
compositeIndex,2022-08-23,4549785
compositeIndex,2022-08-24,4536330
compositeIndex,2022-08-25,4540760
compositeIndex,2022-08-26,4501635
compositeIndex,2022-08-27,4543401
compositeIndex,2022-08-28,4523252
compositeIndex,2022-08-29,2367001
compositeIndex,2022-08-30,4546817
compositeIndex,2022-08-31,4548147
compositeIndex,2022-09-01,4535667
compositeIndex,2022-09-02,4473533
compositeIndex,2022-09-03,4519749
compositeIndex,2022-09-04,4509017
compositeIndex,2022-09-05,4521509
compositeIndex,2022-09-06,4578748
compositeIndex,2022-09-07,4569971
compositeIndex,2022-09-08,4550724
compositeIndex,2022-09-09,4522101
compositeIndex,2022-09-10,4576781
compositeIndex,2022-09-11,4549946
compositeIndex,2022-09-12,4580279
compositeIndex,2022-09-13,4587191
compositeIndex,2022-09-14,4572123
compositeIndex,2022-09-15,4570763
compositeIndex,2022-09-16,4503765
compositeIndex,2022-09-17,4524179
compositeIndex,2022-09-18,4530510
compositeIndex,2022-09-19,4557363
compositeIndex,2022-09-20,4556833
compositeIndex,2022-09-21,3313263
compositeIndex,2022-09-22,4570715
compositeIndex,2022-09-23,4523336
compositeIndex,2022-09-24,4544054
compositeIndex,2022-09-25,4534377
compositeIndex,2022-09-26,5100390
compositeIndex,2022-09-27,5256698
compositeIndex,2022-09-28,5253378
compositeIndex,2022-09-29,5237927
compositeIndex,2022-09-30,5179358
compositeIndex,2022-10-01,5195706
compositeIndex,2022-10-02,5200598
compositeIndex,2022-10-03,5231092
compositeIndex,2022-10-04,5231546
compositeIndex,2022-10-05,5216723
compositeIndex,2022-10-06,5237013
compositeIndex,2022-10-07,5148765
compositeIndex,2022-10-08,5179831
compositeIndex,2022-10-09,5167042
compositeIndex,2022-10-10,5206518
compositeIndex,2022-10-11,5233373
compositeIndex,2022-10-12,5196756
compositeIndex,2022-10-13,5242414
compositeIndex,2022-10-14,5204550
compositeIndex,2022-10-15,5235415
compositeIndex,2022-10-16,5222351
compositeIndex,2022-10-17,5255045
compositeIndex,2022-10-18,5260548
compositeIndex,2022-10-19,5300251
compositeIndex,2022-10-20,5337325
compositeIndex,2022-10-21,5298034
compositeIndex,2022-10-22,5299535
compositeIndex,2022-10-23,5293887
compositeIndex,2022-10-24,5306848
compositeIndex,2022-10-25,5348180
compositeIndex,2022-10-26,5355084
compositeIndex,2022-10-27,5360554
compositeIndex,2022-10-28,5282153
compositeIndex,2022-10-29,5362897
compositeIndex,2022-10-30,5349584
compositeIndex,2022-10-31,5359939
compositeIndex,2022-11-01,5347426
compositeIndex,2022-11-02,5360157
compositeIndex,2022-11-03,5378844
compositeIndex,2022-11-04,5330042
compositeIndex,2022-11-05,5391253
compositeIndex,2022-11-06,5355607
compositeIndex,2022-11-07,5381301
compositeIndex,2022-11-08,5418275
compositeIndex,2022-11-09,5445080
compositeIndex,2022-11-10,5416507
compositeIndex,2022-11-11,5392067
compositeIndex,2022-11-12,5435398
compositeIndex,2022-11-13,5445351
compositeIndex,2022-11-14,5467886
compositeIndex,2022-11-15,5417985
compositeIndex,2022-11-16,5391152
compositeIndex,2022-11-17,5366593
compositeIndex,2022-11-18,5277388
compositeIndex,2022-11-19,5323156
compositeIndex,2022-11-20,5328021
compositeIndex,2022-11-21,5364439
compositeIndex,2022-11-22,5354939
compositeIndex,2022-11-23,5351188
compositeIndex,2022-11-24,5330752
compositeIndex,2022-11-25,5263617
compositeIndex,2022-11-26,5323274
compositeIndex,2022-11-27,5310553
compositeIndex,2022-11-28,5321447
compositeIndex,2022-11-29,5327883
compositeIndex,2022-11-30,5345954
compositeIndex,2022-12-01,5325681
compositeIndex,2022-12-02,5281230
compositeIndex,2022-12-03,5316713
compositeIndex,2022-12-04,5284588
connected,2019-04-01,2297
connected,2019-05-01,2881
connected,2019-06-01,2881
connected,2019-07-01,2880
connected,2019-08-01,2881
connected,2019-09-01,2881
connected,2019-10-01,2881
connected,2019-11-01,2880
connected,2019-12-01,2880
connected,2020-01-01,2881
connected,2020-02-01,2881
connected,2020-03-01,2881
connected,2020-04-01,2880
connected,2020-05-01,2881
connected,2020-06-01,2881
connected,2020-07-01,2881
connected,2020-08-01,2881
connected,2020-09-01,2881
connected,2020-10-01,2881
connected,2020-11-01,2881
connected,2020-12-01,2881
connected,2021-01-01,2881
connected,2021-02-01,2881
connected,2021-03-01,2881
connected,2021-04-01,2881
connected,2021-05-01,2881
connected,2021-06-01,2881
connected,2021-07-01,2881
connected,2021-08-01,2881
connected,2021-09-01,2880
connected,2021-10-01,2881
connected,2021-11-01,2881
connected,2021-12-01,2882
connected,2022-01-01,2881
connected,2022-02-01,2882
connected,2022-03-01,2881
connected,2022-04-01,2880
connected,2022-05-01,2881
connected,2022-06-01,2881
connected,2022-07-01,2881
connected,2022-08-01,2881
connected,2022-09-01,2881
connected,2022-10-01,2881
connected,2022-11-01,2881
connected,2022-12-01,2881
connected,2023-01-01,2881
connected,2023-02-01,2880
connected,2023-03-01,2880
connected,2023-04-01,2881
connected,2023-05-01,2881
connected,2023-06-01,2882
connected,2023-07-01,2881
connected,2023-08-01,2879
connected,2023-09-01,2881
connected,2023-10-01,2881
connected,2023-11-01,2879
connected,2023-12-01,2878
connected,2024-01-01,2881
connected,2024-02-01,2877
connected,2024-03-01,2878
connected,2024-04-01,2879
connected,2024-05-01,2876
connected,2024-06-01,2881
connected,2024-07-01,2881
connected,2024-08-01,2878
connected,2024-09-01,2881
connected,2024-10-01,2883
connected,2024-11-01,2882
connected,2024-12-01,2880
connected,2025-01-01,2881
connected,2025-02-01,2880
connected,2025-03-01,2878
connected,2025-04-01,2879
connected,2025-05-01,2881
connected,2025-06-01,2882
connected,2025-07-01,2880
connected,2025-08-01,2883
connected,2025-09-01,2881
connected,2025-10-01,2880
connected,2025-11-01,2881
connected,2025-12-01,2882
connected,2026-01-01,2881
connected,2026-02-01,2881
connected,2026-03-01,2881
connected,2026-03-08,2236
connected,2026-03-09,2874
connected,2026-03-10,2880
connected,2026-03-11,2705
connected,2026-03-12,2874
connected,2026-03-13,2879
connected,2026-03-14,2878
connected,2026-03-15,2497
connected,2026-03-19,1768
connected,2026-03-20,2881
connected,2026-03-21,2876
connected,2026-03-22,2864
connected,2026-03-23,2875
connected,2026-03-24,1304
connected,2026-03-27,752
connected,2026-03-28,2879
connected,2026-03-29,2877
connected,2026-03-30,2881
connected,2026-03-31,2875
connected,2026-04-01,2882
connected,2026-04-02,2870
connected,2026-04-03,2878
connected,2026-04-04,2880
connected,2026-04-05,2879
connected,2026-04-06,2871
connected,2026-04-07,2597
connected,2026-04-08,4057
connected,2026-04-09,2854
connected,2026-04-10,3794
connected,2026-04-11,4807
connected,2026-04-12,4653
connected,2026-04-13,4998
connected,2026-04-14,4950
connected,2026-04-15,4750
connected,2026-04-16,5018
connected,2026-04-17,5066
connected,2026-04-18,4692
connected,2026-04-19,7568
connected,2026-04-20,6897
connected,2026-04-21,5388
connected,2026-04-22,4753
connected,2026-04-23,5200
connected,2026-04-24,4815
connected,2026-04-25,4851
connected,2026-04-26,2877
connected,2026-04-27,2880
connected,2026-04-28,4935
connected,2026-04-29,4985
connected,2026-04-30,6181
connected,2026-05-01,2881
connected,2026-05-02,2881
connected,2026-05-03,2882
connected,2026-05-04,4014
connected,2026-05-05,5333
connected,2026-05-06,3951
connected,2026-05-07,2879
connected,2026-05-08,2881
connected,2026-05-09,2881
connected,2026-05-10,2879
connected,2026-05-11,2880
connected,2026-05-12,2881
connected,2026-05-13,2878
connected,2026-05-14,2881
connected,2026-05-15,2882
connected,2026-05-16,2882
connected,2026-05-17,2882
connected,2026-05-18,2881
funding,2016-05-07,2
funding,2016-05-08,2
funding,2016-05-09,2
funding,2016-05-10,3
funding,2016-05-11,3
funding,2016-05-12,3
funding,2016-05-13,3
funding,2016-05-14,5
funding,2016-05-15,5
funding,2016-05-16,5
funding,2016-05-17,5
funding,2016-05-18,5
funding,2016-05-19,5
funding,2016-05-20,5
funding,2016-05-21,5
funding,2016-05-22,5
funding,2016-05-23,5
funding,2016-05-24,5
funding,2016-05-25,5
funding,2016-05-26,5
funding,2016-05-27,5
funding,2016-05-28,6
funding,2016-05-29,6
funding,2016-05-30,6
funding,2016-05-31,6
funding,2016-06-01,6
funding,2016-06-02,6
funding,2016-06-03,6
funding,2016-06-04,7
funding,2016-06-05,8
funding,2016-06-06,8
funding,2016-06-07,8
funding,2016-06-08,8
funding,2016-06-09,8
funding,2016-06-10,8
funding,2016-06-11,8
funding,2016-06-12,8
funding,2016-06-13,8
funding,2016-06-14,8
funding,2016-06-15,8
funding,2016-06-16,8
funding,2016-06-17,8
funding,2016-06-18,8
funding,2016-06-19,8
funding,2016-06-20,8
funding,2016-06-21,8
funding,2016-06-22,8
funding,2016-06-23,8
funding,2016-06-24,12
funding,2016-06-25,16
funding,2016-06-26,16
funding,2016-06-27,16
funding,2016-06-28,16
funding,2016-06-29,16
funding,2016-06-30,16
funding,2016-07-01,16
funding,2016-07-02,16
funding,2016-07-03,16
funding,2016-07-04,16
funding,2016-07-05,16
funding,2016-07-06,16
funding,2016-07-07,16
funding,2016-07-08,16
funding,2016-07-09,16
funding,2016-07-10,16
funding,2016-07-11,16
funding,2016-07-12,16
funding,2016-07-13,16
funding,2016-07-14,16
funding,2016-07-15,16
funding,2016-07-16,16
funding,2016-07-17,16
funding,2016-07-18,16
funding,2016-07-19,16
funding,2016-07-20,16
funding,2016-07-21,16
funding,2016-07-22,16
funding,2016-07-23,16
funding,2016-07-24,16
funding,2016-07-25,16
funding,2016-07-26,16
funding,2016-07-27,16
funding,2016-07-28,16
funding,2016-07-29,16
funding,2016-07-30,16
funding,2016-07-31,16
funding,2016-08-01,16
funding,2016-08-02,16
funding,2016-08-03,16
funding,2016-08-04,16
funding,2016-08-05,16
funding,2016-08-06,16
funding,2016-08-07,16
funding,2016-08-08,16
funding,2016-08-09,16
funding,2016-08-10,16
funding,2016-08-11,16
funding,2016-08-12,16
funding,2016-08-13,16
funding,2016-08-14,16
funding,2016-08-15,16
funding,2016-08-16,16
funding,2016-08-17,16
funding,2016-08-18,16
funding,2016-08-19,16
funding,2016-08-20,16
funding,2016-08-21,16
funding,2016-08-22,16
funding,2016-08-23,16
funding,2016-08-24,16
funding,2016-08-25,16
funding,2016-08-26,16
funding,2016-08-27,16
funding,2016-08-28,16
funding,2016-08-29,16
funding,2016-08-30,16
funding,2016-08-31,16
funding,2016-09-01,16
funding,2016-09-02,16
funding,2016-09-03,16
funding,2016-09-04,16
funding,2016-09-05,16
funding,2016-09-06,16
funding,2016-09-07,16
funding,2016-09-08,16
funding,2016-09-09,16
funding,2016-09-10,16
funding,2016-09-11,16
funding,2016-09-12,16
funding,2016-09-13,16
funding,2016-09-14,16
funding,2016-09-15,16
funding,2016-09-16,16
funding,2016-09-17,16
funding,2016-09-18,16
funding,2016-09-19,16
funding,2016-09-20,16
funding,2016-09-21,16
funding,2016-09-22,16
funding,2016-09-23,16
funding,2016-09-24,16
funding,2016-09-25,16
funding,2016-09-26,16
funding,2016-09-27,16
funding,2016-09-28,16
funding,2016-09-29,16
funding,2016-09-30,16
funding,2016-10-01,16
funding,2016-10-02,16
funding,2016-10-03,16
funding,2016-10-04,16
funding,2016-10-05,16
funding,2016-10-06,16
funding,2016-10-07,16
funding,2016-10-08,16
funding,2016-10-09,16
funding,2016-10-10,16
funding,2016-10-11,16
funding,2016-10-12,16
funding,2016-10-13,16
funding,2016-10-14,16
funding,2016-10-15,16
funding,2016-10-16,16
funding,2016-10-17,16
funding,2016-10-18,16
funding,2016-10-19,16
funding,2016-10-20,16
funding,2016-10-21,16
funding,2016-10-22,16
funding,2016-10-23,16
funding,2016-10-24,16
funding,2016-10-25,16
funding,2016-10-26,16
funding,2016-10-27,16
funding,2016-10-28,16
funding,2016-10-29,16
funding,2016-10-30,16
funding,2016-10-31,16
funding,2016-11-01,16
funding,2016-11-02,16
funding,2016-11-03,16
funding,2016-11-04,8
funding,2016-11-05,4
funding,2016-11-06,4
funding,2016-11-07,4
funding,2016-11-08,4
funding,2016-11-09,4
funding,2016-11-10,4
funding,2016-11-11,4
funding,2016-11-12,4
funding,2016-11-13,4
funding,2016-11-14,4
funding,2016-11-15,4
funding,2016-11-16,4
funding,2016-11-17,4
funding,2016-11-18,4
funding,2016-11-19,4
funding,2016-11-20,4
funding,2016-11-21,4
funding,2016-11-22,4
funding,2016-11-23,4
funding,2016-11-24,4
funding,2016-11-25,4
funding,2016-11-26,4
funding,2016-11-27,4
funding,2016-11-28,4
funding,2016-11-29,4
funding,2016-11-30,4
funding,2016-12-01,4
funding,2016-12-02,4
funding,2016-12-03,4
funding,2016-12-04,4
funding,2016-12-05,4
funding,2016-12-06,4
funding,2016-12-07,4
funding,2016-12-08,4
funding,2016-12-09,4
funding,2016-12-10,4
funding,2016-12-11,4
funding,2016-12-12,4
funding,2016-12-13,4
funding,2016-12-14,4
funding,2016-12-15,4
funding,2016-12-16,4
funding,2016-12-17,4
funding,2016-12-18,4
funding,2016-12-19,4
funding,2016-12-20,4
funding,2016-12-21,4
funding,2016-12-22,4
funding,2016-12-23,4
funding,2016-12-24,4
funding,2016-12-25,4
funding,2016-12-26,4
funding,2016-12-27,4
funding,2016-12-28,4
funding,2016-12-29,4
funding,2016-12-30,4
funding,2016-12-31,4
funding,2017-01-01,4
funding,2017-01-02,4
funding,2017-01-03,4
funding,2017-01-04,4
funding,2017-01-05,4
funding,2017-01-06,4
funding,2017-01-07,4
funding,2017-01-08,4
funding,2017-01-09,4
funding,2017-01-10,4
funding,2017-01-11,4
funding,2017-01-12,4
funding,2017-01-13,4
funding,2017-01-14,4
funding,2017-01-15,4
funding,2017-01-16,4
funding,2017-01-17,4
funding,2017-01-18,4
funding,2017-01-19,4
funding,2017-01-20,4
funding,2017-01-21,4
funding,2017-01-22,4
funding,2017-01-23,4
funding,2017-01-24,4
funding,2017-01-25,4
funding,2017-01-26,4
funding,2017-01-27,4
funding,2017-01-28,4
funding,2017-01-29,4
funding,2017-01-30,4
funding,2017-01-31,4
funding,2017-02-01,4
funding,2017-02-02,4
funding,2017-02-03,4
funding,2017-02-04,4
funding,2017-02-05,4
funding,2017-02-06,4
funding,2017-02-07,4
funding,2017-02-08,4
funding,2017-02-09,4
funding,2017-02-10,4
funding,2017-02-11,4
funding,2017-02-12,4
funding,2017-02-13,4
funding,2017-02-14,4
funding,2017-02-15,4
funding,2017-02-16,4
funding,2017-02-17,4
funding,2017-02-18,4
funding,2017-02-19,4
funding,2017-02-20,4
funding,2017-02-21,4
funding,2017-02-22,4
funding,2017-02-23,4
funding,2017-02-24,4
funding,2017-02-25,4
funding,2017-02-26,4
funding,2017-02-27,4
funding,2017-02-28,4
funding,2017-03-01,4
funding,2017-03-02,4
funding,2017-03-03,4
funding,2017-03-04,4
funding,2017-03-05,4
funding,2017-03-06,4
funding,2017-03-07,4
funding,2017-03-08,4
funding,2017-03-09,4
funding,2017-03-10,4
funding,2017-03-11,4
funding,2017-03-12,4
funding,2017-03-13,4
funding,2017-03-14,4
funding,2017-03-15,4
funding,2017-03-16,4
funding,2017-03-17,4
funding,2017-03-18,4
funding,2017-03-19,4
funding,2017-03-20,4
funding,2017-03-21,4
funding,2017-03-22,4
funding,2017-03-23,4
funding,2017-03-24,4
funding,2017-03-25,4
funding,2017-03-26,4
funding,2017-03-27,4
funding,2017-03-28,4
funding,2017-03-29,4
funding,2017-03-30,4
funding,2017-03-31,4
funding,2017-04-01,4
funding,2017-04-02,4
funding,2017-04-03,4
funding,2017-04-04,4
funding,2017-04-05,4
funding,2017-04-06,4
funding,2017-04-07,4
funding,2017-04-08,4
funding,2017-04-09,4
funding,2017-04-10,4
funding,2017-04-11,4
funding,2017-04-12,4
funding,2017-04-13,4
funding,2017-04-14,4
funding,2017-04-15,4
funding,2017-04-16,4
funding,2017-04-17,4
funding,2017-04-18,4
funding,2017-04-19,4
funding,2017-04-20,4
funding,2017-04-21,4
funding,2017-04-22,4
funding,2017-04-23,4
funding,2017-04-24,4
funding,2017-04-25,4
funding,2017-04-26,4
funding,2017-04-27,4
funding,2017-04-28,4
funding,2017-04-29,4
funding,2017-04-30,4
funding,2017-05-01,4
funding,2017-05-02,4
funding,2017-05-03,4
funding,2017-05-04,4
funding,2017-05-05,4
funding,2017-05-06,4
funding,2017-05-07,4
funding,2017-05-08,4
funding,2017-05-09,4
funding,2017-05-10,4
funding,2017-05-11,4
funding,2017-05-12,4
funding,2017-05-13,4
funding,2017-05-14,4
funding,2017-05-15,4
funding,2017-05-16,4
funding,2017-05-17,4
funding,2017-05-18,4
funding,2017-05-19,4
funding,2017-05-20,4
funding,2017-05-21,4
funding,2017-05-22,4
funding,2017-05-23,4
funding,2017-05-24,4
funding,2017-05-25,4
funding,2017-05-26,4
funding,2017-05-27,4
funding,2017-05-28,4
funding,2017-05-29,4
funding,2017-05-30,4
funding,2017-05-31,4
funding,2017-06-01,4
funding,2017-06-02,4
funding,2017-06-03,4
funding,2017-06-04,4
funding,2017-06-05,4
funding,2017-06-06,4
funding,2017-06-07,4
funding,2017-06-08,4
funding,2017-06-09,4
funding,2017-06-10,4
funding,2017-06-11,4
funding,2017-06-12,4
funding,2017-06-13,4
funding,2017-06-14,4
funding,2017-06-15,4
funding,2017-06-16,4
funding,2017-06-17,4
funding,2017-06-18,4
funding,2017-06-19,4
funding,2017-06-20,4
funding,2017-06-21,4
funding,2017-06-22,4
funding,2017-06-23,4
funding,2017-06-24,4
funding,2017-06-25,4
funding,2017-06-26,4
funding,2017-06-27,4
funding,2017-06-28,4
funding,2017-06-29,4
funding,2017-06-30,4
funding,2017-07-01,4
funding,2017-07-02,4
funding,2017-07-03,4
funding,2017-07-04,4
funding,2017-07-05,4
funding,2017-07-06,4
funding,2017-07-07,4
funding,2017-07-08,4
funding,2017-07-09,4
funding,2017-07-10,4
funding,2017-07-11,4
funding,2017-07-12,4
funding,2017-07-13,4
funding,2017-07-14,4
funding,2017-07-15,4
funding,2017-07-16,4
funding,2017-07-17,4
funding,2017-07-18,4
funding,2017-07-19,4
funding,2017-07-20,4
funding,2017-07-21,4
funding,2017-07-22,4
funding,2017-07-23,4
funding,2017-07-24,4
funding,2017-07-25,4
funding,2017-07-26,4
funding,2017-07-27,4
funding,2017-07-28,4
funding,2017-07-29,4
funding,2017-07-30,4
funding,2017-07-31,4
funding,2017-08-01,4
funding,2017-08-02,4
funding,2017-08-03,4
funding,2017-08-04,4
funding,2017-08-05,4
funding,2017-08-06,4
funding,2017-08-07,4
funding,2017-08-08,4
funding,2017-08-09,4
funding,2017-08-10,4
funding,2017-08-11,4
funding,2017-08-12,4
funding,2017-08-13,4
funding,2017-08-14,4
funding,2017-08-15,4
funding,2017-08-16,4
funding,2017-08-17,4
funding,2017-08-18,4
funding,2017-08-19,4
funding,2017-08-20,4
funding,2017-08-21,4
funding,2017-08-22,4
funding,2017-08-23,4
funding,2017-08-24,4
funding,2017-08-25,4
funding,2017-08-26,4
funding,2017-08-27,4
funding,2017-08-28,4
funding,2017-08-29,4
funding,2017-08-30,4
funding,2017-08-31,4
funding,2017-09-01,4
funding,2017-09-02,4
funding,2017-09-03,4
funding,2017-09-04,4
funding,2017-09-05,4
funding,2017-09-06,4
funding,2017-09-07,4
funding,2017-09-08,4
funding,2017-09-09,4
funding,2017-09-10,4
funding,2017-09-11,4
funding,2017-09-12,4
funding,2017-09-13,4
funding,2017-09-14,4
funding,2017-09-15,4
funding,2017-09-16,4
funding,2017-09-17,4
funding,2017-09-18,4
funding,2017-09-19,4
funding,2017-09-20,4
funding,2017-09-21,4
funding,2017-09-22,4
funding,2017-09-23,4
funding,2017-09-24,4
funding,2017-09-25,4
funding,2017-09-26,4
funding,2017-09-27,4
funding,2017-09-28,4
funding,2017-09-29,4
funding,2017-09-30,4
funding,2017-10-01,4
funding,2017-10-02,4
funding,2017-10-03,4
funding,2017-10-04,4
funding,2017-10-05,4
funding,2017-10-06,4
funding,2017-10-07,4
funding,2017-10-08,4
funding,2017-10-09,4
funding,2017-10-10,4
funding,2017-10-11,4
funding,2017-10-12,4
funding,2017-10-13,4
funding,2017-10-14,4
funding,2017-10-15,4
funding,2017-10-16,4
funding,2017-10-17,4
funding,2017-10-18,4
funding,2017-10-19,4
funding,2017-10-20,4
funding,2017-10-21,4
funding,2017-10-22,4
funding,2017-10-23,4
funding,2017-10-24,4
funding,2017-10-25,4
funding,2017-10-26,4
funding,2017-10-27,4
funding,2017-10-28,4
funding,2017-10-29,4
funding,2017-10-30,4
funding,2017-10-31,4
funding,2017-11-01,4
funding,2017-11-02,4
funding,2017-11-03,4
funding,2017-11-04,4
funding,2017-11-05,4
funding,2017-11-06,4
funding,2017-11-07,4
funding,2017-11-08,4
funding,2017-11-09,4
funding,2017-11-10,4
funding,2017-11-11,4
funding,2017-11-12,4
funding,2017-11-13,4
funding,2017-11-14,4
funding,2017-11-15,4
funding,2017-11-16,4
funding,2017-11-17,4
funding,2017-11-18,4
funding,2017-11-19,4
funding,2017-11-20,4
funding,2017-11-21,4
funding,2017-11-22,4
funding,2017-11-23,4
funding,2017-11-24,4
funding,2017-11-25,4
funding,2017-11-26,4
funding,2017-11-27,4
funding,2017-11-28,4
funding,2017-11-29,4
funding,2017-11-30,4
funding,2017-12-01,4
funding,2017-12-02,4
funding,2017-12-03,4
funding,2017-12-04,4
funding,2017-12-05,4
funding,2017-12-06,4
funding,2017-12-07,4
funding,2017-12-08,4
funding,2017-12-09,4
funding,2017-12-10,4
funding,2017-12-11,4
funding,2017-12-12,4
funding,2017-12-13,4
funding,2017-12-14,4
funding,2017-12-15,4
funding,2017-12-16,4
funding,2017-12-17,4
funding,2017-12-18,4
funding,2017-12-19,4
funding,2017-12-20,4
funding,2017-12-21,4
funding,2017-12-22,4
funding,2017-12-23,4
funding,2017-12-24,4
funding,2017-12-25,4
funding,2017-12-26,4
funding,2017-12-27,4
funding,2017-12-28,4
funding,2017-12-29,4
funding,2017-12-30,4
funding,2017-12-31,4
funding,2018-01-01,4
funding,2018-01-02,4
funding,2018-01-03,4
funding,2018-01-04,4
funding,2018-01-05,4
funding,2018-01-06,4
funding,2018-01-07,4
funding,2018-01-08,4
funding,2018-01-09,4
funding,2018-01-10,4
funding,2018-01-11,4
funding,2018-01-12,4
funding,2018-01-13,4
funding,2018-01-14,4
funding,2018-01-15,4
funding,2018-01-16,4
funding,2018-01-17,4
funding,2018-01-18,4
funding,2018-01-19,4
funding,2018-01-20,4
funding,2018-01-21,4
funding,2018-01-22,4
funding,2018-01-23,4
funding,2018-01-24,4
funding,2018-01-25,4
funding,2018-01-26,4
funding,2018-01-27,4
funding,2018-01-28,4
funding,2018-01-29,4
funding,2018-01-30,4
funding,2018-01-31,4
funding,2018-02-01,4
funding,2018-02-02,4
funding,2018-02-03,4
funding,2018-02-04,4
funding,2018-02-05,4
funding,2018-02-06,4
funding,2018-02-07,4
funding,2018-02-08,4
funding,2018-02-09,4
funding,2018-02-10,4
funding,2018-02-11,4
funding,2018-02-12,4
funding,2018-02-13,4
funding,2018-02-14,4
funding,2018-02-15,4
funding,2018-02-16,4
funding,2018-02-17,4
funding,2018-02-18,4
funding,2018-02-19,4
funding,2018-02-20,4
funding,2018-02-21,4
funding,2018-02-22,4
funding,2018-02-23,4
funding,2018-02-24,4
funding,2018-02-25,4
funding,2018-02-26,4
funding,2018-02-27,4
funding,2018-02-28,4
funding,2018-03-01,4
funding,2018-03-02,4
funding,2018-03-03,4
funding,2018-03-04,4
funding,2018-03-05,4
funding,2018-03-06,4
funding,2018-03-07,4
funding,2018-03-08,4
funding,2018-03-09,4
funding,2018-03-10,4
funding,2018-03-11,4
funding,2018-03-12,4
funding,2018-03-13,4
funding,2018-03-14,4
funding,2018-03-15,4
funding,2018-03-16,4
funding,2018-03-17,4
funding,2018-03-18,4
funding,2018-03-19,4
funding,2018-03-20,4
funding,2018-03-21,4
funding,2018-03-22,4
funding,2018-03-23,4
funding,2018-03-24,4
funding,2018-03-25,4
funding,2018-03-26,4
funding,2018-03-27,4
funding,2018-03-28,4
funding,2018-03-29,4
funding,2018-03-30,4
funding,2018-03-31,4
funding,2018-04-01,4
funding,2018-04-02,4
funding,2018-04-03,4
funding,2018-04-04,4
funding,2018-04-05,4
funding,2018-04-06,4
funding,2018-04-07,4
funding,2018-04-08,4
funding,2018-04-09,4
funding,2018-04-10,4
funding,2018-04-11,4
funding,2018-04-12,4
funding,2018-04-13,4
funding,2018-04-14,4
funding,2018-04-15,4
funding,2018-04-16,4
funding,2018-04-17,4
funding,2018-04-18,4
funding,2018-04-19,4
funding,2018-04-20,4
funding,2018-04-21,4
funding,2018-04-22,4
funding,2018-04-23,4
funding,2018-04-24,4
funding,2018-04-25,4
funding,2018-04-26,4
funding,2018-04-27,4
funding,2018-04-28,4
funding,2018-04-29,4
funding,2018-04-30,4
funding,2018-05-01,4
funding,2018-05-02,4
funding,2018-05-03,4
funding,2018-05-04,4
funding,2018-05-05,4
funding,2018-05-06,4
funding,2018-05-07,4
funding,2018-05-08,4
funding,2018-05-09,4
funding,2018-05-10,4
funding,2018-05-11,4
funding,2018-05-12,4
funding,2018-05-13,4
funding,2018-05-14,4
funding,2018-05-15,4
funding,2018-05-16,4
funding,2018-05-17,4
funding,2018-05-18,4
funding,2018-05-19,4
funding,2018-05-20,4
funding,2018-05-21,4
funding,2018-05-22,4
funding,2018-05-23,4
funding,2018-05-24,4
funding,2018-05-25,4
funding,2018-05-26,4
funding,2018-05-27,4
funding,2018-05-28,4
funding,2018-05-29,4
funding,2018-05-30,4
funding,2018-05-31,4
funding,2018-06-01,4
funding,2018-06-02,4
funding,2018-06-03,4
funding,2018-06-04,4
funding,2018-06-05,4
funding,2018-06-06,4
funding,2018-06-07,4
funding,2018-06-08,4
funding,2018-06-09,4
funding,2018-06-10,4
funding,2018-06-11,4
funding,2018-06-12,4
funding,2018-06-13,4
funding,2018-06-14,4
funding,2018-06-15,4
funding,2018-06-16,4
funding,2018-06-17,4
funding,2018-06-18,4
funding,2018-06-19,4
funding,2018-06-20,4
funding,2018-06-21,4
funding,2018-06-22,4
funding,2018-06-23,4
funding,2018-06-24,4
funding,2018-06-25,4
funding,2018-06-26,4
funding,2018-06-27,4
funding,2018-06-28,4
funding,2018-06-29,4
funding,2018-06-30,4
funding,2018-07-01,4
funding,2018-07-02,4
funding,2018-07-03,4
funding,2018-07-04,4
funding,2018-07-05,4
funding,2018-07-06,4
funding,2018-07-07,4
funding,2018-07-08,4
funding,2018-07-09,4
funding,2018-07-10,4
funding,2018-07-11,4
funding,2018-07-12,4
funding,2018-07-13,4
funding,2018-07-14,4
funding,2018-07-15,4
funding,2018-07-16,4
funding,2018-07-17,4
funding,2018-07-18,4
funding,2018-07-19,4
funding,2018-07-20,4
funding,2018-07-21,4
funding,2018-07-22,4
funding,2018-07-23,4
funding,2018-07-24,4
funding,2018-07-25,4
funding,2018-07-26,4
funding,2018-07-27,4
funding,2018-07-28,4
funding,2018-07-29,4
funding,2018-07-30,4
funding,2018-07-31,4
funding,2018-08-01,4
funding,2018-08-02,6
funding,2018-08-03,7
funding,2018-08-04,7
funding,2018-08-05,7
funding,2018-08-06,7
funding,2018-08-07,7
funding,2018-08-08,7
funding,2018-08-09,7
funding,2018-08-10,7
funding,2018-08-11,7
funding,2018-08-12,7
funding,2018-08-13,7
funding,2018-08-14,7
funding,2018-08-15,7
funding,2018-08-16,7
funding,2018-08-17,7
funding,2018-08-18,7
funding,2018-08-19,7
funding,2018-08-20,7
funding,2018-08-21,7
funding,2018-08-22,7
funding,2018-08-23,7
funding,2018-08-24,7
funding,2018-08-25,7
funding,2018-08-26,7
funding,2018-08-27,7
funding,2018-08-28,7
funding,2018-08-29,7
funding,2018-08-30,7
funding,2018-08-31,7
funding,2018-09-01,7
funding,2018-09-02,7
funding,2018-09-03,7
funding,2018-09-04,7
funding,2018-09-05,7
funding,2018-09-06,7
funding,2018-09-07,7
funding,2018-09-08,7
funding,2018-09-09,7
funding,2018-09-10,7
funding,2018-09-11,7
funding,2018-09-12,7
funding,2018-09-13,7
funding,2018-09-14,7
funding,2018-09-15,7
funding,2018-09-16,7
funding,2018-09-17,7
funding,2018-09-18,7
funding,2018-09-19,7
funding,2018-09-20,7
funding,2018-09-21,7
funding,2018-09-22,7
funding,2018-09-23,7
funding,2018-09-24,7
funding,2018-09-25,7
funding,2018-09-26,7
funding,2018-09-27,7
funding,2018-09-28,7
funding,2018-09-29,7
funding,2018-09-30,7
funding,2018-10-01,7
funding,2018-10-02,7
funding,2018-10-03,7
funding,2018-10-04,7
funding,2018-10-05,7
funding,2018-10-06,7
funding,2018-10-07,7
funding,2018-10-08,7
funding,2018-10-09,7
funding,2018-10-10,7
funding,2018-10-11,7
funding,2018-10-12,7
funding,2018-10-13,7
funding,2018-10-14,7
funding,2018-10-15,7
funding,2018-10-16,7
funding,2018-10-17,7
funding,2018-10-18,7
funding,2018-10-19,7
funding,2018-10-20,7
funding,2018-10-21,7
funding,2018-10-22,7
funding,2018-10-23,7
funding,2018-10-24,7
funding,2018-10-25,7
funding,2018-10-26,7
funding,2018-10-27,7
funding,2018-10-28,7
funding,2018-10-29,7
funding,2018-10-30,7
funding,2018-10-31,7
funding,2018-11-01,7
funding,2018-11-02,7
funding,2018-11-03,7
funding,2018-11-04,7
funding,2018-11-05,7
funding,2018-11-06,7
funding,2018-11-07,7
funding,2018-11-08,7
funding,2018-11-09,7
funding,2018-11-10,7
funding,2018-11-11,7
funding,2018-11-12,7
funding,2018-11-13,7
funding,2018-11-14,7
funding,2018-11-15,7
funding,2018-11-16,7
funding,2018-11-17,7
funding,2018-11-18,7
funding,2018-11-19,7
funding,2018-11-20,7
funding,2018-11-21,7
funding,2018-11-22,7
funding,2018-11-23,7
funding,2018-11-24,7
funding,2018-11-25,7
funding,2018-11-26,7
funding,2018-11-27,7
funding,2018-11-28,7
funding,2018-11-29,7
funding,2018-11-30,7
funding,2018-12-01,7
funding,2018-12-02,7
funding,2018-12-03,7
funding,2018-12-04,7
funding,2018-12-05,7
funding,2018-12-06,7
funding,2018-12-07,7
funding,2018-12-08,7
funding,2018-12-09,7
funding,2018-12-10,7
funding,2018-12-11,7
funding,2018-12-12,7
funding,2018-12-13,7
funding,2018-12-14,7
funding,2018-12-15,7
funding,2018-12-16,7
funding,2018-12-17,7
funding,2018-12-18,7
funding,2018-12-19,7
funding,2018-12-20,7
funding,2018-12-21,7
funding,2018-12-22,7
funding,2018-12-23,7
funding,2018-12-24,7
funding,2018-12-25,7
funding,2018-12-26,7
funding,2018-12-27,7
funding,2018-12-28,7
funding,2018-12-29,7
funding,2018-12-30,7
funding,2018-12-31,7
funding,2019-01-01,7
funding,2019-01-02,7
funding,2019-01-03,7
funding,2019-01-04,7
funding,2019-01-05,7
funding,2019-01-06,7
funding,2019-01-07,7
funding,2019-01-08,7
funding,2019-01-09,7
funding,2019-01-10,7
funding,2019-01-11,7
funding,2019-01-12,7
funding,2019-01-13,7
funding,2019-01-14,7
funding,2019-01-15,7
funding,2019-01-16,7
funding,2019-01-17,7
funding,2019-01-18,7
funding,2019-01-19,7
funding,2019-01-20,7
funding,2019-01-21,7
funding,2019-01-22,7
funding,2019-01-23,7
funding,2019-01-24,7
funding,2019-01-25,7
funding,2019-01-26,7
funding,2019-01-27,7
funding,2019-01-28,7
funding,2019-01-29,7
funding,2019-01-30,7
funding,2019-01-31,7
funding,2019-02-01,7
funding,2019-02-02,7
funding,2019-02-03,7
funding,2019-02-04,7
funding,2019-02-05,7
funding,2019-02-06,7
funding,2019-02-07,7
funding,2019-02-08,7
funding,2019-02-09,7
funding,2019-02-10,7
funding,2019-02-11,7
funding,2019-02-12,7
funding,2019-02-13,7
funding,2019-02-14,7
funding,2019-02-15,7
funding,2019-02-16,7
funding,2019-02-17,7
funding,2019-02-18,7
funding,2019-02-19,7
funding,2019-02-20,7
funding,2019-02-21,7
funding,2019-02-22,7
funding,2019-02-23,7
funding,2019-02-24,7
funding,2019-02-25,7
funding,2019-02-26,7
funding,2019-02-27,7
funding,2019-02-28,7
funding,2019-03-01,7
funding,2019-03-02,7
funding,2019-03-03,7
funding,2019-03-04,7
funding,2019-03-05,7
funding,2019-03-06,7
funding,2019-03-07,7
funding,2019-03-08,7
funding,2019-03-09,7
funding,2019-03-10,7
funding,2019-03-11,7
funding,2019-03-12,7
funding,2019-03-13,7
funding,2019-03-14,7
funding,2019-03-15,7
funding,2019-03-16,7
funding,2019-03-17,7
funding,2019-03-18,7
funding,2019-03-19,7
funding,2019-03-20,7
funding,2019-03-21,7
funding,2019-03-22,7
funding,2019-03-23,7
funding,2019-03-24,7
funding,2019-03-25,7
funding,2019-03-26,7
funding,2019-03-27,7
funding,2019-03-28,7
funding,2019-03-29,7
funding,2019-03-30,7
funding,2019-03-31,7
funding,2019-04-01,7
funding,2019-04-02,7
funding,2019-04-03,7
funding,2019-04-04,7
funding,2019-04-05,7
funding,2019-04-06,7
funding,2019-04-07,7
funding,2019-04-08,7
funding,2019-04-09,7
funding,2019-04-10,7
funding,2019-04-11,7
funding,2019-04-12,7
funding,2019-04-13,7
funding,2019-04-14,7
funding,2019-04-15,7
funding,2019-04-16,7
funding,2019-04-17,7
funding,2019-04-18,7
funding,2019-04-19,7
funding,2019-04-20,7
funding,2019-04-21,7
funding,2019-04-22,7
funding,2019-04-23,7
funding,2019-04-24,7
funding,2019-04-25,7
funding,2019-04-26,7
funding,2019-04-27,7
funding,2019-04-28,7
funding,2019-04-29,7
funding,2019-04-30,7
funding,2019-05-01,7
funding,2019-05-02,7
funding,2019-05-03,7
funding,2019-05-04,7
funding,2019-05-05,7
funding,2019-05-06,7
funding,2019-05-07,7
funding,2019-05-08,7
funding,2019-05-09,7
funding,2019-05-10,7
funding,2019-05-11,7
funding,2019-05-12,7
funding,2019-05-13,7
funding,2019-05-14,7
funding,2019-05-15,7
funding,2019-05-16,7
funding,2019-05-17,7
funding,2019-05-18,7
funding,2019-05-19,7
funding,2019-05-20,7
funding,2019-05-21,7
funding,2019-05-22,7
funding,2019-05-23,7
funding,2019-05-24,7
funding,2019-05-25,7
funding,2019-05-26,7
funding,2019-05-27,7
funding,2019-05-28,7
funding,2019-05-29,7
funding,2019-05-30,7
funding,2019-05-31,7
funding,2019-06-01,7
funding,2019-06-02,7
funding,2019-06-03,7
funding,2019-06-04,7
funding,2019-06-05,7
funding,2019-06-06,7
funding,2019-06-07,7
funding,2019-06-08,7
funding,2019-06-09,7
funding,2019-06-10,7
funding,2019-06-11,7
funding,2019-06-12,7
funding,2019-06-13,7
funding,2019-06-14,7
funding,2019-06-15,7
funding,2019-06-16,7
funding,2019-06-17,7
funding,2019-06-18,7
funding,2019-06-19,7
funding,2019-06-20,7
funding,2019-06-21,7
funding,2019-06-22,7
funding,2019-06-23,7
funding,2019-06-24,7
funding,2019-06-25,7
funding,2019-06-26,7
funding,2019-06-27,7
funding,2019-06-28,7
funding,2019-06-29,7
funding,2019-06-30,7
funding,2019-07-01,7
funding,2019-07-02,7
funding,2019-07-03,7
funding,2019-07-04,7
funding,2019-07-05,7
funding,2019-07-06,7
funding,2019-07-07,7
funding,2019-07-08,7
funding,2019-07-09,7
funding,2019-07-10,7
funding,2019-07-11,7
funding,2019-07-12,7
funding,2019-07-13,7
funding,2019-07-14,7
funding,2019-07-15,7
funding,2019-07-16,7
funding,2019-07-17,7
funding,2019-07-18,7
funding,2019-07-19,7
funding,2019-07-20,7
funding,2019-07-21,7
funding,2019-07-22,7
funding,2019-07-23,7
funding,2019-07-24,7
funding,2019-07-25,7
funding,2019-07-26,7
funding,2019-07-27,7
funding,2019-07-28,7
funding,2019-07-29,7
funding,2019-07-30,7
funding,2019-07-31,7
funding,2019-08-01,7
funding,2019-08-02,7
funding,2019-08-03,7
funding,2019-08-04,7
funding,2019-08-05,7
funding,2019-08-06,7
funding,2019-08-07,7
funding,2019-08-08,7
funding,2019-08-09,7
funding,2019-08-10,7
funding,2019-08-11,7
funding,2019-08-12,7
funding,2019-08-13,7
funding,2019-08-14,7
funding,2019-08-15,7
funding,2019-08-16,7
funding,2019-08-17,7
funding,2019-08-18,7
funding,2019-08-19,7
funding,2019-08-20,7
funding,2019-08-21,7
funding,2019-08-22,7
funding,2019-08-23,7
funding,2019-08-24,7
funding,2019-08-25,7
funding,2019-08-26,7
funding,2019-08-27,7
funding,2019-08-28,7
funding,2019-08-29,7
funding,2019-08-30,7
funding,2019-08-31,7
funding,2019-09-01,7
funding,2019-09-02,7
funding,2019-09-03,7
funding,2019-09-04,7
funding,2019-09-05,7
funding,2019-09-06,7
funding,2019-09-07,7
funding,2019-09-08,7
funding,2019-09-09,7
funding,2019-09-10,7
funding,2019-09-11,7
funding,2019-09-12,7
funding,2019-09-13,7
funding,2019-09-14,7
funding,2019-09-15,7
funding,2019-09-16,7
funding,2019-09-17,7
funding,2019-09-18,7
funding,2019-09-19,7
funding,2019-09-20,7
funding,2019-09-21,7
funding,2019-09-22,7
funding,2019-09-23,7
funding,2019-09-24,7
funding,2019-09-25,7
funding,2019-09-26,7
funding,2019-09-27,7
funding,2019-09-28,7
funding,2019-09-29,7
funding,2019-09-30,7
funding,2019-10-01,7
funding,2019-10-02,7
funding,2019-10-03,7
funding,2019-10-04,7
funding,2019-10-05,7
funding,2019-10-06,7
funding,2019-10-07,7
funding,2019-10-08,7
funding,2019-10-09,7
funding,2019-10-10,7
funding,2019-10-11,7
funding,2019-10-12,7
funding,2019-10-13,7
funding,2019-10-14,7
funding,2019-10-15,7
funding,2019-10-16,7
funding,2019-10-17,7
funding,2019-10-18,7
funding,2019-10-19,7
funding,2019-10-20,7
funding,2019-10-21,7
funding,2019-10-22,7
funding,2019-10-23,7
funding,2019-10-24,7
funding,2019-10-25,7
funding,2019-10-26,7
funding,2019-10-27,7
funding,2019-10-28,7
funding,2019-10-29,7
funding,2019-10-30,7
funding,2019-10-31,7
funding,2019-11-01,7
funding,2019-11-02,7
funding,2019-11-03,7
funding,2019-11-04,7
funding,2019-11-05,7
funding,2019-11-06,7
funding,2019-11-07,7
funding,2019-11-08,7
funding,2019-11-09,7
funding,2019-11-10,7
funding,2019-11-11,7
funding,2019-11-12,7
funding,2019-11-13,7
funding,2019-11-14,7
funding,2019-11-15,7
funding,2019-11-16,7
funding,2019-11-17,7
funding,2019-11-18,7
funding,2019-11-19,7
funding,2019-11-20,7
funding,2019-11-21,7
funding,2019-11-22,7
funding,2019-11-23,7
funding,2019-11-24,7
funding,2019-11-25,7
funding,2019-11-26,7
funding,2019-11-27,7
funding,2019-11-28,7
funding,2019-11-29,7
funding,2019-11-30,7
funding,2019-12-01,7
funding,2019-12-02,7
funding,2019-12-03,7
funding,2019-12-04,7
funding,2019-12-05,7
funding,2019-12-06,7
funding,2019-12-07,7
funding,2019-12-08,7
funding,2019-12-09,7
funding,2019-12-10,7
funding,2019-12-11,7
funding,2019-12-12,7
funding,2019-12-13,7
funding,2019-12-14,7
funding,2019-12-15,7
funding,2019-12-16,7
funding,2019-12-17,7
funding,2019-12-18,7
funding,2019-12-19,7
funding,2019-12-20,7
funding,2019-12-21,7
funding,2019-12-22,7
funding,2019-12-23,7
funding,2019-12-24,7
funding,2019-12-25,7
funding,2019-12-26,7
funding,2019-12-27,7
funding,2019-12-28,7
funding,2019-12-29,7
funding,2019-12-30,7
funding,2019-12-31,7
funding,2020-01-01,7
funding,2020-01-02,7
funding,2020-01-03,7
funding,2020-01-04,7
funding,2020-01-05,7
funding,2020-01-06,7
funding,2020-01-07,7
funding,2020-01-08,7
funding,2020-01-09,7
funding,2020-01-10,7
funding,2020-01-11,7
funding,2020-01-12,7
funding,2020-01-13,7
funding,2020-01-14,7
funding,2020-01-15,7
funding,2020-01-16,7
funding,2020-01-17,7
funding,2020-01-18,7
funding,2020-01-19,7
funding,2020-01-20,7
funding,2020-01-21,7
funding,2020-01-22,7
funding,2020-01-23,7
funding,2020-01-24,7
funding,2020-01-25,7
funding,2020-01-26,7
funding,2020-01-27,7
funding,2020-01-28,7
funding,2020-01-29,7
funding,2020-01-30,7
funding,2020-01-31,7
funding,2020-02-01,7
funding,2020-02-02,7
funding,2020-02-03,7
funding,2020-02-04,7
funding,2020-02-05,9
funding,2020-02-06,10
funding,2020-02-07,10
funding,2020-02-08,10
funding,2020-02-09,10
funding,2020-02-10,10
funding,2020-02-11,10
funding,2020-02-12,10
funding,2020-02-13,10
funding,2020-02-14,10
funding,2020-02-15,10
funding,2020-02-16,10
funding,2020-02-17,10
funding,2020-02-18,10
funding,2020-02-19,10
funding,2020-02-20,10
funding,2020-02-21,10
funding,2020-02-22,10
funding,2020-02-23,10
funding,2020-02-24,10
funding,2020-02-25,10
funding,2020-02-26,10
funding,2020-02-27,10
funding,2020-02-28,10
funding,2020-02-29,10
funding,2020-03-01,10
funding,2020-03-02,10
funding,2020-03-03,10
funding,2020-03-04,10
funding,2020-03-05,10
funding,2020-03-06,10
funding,2020-03-07,10
funding,2020-03-08,10
funding,2020-03-09,10
funding,2020-03-10,10
funding,2020-03-11,10
funding,2020-03-12,10
funding,2020-03-13,10
funding,2020-03-14,10
funding,2020-03-15,10
funding,2020-03-16,10
funding,2020-03-17,10
funding,2020-03-18,10
funding,2020-03-19,10
funding,2020-03-20,10
funding,2020-03-21,10
funding,2020-03-22,10
funding,2020-03-23,10
funding,2020-03-24,10
funding,2020-03-25,10
funding,2020-03-26,10
funding,2020-03-27,10
funding,2020-03-28,10
funding,2020-03-29,10
funding,2020-03-30,10
funding,2020-03-31,10
funding,2020-04-01,10
funding,2020-04-02,10
funding,2020-04-03,10
funding,2020-04-04,10
funding,2020-04-05,10
funding,2020-04-06,10
funding,2020-04-07,10
funding,2020-04-08,10
funding,2020-04-09,10
funding,2020-04-10,10
funding,2020-04-11,10
funding,2020-04-12,10
funding,2020-04-13,10
funding,2020-04-14,10
funding,2020-04-15,10
funding,2020-04-16,10
funding,2020-04-17,10
funding,2020-04-18,10
funding,2020-04-19,10
funding,2020-04-20,10
funding,2020-04-21,10
funding,2020-04-22,10
funding,2020-04-23,10
funding,2020-04-24,10
funding,2020-04-25,10
funding,2020-04-26,10
funding,2020-04-27,10
funding,2020-04-28,10
funding,2020-04-29,10
funding,2020-04-30,10
funding,2020-05-01,10
funding,2020-05-02,10
funding,2020-05-03,10
funding,2020-05-04,10
funding,2020-05-05,10
funding,2020-05-06,10
funding,2020-05-07,10
funding,2020-05-08,10
funding,2020-05-09,10
funding,2020-05-10,10
funding,2020-05-11,10
funding,2020-05-12,10
funding,2020-05-13,10
funding,2020-05-14,10
funding,2020-05-15,10
funding,2020-05-16,10
funding,2020-05-17,10
funding,2020-05-18,10
funding,2020-05-19,10
funding,2020-05-20,10
funding,2020-05-21,10
funding,2020-05-22,10
funding,2020-05-23,10
funding,2020-05-24,10
funding,2020-05-25,10
funding,2020-05-26,10
funding,2020-05-27,10
funding,2020-05-28,10
funding,2020-05-29,10
funding,2020-05-30,10
funding,2020-05-31,10
funding,2020-06-01,10
funding,2020-06-02,10
funding,2020-06-03,10
funding,2020-06-04,10
funding,2020-06-05,10
funding,2020-06-06,10
funding,2020-06-07,10
funding,2020-06-08,10
funding,2020-06-09,10
funding,2020-06-10,10
funding,2020-06-11,10
funding,2020-06-12,10
funding,2020-06-13,10
funding,2020-06-14,10
funding,2020-06-15,10
funding,2020-06-16,12
funding,2020-06-17,13
funding,2020-06-18,13
funding,2020-06-19,13
funding,2020-06-20,13
funding,2020-06-21,13
funding,2020-06-22,13
funding,2020-06-23,13
funding,2020-06-24,13
funding,2020-06-25,13
funding,2020-06-26,13
funding,2020-06-27,13
funding,2020-06-28,13
funding,2020-06-29,13
funding,2020-06-30,13
funding,2020-07-01,13
funding,2020-07-02,13
funding,2020-07-03,13
funding,2020-07-04,13
funding,2020-07-05,13
funding,2020-07-06,13
funding,2020-07-07,13
funding,2020-07-08,13
funding,2020-07-09,13
funding,2020-07-10,13
funding,2020-07-11,13
funding,2020-07-12,13
funding,2020-07-13,13
funding,2020-07-14,13
funding,2020-07-15,13
funding,2020-07-16,13
funding,2020-07-17,13
funding,2020-07-18,13
funding,2020-07-19,13
funding,2020-07-20,13
funding,2020-07-21,13
funding,2020-07-22,13
funding,2020-07-23,13
funding,2020-07-24,13
funding,2020-07-25,13
funding,2020-07-26,13
funding,2020-07-27,13
funding,2020-07-28,13
funding,2020-07-29,13
funding,2020-07-30,15
funding,2020-07-31,16
funding,2020-08-01,16
funding,2020-08-02,16
funding,2020-08-03,16
funding,2020-08-04,16
funding,2020-08-05,16
funding,2020-08-06,16
funding,2020-08-07,16
funding,2020-08-08,16
funding,2020-08-09,16
funding,2020-08-10,16
funding,2020-08-11,16
funding,2020-08-12,16
funding,2020-08-13,16
funding,2020-08-14,16
funding,2020-08-15,16
funding,2020-08-16,16
funding,2020-08-17,16
funding,2020-08-18,16
funding,2020-08-19,16
funding,2020-08-20,16
funding,2020-08-21,16
funding,2020-08-22,16
funding,2020-08-23,16
funding,2020-08-24,16
funding,2020-08-25,16
funding,2020-08-26,16
funding,2020-08-27,16
funding,2020-08-28,16
funding,2020-08-29,16
funding,2020-08-30,16
funding,2020-08-31,16
funding,2020-09-01,16
funding,2020-09-02,16
funding,2020-09-03,16
funding,2020-09-04,16
funding,2020-09-05,16
funding,2020-09-06,16
funding,2020-09-07,16
funding,2020-09-08,16
funding,2020-09-09,16
funding,2020-09-10,16
funding,2020-09-11,16
funding,2020-09-12,16
funding,2020-09-13,16
funding,2020-09-14,16
funding,2020-09-15,16
funding,2020-09-16,16
funding,2020-09-17,16
funding,2020-09-18,16
funding,2020-09-19,16
funding,2020-09-20,16
funding,2020-09-21,16
funding,2020-09-22,16
funding,2020-09-23,16
funding,2020-09-24,16
funding,2020-09-25,16
funding,2020-09-26,16
funding,2020-09-27,16
funding,2020-09-28,16
funding,2020-09-29,16
funding,2020-09-30,16
funding,2020-10-01,16
funding,2020-10-02,16
funding,2020-10-03,16
funding,2020-10-04,16
funding,2020-10-05,16
funding,2020-10-06,16
funding,2020-10-07,16
funding,2020-10-08,16
funding,2020-10-09,16
funding,2020-10-10,16
funding,2020-10-11,16
funding,2020-10-12,16
funding,2020-10-13,16
funding,2020-10-14,16
funding,2020-10-15,16
funding,2020-10-16,18
funding,2020-10-17,19
funding,2020-10-18,19
funding,2020-10-19,19
funding,2020-10-20,19
funding,2020-10-21,19
funding,2020-10-22,19
funding,2020-10-23,19
funding,2020-10-24,19
funding,2020-10-25,19
funding,2020-10-26,19
funding,2020-10-27,19
funding,2020-10-28,19
funding,2020-10-29,19
funding,2020-10-30,19
funding,2020-10-31,19
funding,2020-11-01,19
funding,2020-11-02,19
funding,2020-11-03,19
funding,2020-11-04,19
funding,2020-11-05,19
funding,2020-11-06,19
funding,2020-11-07,19
funding,2020-11-08,19
funding,2020-11-09,19
funding,2020-11-10,19
funding,2020-11-11,19
funding,2020-11-12,19
funding,2020-11-13,19
funding,2020-11-14,19
funding,2020-11-15,19
funding,2020-11-16,19
funding,2020-11-17,19
funding,2020-11-18,19
funding,2020-11-19,19
funding,2020-11-20,19
funding,2020-11-21,19
funding,2020-11-22,19
funding,2020-11-23,19
funding,2020-11-24,19
funding,2020-11-25,19
funding,2020-11-26,19
funding,2020-11-27,19
funding,2020-11-28,19
funding,2020-11-29,19
funding,2020-11-30,19
funding,2020-12-01,19
funding,2020-12-02,19
funding,2020-12-03,19
funding,2020-12-04,19
funding,2020-12-05,19
funding,2020-12-06,19
funding,2020-12-07,19
funding,2020-12-08,19
funding,2020-12-09,19
funding,2020-12-10,19
funding,2020-12-11,19
funding,2020-12-12,19
funding,2020-12-13,19
funding,2020-12-14,19
funding,2020-12-15,19
funding,2020-12-16,19
funding,2020-12-17,19
funding,2020-12-18,19
funding,2020-12-19,19
funding,2020-12-20,19
funding,2020-12-21,19
funding,2020-12-22,19
funding,2020-12-23,19
funding,2020-12-24,19
funding,2020-12-25,19
funding,2020-12-26,19
funding,2020-12-27,19
funding,2020-12-28,19
funding,2020-12-29,19
funding,2020-12-30,19
funding,2020-12-31,19
funding,2021-01-01,19
funding,2021-01-02,19
funding,2021-01-03,19
funding,2021-01-04,19
funding,2021-01-05,19
funding,2021-01-06,19
funding,2021-01-07,19
funding,2021-01-08,19
funding,2021-01-09,19
funding,2021-01-10,19
funding,2021-01-11,19
funding,2021-01-12,19
funding,2021-01-13,19
funding,2021-01-14,19
funding,2021-01-15,19
funding,2021-01-16,19
funding,2021-01-17,19
funding,2021-01-18,19
funding,2021-01-19,19
funding,2021-01-20,19
funding,2021-01-21,19
funding,2021-01-22,19
funding,2021-01-23,19
funding,2021-01-24,19
funding,2021-01-25,19
funding,2021-01-26,19
funding,2021-01-27,19
funding,2021-01-28,19
funding,2021-01-29,19
funding,2021-01-30,19
funding,2021-01-31,19
funding,2021-02-01,19
funding,2021-02-02,19
funding,2021-02-03,19
funding,2021-02-04,19
funding,2021-02-05,21
funding,2021-02-06,22
funding,2021-02-07,22
funding,2021-02-08,22
funding,2021-02-09,22
funding,2021-02-10,22
funding,2021-02-11,22
funding,2021-02-12,22
funding,2021-02-13,22
funding,2021-02-14,22
funding,2021-02-15,22
funding,2021-02-16,22
funding,2021-02-17,22
funding,2021-02-18,22
funding,2021-02-19,22
funding,2021-02-20,22
funding,2021-02-21,22
funding,2021-02-22,22
funding,2021-02-23,22
funding,2021-02-24,22
funding,2021-02-25,22
funding,2021-02-26,22
funding,2021-02-27,22
funding,2021-02-28,22
funding,2021-03-01,22
funding,2021-03-02,22
funding,2021-03-03,26
funding,2021-03-04,28
funding,2021-03-05,28
funding,2021-03-06,28
funding,2021-03-07,28
funding,2021-03-08,28
funding,2021-03-09,28
funding,2021-03-10,32
funding,2021-03-11,34
funding,2021-03-12,34
funding,2021-03-13,34
funding,2021-03-14,34
funding,2021-03-15,34
funding,2021-03-16,34
funding,2021-03-17,38
funding,2021-03-18,40
funding,2021-03-19,40
funding,2021-03-20,40
funding,2021-03-21,40
funding,2021-03-22,40
funding,2021-03-23,40
funding,2021-03-24,40
funding,2021-03-25,40
funding,2021-03-26,40
funding,2021-03-27,40
funding,2021-03-28,40
funding,2021-03-29,40
funding,2021-03-30,40
funding,2021-03-31,40
funding,2021-04-01,40
funding,2021-04-02,40
funding,2021-04-03,40
funding,2021-04-04,40
funding,2021-04-05,40
funding,2021-04-06,40
funding,2021-04-07,40
funding,2021-04-08,40
funding,2021-04-09,40
funding,2021-04-10,40
funding,2021-04-11,40
funding,2021-04-12,40
funding,2021-04-13,40
funding,2021-04-14,40
funding,2021-04-15,40
funding,2021-04-16,40
funding,2021-04-17,40
funding,2021-04-18,40
funding,2021-04-19,40
funding,2021-04-20,40
funding,2021-04-21,40
funding,2021-04-22,40
funding,2021-04-23,40
funding,2021-04-24,40
funding,2021-04-25,40
funding,2021-04-26,40
funding,2021-04-27,40
funding,2021-04-28,40
funding,2021-04-29,40
funding,2021-04-30,40
funding,2021-05-01,40
funding,2021-05-02,40
funding,2021-05-03,40
funding,2021-05-04,40
funding,2021-05-05,40
funding,2021-05-06,40
funding,2021-05-07,40
funding,2021-05-08,40
funding,2021-05-09,40
funding,2021-05-10,40
funding,2021-05-11,40
funding,2021-05-12,40
funding,2021-05-13,40
funding,2021-05-14,40
funding,2021-05-15,40
funding,2021-05-16,40
funding,2021-05-17,40
funding,2021-05-18,40
funding,2021-05-19,40
funding,2021-05-20,42
funding,2021-05-21,43
funding,2021-05-22,43
funding,2021-05-23,43
funding,2021-05-24,43
funding,2021-05-25,43
funding,2021-05-26,43
funding,2021-05-27,43
funding,2021-05-28,43
funding,2021-05-29,43
funding,2021-05-30,43
funding,2021-05-31,43
funding,2021-06-01,45
funding,2021-06-02,46
funding,2021-06-03,46
funding,2021-06-04,46
funding,2021-06-05,46
funding,2021-06-06,46
funding,2021-06-07,46
funding,2021-06-08,46
funding,2021-06-09,48
funding,2021-06-10,49
funding,2021-06-11,49
funding,2021-06-12,49
funding,2021-06-13,49
funding,2021-06-14,49
funding,2021-06-15,49
funding,2021-06-16,51
funding,2021-06-17,52
funding,2021-06-18,52
funding,2021-06-19,52
funding,2021-06-20,52
funding,2021-06-21,52
funding,2021-06-22,52
funding,2021-06-23,52
funding,2021-06-24,52
funding,2021-06-25,52
funding,2021-06-26,52
funding,2021-06-27,52
funding,2021-06-28,52
funding,2021-06-29,52
funding,2021-06-30,54
funding,2021-07-01,55
funding,2021-07-02,55
funding,2021-07-03,55
funding,2021-07-04,55
funding,2021-07-05,55
funding,2021-07-06,55
funding,2021-07-07,57
funding,2021-07-08,58
funding,2021-07-09,58
funding,2021-07-10,58
funding,2021-07-11,58
funding,2021-07-12,58
funding,2021-07-13,58
funding,2021-07-14,60
funding,2021-07-15,61
funding,2021-07-16,61
funding,2021-07-17,61
funding,2021-07-18,61
funding,2021-07-19,61
funding,2021-07-20,65
funding,2021-07-21,69
funding,2021-07-22,70
funding,2021-07-23,70
funding,2021-07-24,70
funding,2021-07-25,70
funding,2021-07-26,70
funding,2021-07-27,70
funding,2021-07-28,70
funding,2021-07-29,70
funding,2021-07-30,70
funding,2021-07-31,70
funding,2021-08-01,70
funding,2021-08-02,70
funding,2021-08-03,70
funding,2021-08-04,70
funding,2021-08-05,70
funding,2021-08-06,70
funding,2021-08-07,70
funding,2021-08-08,70
funding,2021-08-09,70
funding,2021-08-10,72
funding,2021-08-11,73
funding,2021-08-12,73
funding,2021-08-13,73
funding,2021-08-14,73
funding,2021-08-15,73
funding,2021-08-16,73
funding,2021-08-17,73
funding,2021-08-18,73
funding,2021-08-19,73
funding,2021-08-20,73
funding,2021-08-21,73
funding,2021-08-22,73
funding,2021-08-23,73
funding,2021-08-24,75
funding,2021-08-25,76
funding,2021-08-26,76
funding,2021-08-27,76
funding,2021-08-28,76
funding,2021-08-29,76
funding,2021-08-30,76
funding,2021-08-31,76
funding,2021-09-01,76
funding,2021-09-02,76
funding,2021-09-03,76
funding,2021-09-04,76
funding,2021-09-05,76
funding,2021-09-06,76
funding,2021-09-07,76
funding,2021-09-08,76
funding,2021-09-09,76
funding,2021-09-10,76
funding,2021-09-11,76
funding,2021-09-12,76
funding,2021-09-13,76
funding,2021-09-14,76
funding,2021-09-15,76
funding,2021-09-16,76
funding,2021-09-17,76
funding,2021-09-18,76
funding,2021-09-19,76
funding,2021-09-20,76
funding,2021-09-21,76
funding,2021-09-22,76
funding,2021-09-23,78
funding,2021-09-24,79
funding,2021-09-25,79
funding,2021-09-26,79
funding,2021-09-27,79
funding,2021-09-28,79
funding,2021-09-29,89
funding,2021-09-30,94
funding,2021-10-01,94
funding,2021-10-02,94
funding,2021-10-03,94
funding,2021-10-04,94
funding,2021-10-05,94
funding,2021-10-06,94
funding,2021-10-07,94
funding,2021-10-08,94
funding,2021-10-09,94
funding,2021-10-10,94
funding,2021-10-11,94
funding,2021-10-12,94
funding,2021-10-13,89
funding,2021-10-14,79
funding,2021-10-15,79
funding,2021-10-16,79
funding,2021-10-17,79
funding,2021-10-18,79
funding,2021-10-19,79
funding,2021-10-20,87
funding,2021-10-21,91
funding,2021-10-22,91
funding,2021-10-23,91
funding,2021-10-24,91
funding,2021-10-25,91
funding,2021-10-26,91
funding,2021-10-27,91
funding,2021-10-28,91
funding,2021-10-29,91
funding,2021-10-30,91
funding,2021-10-31,91
funding,2021-11-01,91
funding,2021-11-02,79
funding,2021-11-03,55
funding,2021-11-04,55
funding,2021-11-05,55
funding,2021-11-06,55
funding,2021-11-07,55
funding,2021-11-08,55
funding,2021-11-09,55
funding,2021-11-10,69
funding,2021-11-11,76
funding,2021-11-12,76
funding,2021-11-13,76
funding,2021-11-14,76
funding,2021-11-15,76
funding,2021-11-16,76
funding,2021-11-17,76
funding,2021-11-18,76
funding,2021-11-19,76
funding,2021-11-20,76
funding,2021-11-21,76
funding,2021-11-22,76
funding,2021-11-23,76
funding,2021-11-24,76
funding,2021-11-25,76
funding,2021-11-26,76
funding,2021-11-27,76
funding,2021-11-28,76
funding,2021-11-29,76
funding,2021-11-30,76
funding,2021-12-01,76
funding,2021-12-02,76
funding,2021-12-03,76
funding,2021-12-04,76
funding,2021-12-05,76
funding,2021-12-06,76
funding,2021-12-07,76
funding,2021-12-08,76
funding,2021-12-09,76
funding,2021-12-10,76
funding,2021-12-11,76
funding,2021-12-12,76
funding,2021-12-13,76
funding,2021-12-14,76
funding,2021-12-15,82
funding,2021-12-16,82
funding,2021-12-17,82
funding,2021-12-18,82
funding,2021-12-19,82
funding,2021-12-20,82
funding,2021-12-21,82
funding,2021-12-22,82
funding,2021-12-23,82
funding,2021-12-24,82
funding,2021-12-25,82
funding,2021-12-26,82
funding,2021-12-27,82
funding,2021-12-28,82
funding,2021-12-29,82
funding,2021-12-30,82
funding,2021-12-31,82
funding,2022-01-01,82
funding,2022-01-02,82
funding,2022-01-03,82
funding,2022-01-04,82
funding,2022-01-05,82
funding,2022-01-06,82
funding,2022-01-07,82
funding,2022-01-08,82
funding,2022-01-09,82
funding,2022-01-10,82
funding,2022-01-11,82
funding,2022-01-12,90
funding,2022-01-13,94
funding,2022-01-14,94
funding,2022-01-15,94
funding,2022-01-16,94
funding,2022-01-17,94
funding,2022-01-18,94
funding,2022-01-19,94
funding,2022-01-20,94
funding,2022-01-21,94
funding,2022-01-22,94
funding,2022-01-23,94
funding,2022-01-24,94
funding,2022-01-25,94
funding,2022-01-26,94
funding,2022-01-27,94
funding,2022-01-28,94
funding,2022-01-29,94
funding,2022-01-30,94
funding,2022-01-31,94
funding,2022-02-01,94
funding,2022-02-02,94
funding,2022-02-03,94
funding,2022-02-04,94
funding,2022-02-05,94
funding,2022-02-06,94
funding,2022-02-07,94
funding,2022-02-08,94
funding,2022-02-09,94
funding,2022-02-10,94
funding,2022-02-11,94
funding,2022-02-12,94
funding,2022-02-13,94
funding,2022-02-14,94
funding,2022-02-15,94
funding,2022-02-16,100
funding,2022-02-17,103
funding,2022-02-18,103
funding,2022-02-19,103
funding,2022-02-20,103
funding,2022-02-21,103
funding,2022-02-22,103
funding,2022-02-23,111
funding,2022-02-24,115
funding,2022-02-25,115
funding,2022-02-26,115
funding,2022-02-27,115
funding,2022-02-28,115
funding,2022-03-01,115
funding,2022-03-02,115
funding,2022-03-03,115
funding,2022-03-04,115
funding,2022-03-05,115
funding,2022-03-06,115
funding,2022-03-07,115
funding,2022-03-08,115
funding,2022-03-09,115
funding,2022-03-10,115
funding,2022-03-11,115
funding,2022-03-12,115
funding,2022-03-13,115
funding,2022-03-14,115
funding,2022-03-15,115
funding,2022-03-16,115
funding,2022-03-17,115
funding,2022-03-18,115
funding,2022-03-19,115
funding,2022-03-20,115
funding,2022-03-21,115
funding,2022-03-22,117
funding,2022-03-23,118
funding,2022-03-24,118
funding,2022-03-25,118
funding,2022-03-26,118
funding,2022-03-27,118
funding,2022-03-28,118
funding,2022-03-29,118
funding,2022-03-30,118
funding,2022-03-31,118
funding,2022-04-01,118
funding,2022-04-02,118
funding,2022-04-03,118
funding,2022-04-04,118
funding,2022-04-05,118
funding,2022-04-06,118
funding,2022-04-07,118
funding,2022-04-08,118
funding,2022-04-09,118
funding,2022-04-10,118
funding,2022-04-11,122
funding,2022-04-12,124
funding,2022-04-13,124
funding,2022-04-14,124
funding,2022-04-15,124
funding,2022-04-16,124
funding,2022-04-17,124
funding,2022-04-18,124
funding,2022-04-19,124
funding,2022-04-20,124
funding,2022-04-21,124
funding,2022-04-22,124
funding,2022-04-23,124
funding,2022-04-24,124
funding,2022-04-25,124
funding,2022-04-26,124
funding,2022-04-27,124
funding,2022-04-28,124
funding,2022-04-29,124
funding,2022-04-30,124
funding,2022-05-01,124
funding,2022-05-02,124
funding,2022-05-03,124
funding,2022-05-04,124
funding,2022-05-05,128
funding,2022-05-06,130
funding,2022-05-07,130
funding,2022-05-08,130
funding,2022-05-09,130
funding,2022-05-10,130
funding,2022-05-11,130
funding,2022-05-12,130
funding,2022-05-13,124
funding,2022-05-14,124
funding,2022-05-15,124
funding,2022-05-16,124
funding,2022-05-17,124
funding,2022-05-18,124
funding,2022-05-19,134
funding,2022-05-20,139
funding,2022-05-21,139
funding,2022-05-22,139
funding,2022-05-23,139
funding,2022-05-24,139
funding,2022-05-25,139
funding,2022-05-26,139
funding,2022-05-27,139
funding,2022-05-28,139
funding,2022-05-29,139
funding,2022-05-30,139
funding,2022-05-31,141
funding,2022-06-01,142
funding,2022-06-02,146
funding,2022-06-03,148
funding,2022-06-04,148
funding,2022-06-05,148
funding,2022-06-06,148
funding,2022-06-07,148
funding,2022-06-08,148
funding,2022-06-09,148
funding,2022-06-10,148
funding,2022-06-11,148
funding,2022-06-12,148
funding,2022-06-13,148
funding,2022-06-14,148
funding,2022-06-15,148
funding,2022-06-16,148
funding,2022-06-17,148
funding,2022-06-18,148
funding,2022-06-19,148
funding,2022-06-20,148
funding,2022-06-21,148
funding,2022-06-22,148
funding,2022-06-23,148
funding,2022-06-24,148
funding,2022-06-25,148
funding,2022-06-26,148
funding,2022-06-27,148
funding,2022-06-28,148
funding,2022-06-29,148
funding,2022-06-30,148
funding,2022-07-01,148
funding,2022-07-02,148
funding,2022-07-03,148
funding,2022-07-04,148
funding,2022-07-05,148
funding,2022-07-06,148
funding,2022-07-07,148
funding,2022-07-08,148
funding,2022-07-09,148
funding,2022-07-10,148
funding,2022-07-11,148
funding,2022-07-12,148
funding,2022-07-13,148
funding,2022-07-14,148
funding,2022-07-15,148
funding,2022-07-16,148
funding,2022-07-17,148
funding,2022-07-18,148
funding,2022-07-19,148
funding,2022-07-20,148
funding,2022-07-21,148
funding,2022-07-22,148
funding,2022-07-23,148
funding,2022-07-24,148
funding,2022-07-25,148
funding,2022-07-26,148
funding,2022-07-27,148
funding,2022-07-28,148
funding,2022-07-29,148
funding,2022-07-30,148
funding,2022-07-31,148
funding,2022-08-01,148
funding,2022-08-02,148
funding,2022-08-03,192
funding,2022-08-04,214
funding,2022-08-05,218
funding,2022-08-06,220
funding,2022-08-07,220
funding,2022-08-08,220
funding,2022-08-09,220
funding,2022-08-10,220
funding,2022-08-11,220
funding,2022-08-12,220
funding,2022-08-13,220
funding,2022-08-14,220
funding,2022-08-15,220
funding,2022-08-16,220
funding,2022-08-17,217
funding,2022-08-18,211
funding,2022-08-19,211
funding,2022-08-20,211
funding,2022-08-21,211
funding,2022-08-22,211
funding,2022-08-23,211
funding,2022-08-24,211
funding,2022-08-25,211
funding,2022-08-26,211
funding,2022-08-27,211
funding,2022-08-28,211
funding,2022-08-29,211
funding,2022-08-30,211
funding,2022-08-31,211
funding,2022-09-01,211
funding,2022-09-02,211
funding,2022-09-03,211
funding,2022-09-04,211
funding,2022-09-05,211
funding,2022-09-06,211
funding,2022-09-07,211
funding,2022-09-08,215
funding,2022-09-09,217
funding,2022-09-10,217
funding,2022-09-11,217
funding,2022-09-12,217
funding,2022-09-13,217
funding,2022-09-14,217
funding,2022-09-15,217
funding,2022-09-16,217
funding,2022-09-17,217
funding,2022-09-18,217
funding,2022-09-19,217
funding,2022-09-20,217
funding,2022-09-21,217
funding,2022-09-22,217
funding,2022-09-23,217
funding,2022-09-24,217
funding,2022-09-25,217
funding,2022-09-26,217
funding,2022-09-27,217
funding,2022-09-28,217
funding,2022-09-29,217
funding,2022-09-30,217
funding,2022-10-01,217
funding,2022-10-02,217
funding,2022-10-03,217
funding,2022-10-04,217
funding,2022-10-05,217
funding,2022-10-06,217
funding,2022-10-07,217
funding,2022-10-08,217
funding,2022-10-09,217
funding,2022-10-10,217
funding,2022-10-11,217
funding,2022-10-12,217
funding,2022-10-13,217
funding,2022-10-14,203
funding,2022-10-15,175
funding,2022-10-16,175
funding,2022-10-17,175
funding,2022-10-18,175
funding,2022-10-19,175
funding,2022-10-20,165
funding,2022-10-21,139
funding,2022-10-22,139
funding,2022-10-23,139
funding,2022-10-24,139
funding,2022-10-25,139
funding,2022-10-26,139
funding,2022-10-27,139
funding,2022-10-28,139
funding,2022-10-29,139
funding,2022-10-30,139
funding,2022-10-31,139
funding,2022-11-01,139
funding,2022-11-02,139
funding,2022-11-03,139
funding,2022-11-04,139
funding,2022-11-05,139
funding,2022-11-06,139
funding,2022-11-07,139
funding,2022-11-08,139
funding,2022-11-09,145
funding,2022-11-10,145
funding,2022-11-11,149
funding,2022-11-12,151
funding,2022-11-13,151
funding,2022-11-14,149
funding,2022-11-15,151
funding,2022-11-16,151
funding,2022-11-17,151
funding,2022-11-18,151
funding,2022-11-19,151
funding,2022-11-20,151
funding,2022-11-21,151
funding,2022-11-22,151
funding,2022-11-23,151
funding,2022-11-24,151
funding,2022-11-25,151
funding,2022-11-26,151
funding,2022-11-27,151
funding,2022-11-28,151
funding,2022-11-29,151
funding,2022-11-30,151
funding,2022-12-01,151
funding,2022-12-02,151
funding,2022-12-03,151
funding,2022-12-04,151
funding,2022-12-05,151
funding,2022-12-06,151
funding,2022-12-07,151
funding,2022-12-08,151
funding,2022-12-09,151
funding,2022-12-10,151
funding,2022-12-11,151
funding,2022-12-12,151
funding,2022-12-13,151
funding,2022-12-14,151
funding,2022-12-15,135
funding,2022-12-16,127
funding,2022-12-17,127
funding,2022-12-18,127
funding,2022-12-19,127
funding,2022-12-20,127
funding,2022-12-21,127
funding,2022-12-22,127
funding,2022-12-23,127
funding,2022-12-24,127
funding,2022-12-25,127
funding,2022-12-26,127
funding,2022-12-27,127
funding,2022-12-28,127
funding,2022-12-29,127
funding,2022-12-30,127
funding,2022-12-31,127
funding,2023-01-01,127
funding,2023-01-02,127
funding,2023-01-03,127
funding,2023-01-04,127
funding,2023-01-05,127
funding,2023-01-06,127
funding,2023-01-07,127
funding,2023-01-08,127
funding,2023-01-09,127
funding,2023-01-10,127
funding,2023-01-11,131
funding,2023-01-12,133
funding,2023-01-13,133
funding,2023-01-14,133
funding,2023-01-15,133
funding,2023-01-16,133
funding,2023-01-17,133
funding,2023-01-18,133
funding,2023-01-19,133
funding,2023-01-20,133
funding,2023-01-21,133
funding,2023-01-22,133
funding,2023-01-23,133
funding,2023-01-24,133
funding,2023-01-25,133
funding,2023-01-26,133
funding,2023-01-27,133
funding,2023-01-28,133
funding,2023-01-29,133
funding,2023-01-30,133
funding,2023-01-31,133
funding,2023-02-01,133
funding,2023-02-02,133
funding,2023-02-03,133
funding,2023-02-04,133
funding,2023-02-05,133
funding,2023-02-06,133
funding,2023-02-07,133
funding,2023-02-08,133
funding,2023-02-09,133
funding,2023-02-10,133
funding,2023-02-11,133
funding,2023-02-12,133
funding,2023-02-13,133
funding,2023-02-14,133
funding,2023-02-15,133
funding,2023-02-16,137
funding,2023-02-17,139
funding,2023-02-18,139
funding,2023-02-19,139
funding,2023-02-20,139
funding,2023-02-21,139
funding,2023-02-22,139
funding,2023-02-23,139
funding,2023-02-24,139
funding,2023-02-25,139
funding,2023-02-26,139
funding,2023-02-27,143
funding,2023-02-28,145
funding,2023-03-01,145
funding,2023-03-02,145
funding,2023-03-03,145
funding,2023-03-04,145
funding,2023-03-05,145
funding,2023-03-06,145
funding,2023-03-07,145
funding,2023-03-08,145
funding,2023-03-09,145
funding,2023-03-10,145
funding,2023-03-11,145
funding,2023-03-12,147
funding,2023-03-13,148
funding,2023-03-14,148
funding,2023-03-15,148
funding,2023-03-16,148
funding,2023-03-17,148
funding,2023-03-18,148
funding,2023-03-19,148
funding,2023-03-20,148
funding,2023-03-21,148
funding,2023-03-22,148
funding,2023-03-23,150
funding,2023-03-24,154
funding,2023-03-25,154
funding,2023-03-26,154
funding,2023-03-27,154
funding,2023-03-28,154
funding,2023-03-29,154
funding,2023-03-30,154
funding,2023-03-31,154
funding,2023-04-01,154
funding,2023-04-02,154
funding,2023-04-03,154
funding,2023-04-04,154
funding,2023-04-05,154
funding,2023-04-06,154
funding,2023-04-07,154
funding,2023-04-08,154
funding,2023-04-09,154
funding,2023-04-10,154
funding,2023-04-11,154
funding,2023-04-12,154
funding,2023-04-13,154
funding,2023-04-14,154
funding,2023-04-15,154
funding,2023-04-16,154
funding,2023-04-17,154
funding,2023-04-18,154
funding,2023-04-19,154
funding,2023-04-20,154
funding,2023-04-21,154
funding,2023-04-22,154
funding,2023-04-23,154
funding,2023-04-24,154
funding,2023-04-25,154
funding,2023-04-26,154
funding,2023-04-27,154
funding,2023-04-28,154
funding,2023-04-29,154
funding,2023-04-30,154
funding,2023-05-01,154
funding,2023-05-02,154
funding,2023-05-03,160
funding,2023-05-04,166
funding,2023-05-05,166
funding,2023-05-06,166
funding,2023-05-07,166
funding,2023-05-08,166
funding,2023-05-09,162
funding,2023-05-10,156
funding,2023-05-11,160
funding,2023-05-12,160
funding,2023-05-13,160
funding,2023-05-14,160
funding,2023-05-15,160
funding,2023-05-16,162
funding,2023-05-17,166
funding,2023-05-18,166
funding,2023-05-19,166
funding,2023-05-20,166
funding,2023-05-21,166
funding,2023-05-22,166
funding,2023-05-23,168
funding,2023-05-24,169
funding,2023-05-25,171
funding,2023-05-26,174
funding,2023-05-27,175
funding,2023-05-28,175
funding,2023-05-29,175
funding,2023-05-30,177
funding,2023-05-31,178
funding,2023-06-01,178
funding,2023-06-02,178
funding,2023-06-03,178
funding,2023-06-04,178
funding,2023-06-05,178
funding,2023-06-06,178
funding,2023-06-07,178
funding,2023-06-08,178
funding,2023-06-09,178
funding,2023-06-10,178
funding,2023-06-11,178
funding,2023-06-12,178
funding,2023-06-13,178
funding,2023-06-14,178
funding,2023-06-15,178
funding,2023-06-16,178
funding,2023-06-17,178
funding,2023-06-18,178
funding,2023-06-19,178
funding,2023-06-20,178
funding,2023-06-21,178
funding,2023-06-22,178
funding,2023-06-23,178
funding,2023-06-24,178
funding,2023-06-25,178
funding,2023-06-26,178
funding,2023-06-27,178
funding,2023-06-28,178
funding,2023-06-29,178
funding,2023-06-30,178
funding,2023-07-01,178
funding,2023-07-02,178
funding,2023-07-03,178
funding,2023-07-04,178
funding,2023-07-05,178
funding,2023-07-06,178
funding,2023-07-07,178
funding,2023-07-08,178
funding,2023-07-09,178
funding,2023-07-10,178
funding,2023-07-11,178
funding,2023-07-12,178
funding,2023-07-13,178
funding,2023-07-14,178
funding,2023-07-15,178
funding,2023-07-16,178
funding,2023-07-17,178
funding,2023-07-18,178
funding,2023-07-19,178
funding,2023-07-20,178
funding,2023-07-21,178
funding,2023-07-22,178
funding,2023-07-23,178
funding,2023-07-24,178
funding,2023-07-25,180
funding,2023-07-26,181
funding,2023-07-27,181
funding,2023-07-28,181
funding,2023-07-29,181
funding,2023-07-30,181
funding,2023-07-31,181
funding,2023-08-01,183
funding,2023-08-02,184
funding,2023-08-03,184
funding,2023-08-04,184
funding,2023-08-05,184
funding,2023-08-06,184
funding,2023-08-07,184
funding,2023-08-08,184
funding,2023-08-09,184
funding,2023-08-10,184
funding,2023-08-11,184
funding,2023-08-12,184
funding,2023-08-13,184
funding,2023-08-14,184
funding,2023-08-15,184
funding,2023-08-16,190
funding,2023-08-17,190
funding,2023-08-18,190
funding,2023-08-19,190
funding,2023-08-20,190
funding,2023-08-21,190
funding,2023-08-22,190
funding,2023-08-23,190
funding,2023-08-24,190
funding,2023-08-25,190
funding,2023-08-26,190
funding,2023-08-27,190
funding,2023-08-28,190
funding,2023-08-29,190
funding,2023-08-30,198
funding,2023-08-31,202
funding,2023-09-01,202
funding,2023-09-02,202
funding,2023-09-03,202
funding,2023-09-04,202
funding,2023-09-05,202
funding,2023-09-06,202
funding,2023-09-07,202
funding,2023-09-08,202
funding,2023-09-09,202
funding,2023-09-10,202
funding,2023-09-11,204
funding,2023-09-12,205
funding,2023-09-13,205
funding,2023-09-14,205
funding,2023-09-15,209
funding,2023-09-16,211
funding,2023-09-17,211
funding,2023-09-18,211
funding,2023-09-19,211
funding,2023-09-20,211
funding,2023-09-21,211
funding,2023-09-22,211
funding,2023-09-23,211
funding,2023-09-24,211
funding,2023-09-25,211
funding,2023-09-26,212
funding,2023-09-27,214
funding,2023-09-28,214
funding,2023-09-29,214
funding,2023-09-30,214
funding,2023-10-01,214
funding,2023-10-02,214
funding,2023-10-03,216
funding,2023-10-04,217
funding,2023-10-05,217
funding,2023-10-06,217
funding,2023-10-07,217
funding,2023-10-08,217
funding,2023-10-09,219
funding,2023-10-10,220
funding,2023-10-11,220
funding,2023-10-12,221
funding,2023-10-13,225
funding,2023-10-14,226
funding,2023-10-15,226
funding,2023-10-16,226
funding,2023-10-17,228
funding,2023-10-18,232
funding,2023-10-19,222
funding,2023-10-20,202
funding,2023-10-21,202
funding,2023-10-22,202
funding,2023-10-23,202
funding,2023-10-24,202
funding,2023-10-25,202
funding,2023-10-26,202
funding,2023-10-27,202
funding,2023-10-28,202
funding,2023-10-29,202
funding,2023-10-30,204
funding,2023-10-31,205
funding,2023-11-01,209
funding,2023-11-02,213
funding,2023-11-03,214
funding,2023-11-04,217
funding,2023-11-05,217
funding,2023-11-06,219
funding,2023-11-07,224
funding,2023-11-08,228
funding,2023-11-09,233
funding,2023-11-10,235
funding,2023-11-11,235
funding,2023-11-12,235
funding,2023-11-13,239
funding,2023-11-14,243
funding,2023-11-15,244
funding,2023-11-16,247
funding,2023-11-17,254
funding,2023-11-18,256
funding,2023-11-19,256
funding,2023-11-20,257
funding,2023-11-21,261
funding,2023-11-22,264
funding,2023-11-23,267
funding,2023-11-24,268
funding,2023-11-25,268
funding,2023-11-26,268
funding,2023-11-27,268
funding,2023-11-28,274
funding,2023-11-29,279
funding,2023-11-30,282
funding,2023-12-01,283
funding,2023-12-02,283
funding,2023-12-03,283
funding,2023-12-04,283
funding,2023-12-05,285
funding,2023-12-06,288
funding,2023-12-07,291
funding,2023-12-08,295
funding,2023-12-09,298
funding,2023-12-10,298
funding,2023-12-11,298
funding,2023-12-12,298
funding,2023-12-13,298
funding,2023-12-14,300
funding,2023-12-15,301
funding,2023-12-16,301
funding,2023-12-17,301
funding,2023-12-18,301
funding,2023-12-19,304
funding,2023-12-20,304
funding,2023-12-21,304
funding,2023-12-22,304
funding,2023-12-23,304
funding,2023-12-24,304
funding,2023-12-25,304
funding,2023-12-26,304
funding,2023-12-27,304
funding,2023-12-28,304
funding,2023-12-29,304
funding,2023-12-30,304
funding,2023-12-31,304
funding,2024-01-01,304
funding,2024-01-02,304
funding,2024-01-03,304
funding,2024-01-04,304
funding,2024-01-05,304
funding,2024-01-06,304
funding,2024-01-07,304
funding,2024-01-08,304
funding,2024-01-09,304
funding,2024-01-10,307
funding,2024-01-11,311
funding,2024-01-12,313
funding,2024-01-13,313
funding,2024-01-14,313
funding,2024-01-15,313
funding,2024-01-16,317
funding,2024-01-17,321
funding,2024-01-18,321
funding,2024-01-19,320
funding,2024-01-20,322
funding,2024-01-21,322
funding,2024-01-22,323
funding,2024-01-23,327
funding,2024-01-24,328
funding,2024-01-25,328
funding,2024-01-26,331
funding,2024-01-27,331
funding,2024-01-28,331
funding,2024-01-29,331
funding,2024-01-30,331
funding,2024-01-31,331
funding,2024-02-01,334
funding,2024-02-02,337
funding,2024-02-03,337
funding,2024-02-04,337
funding,2024-02-05,337
funding,2024-02-06,337
funding,2024-02-07,338
funding,2024-02-08,340
funding,2024-02-09,340
funding,2024-02-10,340
funding,2024-02-11,340
funding,2024-02-12,340
funding,2024-02-13,340
funding,2024-02-14,340
funding,2024-02-15,340
funding,2024-02-16,340
funding,2024-02-17,340
funding,2024-02-18,340
funding,2024-02-19,340
funding,2024-02-20,343
funding,2024-02-21,340
funding,2024-02-22,336
funding,2024-02-23,337
funding,2024-02-24,337
funding,2024-02-25,337
funding,2024-02-26,337
funding,2024-02-27,337
funding,2024-02-28,337
funding,2024-02-29,337
funding,2024-03-01,340
funding,2024-03-02,340
funding,2024-03-03,340
funding,2024-03-04,340
funding,2024-03-05,341
funding,2024-03-06,343
funding,2024-03-07,343
funding,2024-03-08,343
funding,2024-03-09,343
funding,2024-03-10,343
funding,2024-03-11,343
funding,2024-03-12,343
funding,2024-03-13,343
funding,2024-03-14,346
funding,2024-03-15,346
funding,2024-03-16,346
funding,2024-03-17,346
funding,2024-03-18,347
funding,2024-03-19,349
funding,2024-03-20,348
funding,2024-03-21,349
funding,2024-03-22,349
funding,2024-03-23,349
funding,2024-03-24,349
funding,2024-03-25,349
funding,2024-03-26,349
funding,2024-03-27,349
funding,2024-03-28,349
funding,2024-03-29,349
funding,2024-03-30,349
funding,2024-03-31,349
funding,2024-04-01,349
funding,2024-04-02,350
funding,2024-04-03,353
funding,2024-04-04,357
funding,2024-04-05,358
funding,2024-04-06,358
funding,2024-04-07,358
funding,2024-04-08,358
funding,2024-04-09,358
funding,2024-04-10,359
funding,2024-04-11,364
funding,2024-04-12,364
funding,2024-04-13,364
funding,2024-04-14,364
funding,2024-04-15,364
funding,2024-04-16,364
funding,2024-04-17,364
funding,2024-04-18,366
funding,2024-04-19,367
funding,2024-04-20,370
funding,2024-04-21,370
funding,2024-04-22,370
funding,2024-04-23,371
funding,2024-04-24,373
funding,2024-04-25,373
funding,2024-04-26,373
funding,2024-04-27,373
funding,2024-04-28,373
funding,2024-04-29,373
funding,2024-04-30,373
funding,2024-05-01,373
funding,2024-05-02,373
funding,2024-05-03,373
funding,2024-05-04,373
funding,2024-05-05,373
funding,2024-05-06,357
funding,2024-05-07,325
funding,2024-05-08,325
funding,2024-05-09,325
funding,2024-05-10,325
funding,2024-05-11,325
funding,2024-05-12,325
funding,2024-05-13,325
funding,2024-05-14,325
funding,2024-05-15,325
funding,2024-05-16,325
funding,2024-05-17,327
funding,2024-05-18,328
funding,2024-05-19,328
funding,2024-05-20,328
funding,2024-05-21,328
funding,2024-05-22,328
funding,2024-05-23,328
funding,2024-05-24,328
funding,2024-05-25,328
funding,2024-05-26,328
funding,2024-05-27,328
funding,2024-05-28,328
funding,2024-05-29,328
funding,2024-05-30,322
funding,2024-05-31,310
funding,2024-06-01,310
funding,2024-06-02,310
funding,2024-06-03,310
funding,2024-06-04,313
funding,2024-06-05,313
funding,2024-06-06,314
funding,2024-06-07,315
funding,2024-06-08,313
funding,2024-06-09,313
funding,2024-06-10,313
funding,2024-06-11,313
funding,2024-06-12,314
funding,2024-06-13,316
funding,2024-06-14,316
funding,2024-06-15,316
funding,2024-06-16,316
funding,2024-06-17,316
funding,2024-06-18,319
funding,2024-06-19,319
funding,2024-06-20,319
funding,2024-06-21,322
funding,2024-06-22,325
funding,2024-06-23,325
funding,2024-06-24,325
funding,2024-06-25,325
funding,2024-06-26,325
funding,2024-06-27,327
funding,2024-06-28,328
funding,2024-06-29,328
funding,2024-06-30,328
funding,2024-07-01,328
funding,2024-07-02,328
funding,2024-07-03,328
funding,2024-07-04,329
funding,2024-07-05,331
funding,2024-07-06,331
funding,2024-07-07,331
funding,2024-07-08,331
funding,2024-07-09,331
funding,2024-07-10,331
funding,2024-07-11,331
funding,2024-07-12,331
funding,2024-07-13,331
funding,2024-07-14,331
funding,2024-07-15,331
funding,2024-07-16,331
funding,2024-07-17,331
funding,2024-07-18,331
funding,2024-07-19,331
funding,2024-07-20,331
funding,2024-07-21,331
funding,2024-07-22,331
funding,2024-07-23,331
funding,2024-07-24,332
funding,2024-07-25,334
funding,2024-07-26,334
funding,2024-07-27,334
funding,2024-07-28,334
funding,2024-07-29,334
funding,2024-07-30,334
funding,2024-07-31,334
funding,2024-08-01,334
funding,2024-08-02,334
funding,2024-08-03,334
funding,2024-08-04,334
funding,2024-08-05,334
funding,2024-08-06,334
funding,2024-08-07,334
funding,2024-08-08,334
funding,2024-08-09,334
funding,2024-08-10,334
funding,2024-08-11,334
funding,2024-08-12,334
funding,2024-08-13,335
funding,2024-08-14,337
funding,2024-08-15,338
funding,2024-08-16,341
funding,2024-08-17,343
funding,2024-08-18,343
funding,2024-08-19,345
funding,2024-08-20,346
funding,2024-08-21,346
funding,2024-08-22,346
funding,2024-08-23,347
funding,2024-08-24,349
funding,2024-08-25,349
funding,2024-08-26,349
funding,2024-08-27,350
funding,2024-08-28,344
funding,2024-08-29,328
funding,2024-08-30,328
funding,2024-08-31,328
funding,2024-09-01,328
funding,2024-09-02,328
funding,2024-09-03,327
funding,2024-09-04,327
funding,2024-09-05,332
funding,2024-09-06,334
funding,2024-09-07,334
funding,2024-09-08,334
funding,2024-09-09,334
funding,2024-09-10,334
funding,2024-09-11,334
funding,2024-09-12,334
funding,2024-09-13,334
funding,2024-09-14,334
funding,2024-09-15,334
funding,2024-09-16,335
funding,2024-09-17,340
funding,2024-09-18,340
funding,2024-09-19,340
funding,2024-09-20,340
funding,2024-09-21,340
funding,2024-09-22,340
funding,2024-09-23,341
funding,2024-09-24,343
funding,2024-09-25,343
funding,2024-09-26,343
funding,2024-09-27,344
funding,2024-09-28,346
funding,2024-09-29,346
funding,2024-09-30,346
funding,2024-10-01,346
funding,2024-10-02,347
funding,2024-10-03,349
funding,2024-10-04,351
funding,2024-10-05,352
funding,2024-10-06,352
funding,2024-10-07,352
funding,2024-10-08,352
funding,2024-10-09,352
funding,2024-10-10,352
funding,2024-10-11,352
funding,2024-10-12,352
funding,2024-10-13,352
funding,2024-10-14,352
funding,2024-10-15,353
funding,2024-10-16,355
funding,2024-10-17,356
funding,2024-10-18,359
funding,2024-10-19,361
funding,2024-10-20,361
funding,2024-10-21,361
funding,2024-10-22,362
funding,2024-10-23,364
funding,2024-10-24,364
funding,2024-10-25,366
funding,2024-10-26,367
funding,2024-10-27,367
funding,2024-10-28,367
funding,2024-10-29,368
funding,2024-10-30,367
funding,2024-10-31,367
funding,2024-11-01,367
funding,2024-11-02,367
funding,2024-11-03,367
funding,2024-11-04,367
funding,2024-11-05,367
funding,2024-11-06,367
funding,2024-11-07,367
funding,2024-11-08,367
funding,2024-11-09,367
funding,2024-11-10,367
funding,2024-11-11,369
funding,2024-11-12,373
funding,2024-11-13,373
funding,2024-11-14,373
funding,2024-11-15,377
funding,2024-11-16,379
funding,2024-11-17,379
funding,2024-11-18,379
funding,2024-11-19,379
funding,2024-11-20,379
funding,2024-11-21,375
funding,2024-11-22,369
funding,2024-11-23,370
funding,2024-11-24,370
funding,2024-11-25,370
funding,2024-11-26,370
funding,2024-11-27,370
funding,2024-11-28,370
funding,2024-11-29,372
funding,2024-11-30,373
funding,2024-12-01,373
funding,2024-12-02,373
funding,2024-12-03,373
funding,2024-12-04,373
funding,2024-12-05,377
funding,2024-12-06,379
funding,2024-12-07,379
funding,2024-12-08,379
funding,2024-12-09,379
funding,2024-12-10,381
funding,2024-12-11,384
funding,2024-12-12,385
funding,2024-12-13,385
funding,2024-12-14,385
funding,2024-12-15,385
funding,2024-12-16,387
funding,2024-12-17,388
funding,2024-12-18,389
funding,2024-12-19,393
funding,2024-12-20,394
funding,2024-12-21,394
funding,2024-12-22,394
funding,2024-12-23,394
funding,2024-12-24,400
funding,2024-12-25,403
funding,2024-12-26,403
funding,2024-12-27,403
funding,2024-12-28,403
funding,2024-12-29,403
funding,2024-12-30,403
funding,2024-12-31,403
funding,2025-01-01,403
funding,2025-01-02,403
funding,2025-01-03,403
funding,2025-01-04,403
funding,2025-01-05,403
funding,2025-01-06,405
funding,2025-01-07,406
funding,2025-01-08,406
funding,2025-01-09,406
funding,2025-01-10,405
funding,2025-01-11,403
funding,2025-01-12,403
funding,2025-01-13,403
funding,2025-01-14,403
funding,2025-01-15,409
funding,2025-01-16,412
funding,2025-01-17,412
funding,2025-01-18,413
funding,2025-01-19,415
funding,2025-01-20,417
funding,2025-01-21,418
funding,2025-01-22,420
funding,2025-01-23,427
funding,2025-01-24,432
funding,2025-01-25,433
funding,2025-01-26,433
funding,2025-01-27,433
funding,2025-01-28,434
funding,2025-01-29,436
funding,2025-01-30,436
funding,2025-01-31,436
funding,2025-02-01,436
funding,2025-02-02,436
funding,2025-02-03,436
funding,2025-02-04,436
funding,2025-02-05,436
funding,2025-02-06,436
funding,2025-02-07,436
funding,2025-02-08,436
funding,2025-02-09,436
funding,2025-02-10,439
funding,2025-02-11,444
funding,2025-02-12,445
funding,2025-02-13,446
funding,2025-02-14,449
funding,2025-02-15,451
funding,2025-02-16,451
funding,2025-02-17,451
funding,2025-02-18,451
funding,2025-02-19,451
funding,2025-02-20,451
funding,2025-02-21,448
funding,2025-02-22,436
funding,2025-02-23,436
funding,2025-02-24,436
funding,2025-02-25,436
funding,2025-02-26,436
funding,2025-02-27,436
funding,2025-02-28,438
funding,2025-03-01,439
funding,2025-03-02,439
funding,2025-03-03,439
funding,2025-03-04,439
funding,2025-03-05,441
funding,2025-03-06,442
funding,2025-03-07,444
funding,2025-03-08,445
funding,2025-03-09,445
funding,2025-03-10,445
funding,2025-03-11,445
funding,2025-03-12,445
funding,2025-03-13,445
funding,2025-03-14,445
funding,2025-03-15,445
funding,2025-03-16,445
funding,2025-03-17,446
funding,2025-03-18,448
funding,2025-03-19,450
funding,2025-03-20,441
funding,2025-03-21,421
funding,2025-03-22,421
funding,2025-03-23,421
funding,2025-03-24,421
funding,2025-03-25,423
funding,2025-03-26,424
funding,2025-03-27,426
funding,2025-03-28,427
funding,2025-03-29,427
funding,2025-03-30,427
funding,2025-03-31,427
funding,2025-04-01,427
funding,2025-04-02,429
funding,2025-04-03,430
funding,2025-04-04,430
funding,2025-04-05,430
funding,2025-04-06,430
funding,2025-04-07,430
funding,2025-04-08,430
funding,2025-04-09,430
funding,2025-04-10,430
funding,2025-04-11,432
funding,2025-04-12,433
funding,2025-04-13,433
funding,2025-04-14,434
funding,2025-04-15,436
funding,2025-04-16,436
funding,2025-04-17,436
funding,2025-04-18,436
funding,2025-04-19,436
funding,2025-04-20,436
funding,2025-04-21,436
funding,2025-04-22,438
funding,2025-04-23,441
funding,2025-04-24,435
funding,2025-04-25,423
funding,2025-04-26,424
funding,2025-04-27,424
funding,2025-04-28,424
funding,2025-04-29,426
funding,2025-04-30,429
funding,2025-05-01,430
funding,2025-05-02,430
funding,2025-05-03,430
funding,2025-05-04,430
funding,2025-05-05,430
funding,2025-05-06,430
funding,2025-05-07,430
funding,2025-05-08,430
funding,2025-05-09,432
funding,2025-05-10,433
funding,2025-05-11,433
funding,2025-05-12,433
funding,2025-05-13,435
funding,2025-05-14,436
funding,2025-05-15,438
funding,2025-05-16,439
funding,2025-05-17,439
funding,2025-05-18,439
funding,2025-05-19,439
funding,2025-05-20,439
funding,2025-05-21,439
funding,2025-05-22,439
funding,2025-05-23,430
funding,2025-05-24,412
funding,2025-05-25,412
funding,2025-05-26,412
funding,2025-05-27,412
funding,2025-05-28,416
funding,2025-05-29,423
funding,2025-05-30,424
funding,2025-05-31,424
funding,2025-06-01,424
funding,2025-06-02,424
funding,2025-06-03,424
funding,2025-06-04,424
funding,2025-06-05,425
funding,2025-06-06,427
funding,2025-06-07,427
funding,2025-06-08,427
funding,2025-06-09,427
funding,2025-06-10,427
funding,2025-06-11,427
funding,2025-06-12,427
funding,2025-06-13,429
funding,2025-06-14,430
funding,2025-06-15,430
funding,2025-06-16,430
funding,2025-06-17,430
funding,2025-06-18,430
funding,2025-06-19,430
funding,2025-06-20,430
funding,2025-06-21,430
funding,2025-06-22,430
funding,2025-06-23,430
funding,2025-06-24,431
funding,2025-06-25,435
funding,2025-06-26,436
funding,2025-06-27,438
funding,2025-06-28,439
funding,2025-06-29,439
funding,2025-06-30,422
funding,2025-07-01,388
funding,2025-07-02,388
funding,2025-07-03,388
funding,2025-07-04,388
funding,2025-07-05,388
funding,2025-07-06,388
funding,2025-07-07,388
funding,2025-07-08,388
funding,2025-07-09,388
funding,2025-07-10,388
funding,2025-07-11,388
funding,2025-07-12,388
funding,2025-07-13,388
funding,2025-07-14,388
funding,2025-07-15,390
funding,2025-07-16,394
funding,2025-07-17,394
funding,2025-07-18,394
funding,2025-07-19,394
funding,2025-07-20,394
funding,2025-07-21,394
funding,2025-07-22,394
funding,2025-07-23,394
funding,2025-07-24,396
funding,2025-07-25,397
funding,2025-07-26,397
funding,2025-07-27,397
funding,2025-07-28,397
funding,2025-07-29,397
funding,2025-07-30,397
funding,2025-07-31,397
funding,2025-08-01,397
funding,2025-08-02,397
funding,2025-08-03,397
funding,2025-08-04,397
funding,2025-08-05,397
funding,2025-08-06,397
funding,2025-08-07,397
funding,2025-08-08,397
funding,2025-08-09,397
funding,2025-08-10,397
funding,2025-08-11,397
funding,2025-08-12,397
funding,2025-08-13,397
funding,2025-08-14,397
funding,2025-08-15,397
funding,2025-08-16,397
funding,2025-08-17,397
funding,2025-08-18,397
funding,2025-08-19,382
funding,2025-08-20,352
funding,2025-08-21,352
funding,2025-08-22,352
funding,2025-08-23,352
funding,2025-08-24,352
funding,2025-08-25,352
funding,2025-08-26,352
funding,2025-08-27,352
funding,2025-08-28,352
funding,2025-08-29,352
funding,2025-08-30,352
funding,2025-08-31,352
funding,2025-09-01,353
funding,2025-09-02,355
funding,2025-09-03,355
funding,2025-09-04,355
funding,2025-09-05,355
funding,2025-09-06,355
funding,2025-09-07,355
funding,2025-09-08,355
funding,2025-09-09,355
funding,2025-09-10,355
funding,2025-09-11,307
funding,2025-09-12,211
funding,2025-09-13,211
funding,2025-09-14,211
funding,2025-09-15,211
funding,2025-09-16,211
funding,2025-09-17,211
funding,2025-09-18,211
funding,2025-09-19,211
funding,2025-09-20,211
funding,2025-09-21,211
funding,2025-09-22,211
funding,2025-09-23,211
funding,2025-09-24,211
funding,2025-09-25,211
funding,2025-09-26,211
funding,2025-09-27,211
funding,2025-09-28,211
funding,2025-09-29,211
funding,2025-09-30,211
funding,2025-10-01,211
funding,2025-10-02,211
funding,2025-10-03,211
funding,2025-10-04,211
funding,2025-10-05,211
funding,2025-10-06,211
funding,2025-10-07,211
funding,2025-10-08,211
funding,2025-10-09,211
funding,2025-10-10,211
funding,2025-10-11,211
funding,2025-10-12,211
funding,2025-10-13,211
funding,2025-10-14,211
funding,2025-10-15,211
funding,2025-10-16,211
funding,2025-10-17,211
funding,2025-10-18,211
funding,2025-10-19,211
funding,2025-10-20,211
funding,2025-10-21,211
funding,2025-10-22,211
funding,2025-10-23,211
funding,2025-10-24,211
funding,2025-10-25,211
funding,2025-10-26,211
funding,2025-10-27,211
funding,2025-10-28,215
funding,2025-10-29,217
funding,2025-10-30,217
funding,2025-10-31,221
funding,2025-11-01,223
funding,2025-11-02,223
funding,2025-11-03,223
funding,2025-11-04,223
funding,2025-11-05,223
funding,2025-11-06,220
funding,2025-11-07,214
funding,2025-11-08,214
funding,2025-11-09,214
funding,2025-11-10,214
funding,2025-11-11,214
funding,2025-11-12,214
funding,2025-11-13,214
funding,2025-11-14,214
funding,2025-11-15,214
funding,2025-11-16,214
funding,2025-11-17,214
funding,2025-11-18,214
funding,2025-11-19,214
funding,2025-11-20,214
funding,2025-11-21,214
funding,2025-11-22,214
funding,2025-11-23,214
funding,2025-11-24,214
funding,2025-11-25,214
funding,2025-11-26,214
funding,2025-11-27,214
funding,2025-11-28,216
funding,2025-11-29,217
funding,2025-11-30,217
funding,2025-12-01,217
funding,2025-12-02,217
funding,2025-12-03,217
funding,2025-12-04,217
funding,2025-12-05,217
funding,2025-12-06,217
funding,2025-12-07,217
funding,2025-12-08,217
funding,2025-12-09,217
funding,2025-12-10,217
funding,2025-12-11,217
funding,2025-12-12,217
funding,2025-12-13,217
funding,2025-12-14,217
funding,2025-12-15,227
funding,2025-12-16,247
funding,2025-12-17,247
funding,2025-12-18,247
funding,2025-12-19,247
funding,2025-12-20,247
funding,2025-12-21,247
funding,2025-12-22,247
funding,2025-12-23,247
funding,2025-12-24,246
funding,2025-12-25,244
funding,2025-12-26,244
funding,2025-12-27,244
funding,2025-12-28,244
funding,2025-12-29,244
funding,2025-12-30,244
funding,2025-12-31,244
funding,2026-01-01,244
funding,2026-01-02,244
funding,2026-01-03,244
funding,2026-01-04,244
funding,2026-01-05,244
funding,2026-01-06,246
funding,2026-01-07,247
funding,2026-01-08,247
funding,2026-01-09,247
funding,2026-01-10,247
funding,2026-01-11,247
funding,2026-01-12,247
funding,2026-01-13,247
funding,2026-01-14,247
funding,2026-01-15,247
funding,2026-01-16,247
funding,2026-01-17,247
funding,2026-01-18,247
funding,2026-01-19,247
funding,2026-01-20,247
funding,2026-01-21,247
funding,2026-01-22,247
funding,2026-01-23,247
funding,2026-01-24,247
funding,2026-01-25,247
funding,2026-01-26,247
funding,2026-01-27,249
funding,2026-01-28,250
funding,2026-01-29,242
funding,2026-01-30,226
funding,2026-01-31,226
funding,2026-02-01,226
funding,2026-02-02,226
funding,2026-02-03,226
funding,2026-02-04,226
funding,2026-02-05,226
funding,2026-02-06,226
funding,2026-02-07,226
funding,2026-02-08,226
funding,2026-02-09,226
funding,2026-02-10,226
funding,2026-02-11,226
funding,2026-02-12,226
funding,2026-02-13,226
funding,2026-02-14,226
funding,2026-02-15,226
funding,2026-02-16,226
funding,2026-02-17,226
funding,2026-02-18,226
funding,2026-02-19,226
funding,2026-02-20,226
funding,2026-02-21,226
funding,2026-02-22,226
funding,2026-02-23,226
funding,2026-02-24,226
funding,2026-02-25,226
funding,2026-02-26,226
funding,2026-02-27,226
funding,2026-02-28,226
funding,2026-03-01,226
funding,2026-03-02,226
funding,2026-03-03,226
funding,2026-03-04,226
funding,2026-03-05,226
funding,2026-03-06,228
funding,2026-03-07,229
funding,2026-03-08,229
funding,2026-03-09,229
funding,2026-03-10,229
funding,2026-03-11,250
funding,2026-03-12,262
funding,2026-03-13,262
funding,2026-03-14,262
funding,2026-03-15,262
funding,2026-03-16,262
funding,2026-03-17,262
funding,2026-03-18,262
funding,2026-03-19,262
funding,2026-03-20,262
funding,2026-03-21,262
funding,2026-03-22,262
funding,2026-03-23,262
funding,2026-03-24,264
funding,2026-03-25,265
funding,2026-03-26,265
funding,2026-03-27,265
funding,2026-03-28,265
funding,2026-03-29,265
funding,2026-03-30,265
funding,2026-03-31,265
funding,2026-04-01,270
funding,2026-04-02,280
funding,2026-04-03,280
funding,2026-04-04,280
funding,2026-04-05,280
funding,2026-04-06,280
funding,2026-04-07,280
funding,2026-04-08,280
funding,2026-04-09,280
funding,2026-04-10,280
funding,2026-04-11,280
funding,2026-04-12,280
funding,2026-04-13,280
funding,2026-04-14,280
funding,2026-04-15,280
funding,2026-04-16,282
funding,2026-04-17,286
funding,2026-04-18,286
funding,2026-04-19,286
funding,2026-04-20,286
funding,2026-04-21,286
funding,2026-04-22,286
funding,2026-04-23,287
funding,2026-04-24,289
funding,2026-04-25,289
funding,2026-04-26,289
funding,2026-04-27,291
funding,2026-04-28,295
funding,2026-04-29,295
funding,2026-04-30,295
funding,2026-05-01,295
funding,2026-05-02,295
funding,2026-05-03,295
funding,2026-05-04,295
funding,2026-05-05,295
funding,2026-05-06,295
funding,2026-05-07,295
funding,2026-05-08,295
funding,2026-05-09,295
funding,2026-05-10,295
funding,2026-05-11,295
funding,2026-05-12,295
funding,2026-05-13,295
funding,2026-05-14,295
funding,2026-05-15,295
funding,2026-05-16,295
funding,2026-05-17,295
funding,2026-05-18,295
instrument,2019-04-01,370667
instrument,2019-05-01,431517
instrument,2019-06-01,697035
instrument,2019-07-01,993401
instrument,2019-08-01,542230
instrument,2019-09-01,286476
instrument,2019-10-01,499211
instrument,2019-11-01,408093
instrument,2019-12-01,441299
instrument,2020-01-01,258514
instrument,2020-02-01,350364
instrument,2020-03-01,494182
instrument,2020-04-01,609589
instrument,2020-05-01,664219
instrument,2020-06-01,663016
instrument,2020-07-01,459876
instrument,2020-08-01,928739
instrument,2020-09-01,821999
instrument,2020-10-01,811565
instrument,2020-11-01,1023168
instrument,2020-12-01,1718614
instrument,2021-01-01,1335864
instrument,2021-02-01,1840466
instrument,2021-03-01,1727873
instrument,2021-04-01,1739842
instrument,2021-05-01,1703201
instrument,2021-06-01,1910919
instrument,2021-07-01,1931430
instrument,2021-08-01,2291225
instrument,2021-09-01,2657024
instrument,2021-10-01,2918773
instrument,2021-11-01,3177719
instrument,2021-12-01,3286003
instrument,2022-01-01,2995959
instrument,2022-02-01,3403133
instrument,2022-03-01,3722950
instrument,2022-04-01,3817782
instrument,2022-05-01,3705712
instrument,2022-06-01,4238556
instrument,2022-07-01,4194213
instrument,2022-08-01,4110967
instrument,2022-09-01,4765244
instrument,2022-10-01,3516976
instrument,2022-11-01,4486966
instrument,2022-12-01,3839682
instrument,2023-01-01,2415823
instrument,2023-02-01,4654195
instrument,2023-03-01,4299733
instrument,2023-04-01,3354836
instrument,2023-05-01,3387655
instrument,2023-06-01,3454546
instrument,2023-07-01,4200302
instrument,2023-08-01,3857273
instrument,2023-09-01,3809311
instrument,2023-10-01,3758353
instrument,2023-11-01,5652903
instrument,2023-12-01,6308966
instrument,2024-01-01,6693921
instrument,2024-02-01,7327236
instrument,2024-03-01,9437709
instrument,2024-04-01,9612207
instrument,2024-05-01,10318053
instrument,2024-06-01,7343093
instrument,2024-07-01,8276618
instrument,2024-08-01,9109077
instrument,2024-09-01,7397038
instrument,2024-10-01,9018756
instrument,2024-11-01,8790387
instrument,2024-12-01,11078289
instrument,2025-01-01,9973155
instrument,2025-02-01,10296677
instrument,2025-03-01,7066357
instrument,2025-04-01,9035749
instrument,2025-05-01,9207805
instrument,2025-06-01,8816298
instrument,2025-07-01,8313012
instrument,2025-08-01,10986846
instrument,2025-09-01,8940801
instrument,2025-10-01,7706409
instrument,2025-11-01,6829905
instrument,2025-12-01,7853439
instrument,2026-01-01,5491430
instrument,2026-02-01,7129153
instrument,2026-03-01,6188763
instrument,2026-03-08,4237891
instrument,2026-03-09,6354440
instrument,2026-03-10,6394882
instrument,2026-03-11,4703355
instrument,2026-03-12,6266443
instrument,2026-03-13,6683453
instrument,2026-03-14,5155526
instrument,2026-03-15,5352604
instrument,2026-03-16,6744836
instrument,2026-03-17,6314054
instrument,2026-03-18,6036198
instrument,2026-03-19,6261656
instrument,2026-03-20,6339616
instrument,2026-03-21,4669205
instrument,2026-03-22,3497710
instrument,2026-03-23,3183943
instrument,2026-03-24,4870679
instrument,2026-03-25,3251890
instrument,2026-03-26,4086763
instrument,2026-03-27,4127880
instrument,2026-03-28,4844426
instrument,2026-03-29,4777805
instrument,2026-03-30,5942199
instrument,2026-03-31,6076564
instrument,2026-04-01,6403850
instrument,2026-04-02,5925419
instrument,2026-04-03,5343693
instrument,2026-04-04,801970
instrument,2026-04-05,4501692
instrument,2026-04-06,5834546
instrument,2026-04-07,6551012
instrument,2026-04-08,9004705
instrument,2026-04-09,8128443
instrument,2026-04-10,6176935
instrument,2026-04-11,5144645
instrument,2026-04-12,6309679
instrument,2026-04-13,6312788
instrument,2026-04-14,7092258
instrument,2026-04-15,6405757
instrument,2026-04-16,7278418
instrument,2026-04-17,7386529
instrument,2026-04-18,6752009
instrument,2026-04-19,10133897
instrument,2026-04-20,10039452
instrument,2026-04-21,6574570
instrument,2026-04-22,7632979
instrument,2026-04-23,8136723
instrument,2026-04-24,6989002
instrument,2026-04-25,4844162
instrument,2026-04-26,4953406
instrument,2026-04-27,6429800
instrument,2026-04-28,6323191
instrument,2026-04-29,6717315
instrument,2026-04-30,6697471
instrument,2026-05-01,6081163
instrument,2026-05-02,4716830
instrument,2026-05-03,4961770
instrument,2026-05-04,6883372
instrument,2026-05-05,6745563
instrument,2026-05-06,7398859
instrument,2026-05-07,7472318
instrument,2026-05-08,7220872
instrument,2026-05-09,5691866
instrument,2026-05-10,6145798
instrument,2026-05-11,7247014
instrument,2026-05-12,7202897
instrument,2026-05-13,7092354
instrument,2026-05-14,14218896
instrument,2026-05-15,7280394
instrument,2026-05-16,5341145
instrument,2026-05-17,5214896
instrument,2026-05-18,7215457
insurance,2016-02-28,2
insurance,2016-02-29,2
insurance,2016-03-01,2
insurance,2016-03-02,2
insurance,2016-03-03,2
insurance,2016-03-04,2
insurance,2016-03-05,2
insurance,2016-03-06,2
insurance,2016-03-07,2
insurance,2016-03-08,2
insurance,2016-03-09,2
insurance,2016-03-10,2
insurance,2016-03-11,2
insurance,2016-03-12,2
insurance,2016-03-13,2
insurance,2016-03-14,2
insurance,2016-03-15,2
insurance,2016-03-16,2
insurance,2016-03-17,2
insurance,2016-03-18,2
insurance,2016-03-19,2
insurance,2016-03-20,2
insurance,2016-03-21,2
insurance,2016-03-22,2
insurance,2016-03-23,2
insurance,2016-03-24,2
insurance,2016-03-25,2
insurance,2016-03-26,2
insurance,2016-03-27,2
insurance,2016-03-28,2
insurance,2016-03-29,2
insurance,2016-03-30,2
insurance,2016-03-31,2
insurance,2016-04-01,2
insurance,2016-04-02,2
insurance,2016-04-03,2
insurance,2016-04-04,2
insurance,2016-04-05,2
insurance,2016-04-06,2
insurance,2016-04-07,2
insurance,2016-04-08,2
insurance,2016-04-09,2
insurance,2016-04-10,2
insurance,2016-04-11,2
insurance,2016-04-12,2
insurance,2016-04-13,2
insurance,2016-04-14,2
insurance,2016-04-15,2
insurance,2016-04-16,2
insurance,2016-04-17,2
insurance,2016-04-18,2
insurance,2016-04-19,2
insurance,2016-04-20,2
insurance,2016-04-21,2
insurance,2016-04-22,2
insurance,2016-04-23,2
insurance,2016-04-24,2
insurance,2016-04-25,2
insurance,2016-04-26,2
insurance,2016-04-27,2
insurance,2016-04-28,2
insurance,2016-04-29,2
insurance,2016-04-30,2
insurance,2016-05-01,2
insurance,2016-05-02,2
insurance,2016-05-03,2
insurance,2016-05-04,2
insurance,2016-05-05,2
insurance,2016-05-06,2
insurance,2016-05-07,2
insurance,2016-05-08,2
insurance,2016-05-09,2
insurance,2016-05-10,2
insurance,2016-05-11,2
insurance,2016-05-12,2
insurance,2016-05-13,2
insurance,2016-05-14,2
insurance,2016-05-15,2
insurance,2016-05-16,2
insurance,2016-05-17,2
insurance,2016-05-18,2
insurance,2016-05-19,2
insurance,2016-05-20,2
insurance,2016-05-21,2
insurance,2016-05-22,2
insurance,2016-05-23,2
insurance,2016-05-24,2
insurance,2016-05-25,2
insurance,2016-05-26,2
insurance,2016-05-27,2
insurance,2016-05-28,2
insurance,2016-05-29,2
insurance,2016-05-30,2
insurance,2016-05-31,2
insurance,2016-06-01,2
insurance,2016-06-02,2
insurance,2016-06-03,2
insurance,2016-06-04,2
insurance,2016-06-05,2
insurance,2016-06-06,2
insurance,2016-06-07,2
insurance,2016-06-08,2
insurance,2016-06-09,2
insurance,2016-06-10,2
insurance,2016-06-11,2
insurance,2016-06-12,2
insurance,2016-06-13,2
insurance,2016-06-14,2
insurance,2016-06-15,2
insurance,2016-06-16,2
insurance,2016-06-17,2
insurance,2016-06-18,2
insurance,2016-06-19,2
insurance,2016-06-20,2
insurance,2016-06-21,2
insurance,2016-06-22,2
insurance,2016-06-23,2
insurance,2016-06-24,2
insurance,2016-06-25,2
insurance,2016-06-26,2
insurance,2016-06-27,2
insurance,2016-06-28,2
insurance,2016-06-29,2
insurance,2016-06-30,2
insurance,2016-07-01,2
insurance,2016-07-02,2
insurance,2016-07-03,2
insurance,2016-07-04,2
insurance,2016-07-05,2
insurance,2016-07-06,2
insurance,2016-07-07,2
insurance,2016-07-08,2
insurance,2016-07-09,2
insurance,2016-07-10,2
insurance,2016-07-11,2
insurance,2016-07-12,2
insurance,2016-07-13,2
insurance,2016-07-14,2
insurance,2016-07-15,2
insurance,2016-07-16,2
insurance,2016-07-17,2
insurance,2016-07-18,2
insurance,2016-07-19,2
insurance,2016-07-20,2
insurance,2016-07-21,2
insurance,2016-07-22,2
insurance,2016-07-23,2
insurance,2016-07-24,2
insurance,2016-07-25,2
insurance,2016-07-26,2
insurance,2016-07-27,2
insurance,2016-07-28,2
insurance,2016-07-29,2
insurance,2016-07-30,2
insurance,2016-07-31,2
insurance,2016-08-01,2
insurance,2016-08-02,2
insurance,2016-08-03,2
insurance,2016-08-04,2
insurance,2016-08-05,2
insurance,2016-08-06,2
insurance,2016-08-07,2
insurance,2016-08-08,2
insurance,2016-08-09,2
insurance,2016-08-10,2
insurance,2016-08-11,2
insurance,2016-08-12,2
insurance,2016-08-13,2
insurance,2016-08-14,2
insurance,2016-08-15,2
insurance,2016-08-16,2
insurance,2016-08-17,2
insurance,2016-08-18,2
insurance,2016-08-19,2
insurance,2016-08-20,2
insurance,2016-08-21,2
insurance,2016-08-22,2
insurance,2016-08-23,2
insurance,2016-08-24,2
insurance,2016-08-25,2
insurance,2016-08-26,2
insurance,2016-08-27,2
insurance,2016-08-28,2
insurance,2016-08-29,2
insurance,2016-08-30,2
insurance,2016-08-31,2
insurance,2016-09-01,2
insurance,2016-09-02,2
insurance,2016-09-03,2
insurance,2016-09-04,2
insurance,2016-09-05,2
insurance,2016-09-06,2
insurance,2016-09-07,2
insurance,2016-09-08,2
insurance,2016-09-09,2
insurance,2016-09-10,2
insurance,2016-09-11,2
insurance,2016-09-12,2
insurance,2016-09-13,2
insurance,2016-09-14,2
insurance,2016-09-15,2
insurance,2016-09-16,2
insurance,2016-09-17,2
insurance,2016-09-18,2
insurance,2016-09-19,2
insurance,2016-09-20,2
insurance,2016-09-21,2
insurance,2016-09-22,2
insurance,2016-09-23,2
insurance,2016-09-24,2
insurance,2016-09-25,2
insurance,2016-09-26,2
insurance,2016-09-27,2
insurance,2016-09-28,2
insurance,2016-09-29,2
insurance,2016-09-30,2
insurance,2016-10-01,2
insurance,2016-10-02,2
insurance,2016-10-03,2
insurance,2016-10-04,2
insurance,2016-10-05,2
insurance,2016-10-06,2
insurance,2016-10-07,2
insurance,2016-10-08,2
insurance,2016-10-09,2
insurance,2016-10-10,2
insurance,2016-10-11,2
insurance,2016-10-12,2
insurance,2016-10-13,2
insurance,2016-10-14,2
insurance,2016-10-15,2
insurance,2016-10-16,2
insurance,2016-10-17,2
insurance,2016-10-18,2
insurance,2016-10-19,2
insurance,2016-10-20,2
insurance,2016-10-21,2
insurance,2016-10-22,2
insurance,2016-10-23,2
insurance,2016-10-24,2
insurance,2016-10-25,2
insurance,2016-10-26,2
insurance,2016-10-27,2
insurance,2016-10-28,2
insurance,2016-10-29,2
insurance,2016-10-30,2
insurance,2016-10-31,2
insurance,2016-11-01,2
insurance,2016-11-02,2
insurance,2016-11-03,2
insurance,2016-11-04,2
insurance,2016-11-05,2
insurance,2016-11-06,2
insurance,2016-11-07,2
insurance,2016-11-08,2
insurance,2016-11-09,2
insurance,2016-11-10,2
insurance,2016-11-11,2
insurance,2016-11-12,2
insurance,2016-11-13,2
insurance,2016-11-14,2
insurance,2016-11-15,2
insurance,2016-11-16,2
insurance,2016-11-17,2
insurance,2016-11-18,2
insurance,2016-11-19,2
insurance,2016-11-20,2
insurance,2016-11-21,2
insurance,2016-11-22,2
insurance,2016-11-23,2
insurance,2016-11-24,2
insurance,2016-11-25,2
insurance,2016-11-26,2
insurance,2016-11-27,2
insurance,2016-11-28,2
insurance,2016-11-29,2
insurance,2016-11-30,2
insurance,2016-12-01,2
insurance,2016-12-02,2
insurance,2016-12-03,2
insurance,2016-12-04,2
insurance,2016-12-05,2
insurance,2016-12-06,2
insurance,2016-12-07,2
insurance,2016-12-08,2
insurance,2016-12-09,2
insurance,2016-12-10,2
insurance,2016-12-11,2
insurance,2016-12-12,2
insurance,2016-12-13,2
insurance,2016-12-14,2
insurance,2016-12-15,2
insurance,2016-12-16,2
insurance,2016-12-17,2
insurance,2016-12-18,2
insurance,2016-12-19,2
insurance,2016-12-20,2
insurance,2016-12-21,2
insurance,2016-12-22,2
insurance,2016-12-23,2
insurance,2016-12-24,2
insurance,2016-12-25,2
insurance,2016-12-26,2
insurance,2016-12-27,2
insurance,2016-12-28,2
insurance,2016-12-29,2
insurance,2016-12-30,2
insurance,2016-12-31,2
insurance,2017-01-01,2
insurance,2017-01-02,2
insurance,2017-01-03,2
insurance,2017-01-04,2
insurance,2017-01-05,2
insurance,2017-01-06,2
insurance,2017-01-07,2
insurance,2017-01-08,2
insurance,2017-01-09,2
insurance,2017-01-10,2
insurance,2017-01-11,2
insurance,2017-01-12,2
insurance,2017-01-13,2
insurance,2017-01-14,2
insurance,2017-01-15,2
insurance,2017-01-16,2
insurance,2017-01-17,2
insurance,2017-01-18,2
insurance,2017-01-19,2
insurance,2017-01-20,2
insurance,2017-01-21,2
insurance,2017-01-22,2
insurance,2017-01-23,2
insurance,2017-01-24,2
insurance,2017-01-25,2
insurance,2017-01-26,2
insurance,2017-01-27,2
insurance,2017-01-28,2
insurance,2017-01-29,2
insurance,2017-01-30,2
insurance,2017-01-31,2
insurance,2017-02-01,2
insurance,2017-02-02,2
insurance,2017-02-03,2
insurance,2017-02-04,2
insurance,2017-02-05,2
insurance,2017-02-06,2
insurance,2017-02-07,2
insurance,2017-02-08,2
insurance,2017-02-09,2
insurance,2017-02-10,2
insurance,2017-02-11,2
insurance,2017-02-12,2
insurance,2017-02-13,2
insurance,2017-02-14,2
insurance,2017-02-15,2
insurance,2017-02-16,2
insurance,2017-02-17,2
insurance,2017-02-18,2
insurance,2017-02-19,2
insurance,2017-02-20,2
insurance,2017-02-21,2
insurance,2017-02-22,2
insurance,2017-02-23,2
insurance,2017-02-24,2
insurance,2017-02-25,2
insurance,2017-02-26,2
insurance,2017-02-27,2
insurance,2017-02-28,2
insurance,2017-03-01,2
insurance,2017-03-02,2
insurance,2017-03-03,2
insurance,2017-03-04,2
insurance,2017-03-05,2
insurance,2017-03-06,2
insurance,2017-03-07,2
insurance,2017-03-08,2
insurance,2017-03-09,2
insurance,2017-03-10,2
insurance,2017-03-11,2
insurance,2017-03-12,2
insurance,2017-03-13,2
insurance,2017-03-14,2
insurance,2017-03-15,2
insurance,2017-03-16,2
insurance,2017-03-17,2
insurance,2017-03-18,2
insurance,2017-03-19,2
insurance,2017-03-20,2
insurance,2017-03-21,2
insurance,2017-03-22,2
insurance,2017-03-23,2
insurance,2017-03-24,2
insurance,2017-03-25,2
insurance,2017-03-26,2
insurance,2017-03-27,2
insurance,2017-03-28,2
insurance,2017-03-29,2
insurance,2017-03-30,2
insurance,2017-03-31,2
insurance,2017-04-01,2
insurance,2017-04-02,2
insurance,2017-04-03,2
insurance,2017-04-04,2
insurance,2017-04-05,2
insurance,2017-04-06,2
insurance,2017-04-07,2
insurance,2017-04-08,2
insurance,2017-04-09,2
insurance,2017-04-10,2
insurance,2017-04-11,2
insurance,2017-04-12,2
insurance,2017-04-13,2
insurance,2017-04-14,2
insurance,2017-04-15,2
insurance,2017-04-16,2
insurance,2017-04-17,2
insurance,2017-04-18,2
insurance,2017-04-19,2
insurance,2017-04-20,2
insurance,2017-04-21,2
insurance,2017-04-22,2
insurance,2017-04-23,2
insurance,2017-04-24,2
insurance,2017-04-25,2
insurance,2017-04-26,2
insurance,2017-04-27,2
insurance,2017-04-28,2
insurance,2017-04-29,2
insurance,2017-04-30,2
insurance,2017-05-01,2
insurance,2017-05-02,2
insurance,2017-05-03,2
insurance,2017-05-04,2
insurance,2017-05-05,2
insurance,2017-05-06,2
insurance,2017-05-07,2
insurance,2017-05-08,2
insurance,2017-05-09,2
insurance,2017-05-10,2
insurance,2017-05-11,2
insurance,2017-05-12,2
insurance,2017-05-13,2
insurance,2017-05-14,2
insurance,2017-05-15,2
insurance,2017-05-16,2
insurance,2017-05-17,2
insurance,2017-05-18,2
insurance,2017-05-19,2
insurance,2017-05-20,2
insurance,2017-05-21,2
insurance,2017-05-22,2
insurance,2017-05-23,2
insurance,2017-05-24,2
insurance,2017-05-25,2
insurance,2017-05-26,2
insurance,2017-05-27,2
insurance,2017-05-28,2
insurance,2017-05-29,2
insurance,2017-05-30,2
insurance,2017-05-31,2
insurance,2017-06-01,2
insurance,2017-06-02,2
insurance,2017-06-03,2
insurance,2017-06-04,2
insurance,2017-06-05,2
insurance,2017-06-06,2
insurance,2017-06-07,2
insurance,2017-06-08,2
insurance,2017-06-09,2
insurance,2017-06-10,2
insurance,2017-06-11,2
insurance,2017-06-12,2
insurance,2017-06-13,2
insurance,2017-06-14,2
insurance,2017-06-15,2
insurance,2017-06-16,2
insurance,2017-06-17,2
insurance,2017-06-18,2
insurance,2017-06-19,2
insurance,2017-06-20,2
insurance,2017-06-21,2
insurance,2017-06-22,2
insurance,2017-06-23,2
insurance,2017-06-24,2
insurance,2017-06-25,2
insurance,2017-06-26,2
insurance,2017-06-27,2
insurance,2017-06-28,2
insurance,2017-06-29,2
insurance,2017-06-30,2
insurance,2017-07-01,2
insurance,2017-07-02,2
insurance,2017-07-03,2
insurance,2017-07-04,2
insurance,2017-07-05,2
insurance,2017-07-06,2
insurance,2017-07-07,2
insurance,2017-07-08,2
insurance,2017-07-09,2
insurance,2017-07-10,2
insurance,2017-07-11,2
insurance,2017-07-12,2
insurance,2017-07-13,2
insurance,2017-07-14,2
insurance,2017-07-15,2
insurance,2017-07-16,2
insurance,2017-07-17,2
insurance,2017-07-18,2
insurance,2017-07-19,2
insurance,2017-07-20,2
insurance,2017-07-21,2
insurance,2017-07-22,2
insurance,2017-07-23,2
insurance,2017-07-24,2
insurance,2017-07-25,2
insurance,2017-07-26,2
insurance,2017-07-27,2
insurance,2017-07-28,2
insurance,2017-07-29,2
insurance,2017-07-30,2
insurance,2017-07-31,2
insurance,2017-08-01,2
insurance,2017-08-02,2
insurance,2017-08-03,2
insurance,2017-08-04,2
insurance,2017-08-05,2
insurance,2017-08-06,2
insurance,2017-08-07,2
insurance,2017-08-08,2
insurance,2017-08-09,2
insurance,2017-08-10,2
insurance,2017-08-11,2
insurance,2017-08-12,2
insurance,2017-08-13,2
insurance,2017-08-14,2
insurance,2017-08-15,2
insurance,2017-08-16,2
insurance,2017-08-17,2
insurance,2017-08-18,2
insurance,2017-08-19,2
insurance,2017-08-20,2
insurance,2017-08-21,2
insurance,2017-08-22,2
insurance,2017-08-23,2
insurance,2017-08-24,2
insurance,2017-08-25,2
insurance,2017-08-26,2
insurance,2017-08-27,2
insurance,2017-08-28,2
insurance,2017-08-29,2
insurance,2017-08-30,2
insurance,2017-08-31,2
insurance,2017-09-01,2
insurance,2017-09-02,2
insurance,2017-09-03,2
insurance,2017-09-04,2
insurance,2017-09-05,2
insurance,2017-09-06,2
insurance,2017-09-07,2
insurance,2017-09-08,2
insurance,2017-09-09,2
insurance,2017-09-10,2
insurance,2017-09-11,2
insurance,2017-09-12,2
insurance,2017-09-13,2
insurance,2017-09-14,2
insurance,2017-09-15,2
insurance,2017-09-16,2
insurance,2017-09-17,2
insurance,2017-09-18,2
insurance,2017-09-19,2
insurance,2017-09-20,2
insurance,2017-09-21,2
insurance,2017-09-22,2
insurance,2017-09-23,2
insurance,2017-09-24,2
insurance,2017-09-25,2
insurance,2017-09-26,2
insurance,2017-09-27,2
insurance,2017-09-28,2
insurance,2017-09-29,2
insurance,2017-09-30,2
insurance,2017-10-01,2
insurance,2017-10-02,2
insurance,2017-10-03,2
insurance,2017-10-04,2
insurance,2017-10-05,2
insurance,2017-10-06,2
insurance,2017-10-07,2
insurance,2017-10-08,2
insurance,2017-10-09,2
insurance,2017-10-10,2
insurance,2017-10-11,2
insurance,2017-10-12,2
insurance,2017-10-13,2
insurance,2017-10-14,2
insurance,2017-10-15,2
insurance,2017-10-16,2
insurance,2017-10-17,2
insurance,2017-10-18,2
insurance,2017-10-19,2
insurance,2017-10-20,2
insurance,2017-10-21,2
insurance,2017-10-22,2
insurance,2017-10-23,2
insurance,2017-10-24,2
insurance,2017-10-25,2
insurance,2017-10-26,2
insurance,2017-10-27,2
insurance,2017-10-28,2
insurance,2017-10-29,2
insurance,2017-10-30,2
insurance,2017-10-31,2
insurance,2017-11-01,2
insurance,2017-11-02,2
insurance,2017-11-03,2
insurance,2017-11-04,2
insurance,2017-11-05,2
insurance,2017-11-06,2
insurance,2017-11-07,2
insurance,2017-11-08,2
insurance,2017-11-09,2
insurance,2017-11-10,2
insurance,2017-11-11,2
insurance,2017-11-12,2
insurance,2017-11-13,2
insurance,2017-11-14,2
insurance,2017-11-15,2
insurance,2017-11-16,2
insurance,2017-11-17,2
insurance,2017-11-18,2
insurance,2017-11-19,2
insurance,2017-11-20,2
insurance,2017-11-21,2
insurance,2017-11-22,2
insurance,2017-11-23,2
insurance,2017-11-24,2
insurance,2017-11-25,2
insurance,2017-11-26,2
insurance,2017-11-27,2
insurance,2017-11-28,2
insurance,2017-11-29,2
insurance,2017-11-30,2
insurance,2017-12-01,2
insurance,2017-12-02,2
insurance,2017-12-03,2
insurance,2017-12-04,2
insurance,2017-12-05,2
insurance,2017-12-06,2
insurance,2017-12-07,2
insurance,2017-12-08,2
insurance,2017-12-09,2
insurance,2017-12-10,2
insurance,2017-12-11,2
insurance,2017-12-12,2
insurance,2017-12-13,2
insurance,2017-12-14,2
insurance,2017-12-15,2
insurance,2017-12-16,2
insurance,2017-12-17,2
insurance,2017-12-18,2
insurance,2017-12-19,2
insurance,2017-12-20,2
insurance,2017-12-21,2
insurance,2017-12-22,2
insurance,2017-12-23,2
insurance,2017-12-24,2
insurance,2017-12-25,2
insurance,2017-12-26,2
insurance,2017-12-27,2
insurance,2017-12-28,2
insurance,2017-12-29,2
insurance,2017-12-30,2
insurance,2017-12-31,2
insurance,2018-01-01,2
insurance,2018-01-02,2
insurance,2018-01-03,2
insurance,2018-01-04,2
insurance,2018-01-05,2
insurance,2018-01-06,2
insurance,2018-01-07,2
insurance,2018-01-08,2
insurance,2018-01-09,2
insurance,2018-01-10,2
insurance,2018-01-11,2
insurance,2018-01-12,2
insurance,2018-01-13,2
insurance,2018-01-14,2
insurance,2018-01-15,2
insurance,2018-01-16,2
insurance,2018-01-17,2
insurance,2018-01-18,2
insurance,2018-01-19,2
insurance,2018-01-20,2
insurance,2018-01-21,2
insurance,2018-01-22,2
insurance,2018-01-23,2
insurance,2018-01-24,2
insurance,2018-01-25,2
insurance,2018-01-26,2
insurance,2018-01-27,2
insurance,2018-01-28,2
insurance,2018-01-29,2
insurance,2018-01-30,2
insurance,2018-01-31,2
insurance,2018-02-01,2
insurance,2018-02-02,2
insurance,2018-02-03,2
insurance,2018-02-04,2
insurance,2018-02-05,2
insurance,2018-02-06,2
insurance,2018-02-07,2
insurance,2018-02-08,2
insurance,2018-02-09,2
insurance,2018-02-10,2
insurance,2018-02-11,2
insurance,2018-02-12,2
insurance,2018-02-13,2
insurance,2018-02-14,2
insurance,2018-02-15,2
insurance,2018-02-16,2
insurance,2018-02-17,2
insurance,2018-02-18,2
insurance,2018-02-19,2
insurance,2018-02-20,2
insurance,2018-02-21,2
insurance,2018-02-22,2
insurance,2018-02-23,2
insurance,2018-02-24,2
insurance,2018-02-25,2
insurance,2018-02-26,2
insurance,2018-02-27,2
insurance,2018-02-28,2
insurance,2018-03-01,2
insurance,2018-03-02,2
insurance,2018-03-03,2
insurance,2018-03-04,2
insurance,2018-03-05,2
insurance,2018-03-06,2
insurance,2018-03-07,2
insurance,2018-03-08,2
insurance,2018-03-09,2
insurance,2018-03-10,2
insurance,2018-03-11,2
insurance,2018-03-12,2
insurance,2018-03-13,2
insurance,2018-03-14,2
insurance,2018-03-15,2
insurance,2018-03-16,2
insurance,2018-03-17,2
insurance,2018-03-18,2
insurance,2018-03-19,2
insurance,2018-03-20,2
insurance,2018-03-21,2
insurance,2018-03-22,2
insurance,2018-03-23,2
insurance,2018-03-24,2
insurance,2018-03-25,2
insurance,2018-03-26,2
insurance,2018-03-27,2
insurance,2018-03-28,2
insurance,2018-03-29,2
insurance,2018-03-30,2
insurance,2018-03-31,2
insurance,2018-04-01,2
insurance,2018-04-02,2
insurance,2018-04-03,2
insurance,2018-04-04,2
insurance,2018-04-05,2
insurance,2018-04-06,2
insurance,2018-04-07,2
insurance,2018-04-08,2
insurance,2018-04-09,2
insurance,2018-04-10,2
insurance,2018-04-11,2
insurance,2018-04-12,2
insurance,2018-04-13,2
insurance,2018-04-14,2
insurance,2018-04-15,2
insurance,2018-04-16,2
insurance,2018-04-17,2
insurance,2018-04-18,2
insurance,2018-04-19,2
insurance,2018-04-20,2
insurance,2018-04-21,2
insurance,2018-04-22,2
insurance,2018-04-23,2
insurance,2018-04-24,2
insurance,2018-04-25,2
insurance,2018-04-26,2
insurance,2018-04-27,2
insurance,2018-04-28,2
insurance,2018-04-29,2
insurance,2018-04-30,2
insurance,2018-05-01,2
insurance,2018-05-02,2
insurance,2018-05-03,2
insurance,2018-05-04,2
insurance,2018-05-05,2
insurance,2018-05-06,2
insurance,2018-05-07,2
insurance,2018-05-08,2
insurance,2018-05-09,2
insurance,2018-05-10,2
insurance,2018-05-11,2
insurance,2018-05-12,2
insurance,2018-05-13,2
insurance,2018-05-14,2
insurance,2018-05-15,2
insurance,2018-05-16,2
insurance,2018-05-17,2
insurance,2018-05-18,2
insurance,2018-05-19,2
insurance,2018-05-20,2
insurance,2018-05-21,2
insurance,2018-05-22,2
insurance,2018-05-23,2
insurance,2018-05-24,2
insurance,2018-05-25,2
insurance,2018-05-26,2
insurance,2018-05-27,2
insurance,2018-05-28,2
insurance,2018-05-29,2
insurance,2018-05-30,2
insurance,2018-05-31,2
insurance,2018-06-01,2
insurance,2018-06-02,2
insurance,2018-06-03,2
insurance,2018-06-04,2
insurance,2018-06-05,2
insurance,2018-06-06,2
insurance,2018-06-07,2
insurance,2018-06-08,2
insurance,2018-06-09,2
insurance,2018-06-10,2
insurance,2018-06-11,2
insurance,2018-06-12,2
insurance,2018-06-13,2
insurance,2018-06-14,2
insurance,2018-06-15,2
insurance,2018-06-16,2
insurance,2018-06-17,2
insurance,2018-06-18,2
insurance,2018-06-19,2
insurance,2018-06-20,2
insurance,2018-06-21,2
insurance,2018-06-22,2
insurance,2018-06-23,2
insurance,2018-06-24,2
insurance,2018-06-25,2
insurance,2018-06-26,2
insurance,2018-06-27,2
insurance,2018-06-28,2
insurance,2018-06-29,2
insurance,2018-06-30,2
insurance,2018-07-01,2
insurance,2018-07-02,2
insurance,2018-07-03,2
insurance,2018-07-04,2
insurance,2018-07-05,2
insurance,2018-07-06,2
insurance,2018-07-07,2
insurance,2018-07-08,2
insurance,2018-07-09,2
insurance,2018-07-10,2
insurance,2018-07-11,2
insurance,2018-07-12,2
insurance,2018-07-13,2
insurance,2018-07-14,2
insurance,2018-07-15,2
insurance,2018-07-16,2
insurance,2018-07-17,2
insurance,2018-07-18,2
insurance,2018-07-19,2
insurance,2018-07-20,2
insurance,2018-07-21,2
insurance,2018-07-22,2
insurance,2018-07-23,2
insurance,2018-07-24,2
insurance,2018-07-25,2
insurance,2018-07-26,2
insurance,2018-07-27,2
insurance,2018-07-28,2
insurance,2018-07-29,2
insurance,2018-07-30,2
insurance,2018-07-31,2
insurance,2018-08-01,2
insurance,2018-08-02,2
insurance,2018-08-03,2
insurance,2018-08-04,2
insurance,2018-08-05,2
insurance,2018-08-06,2
insurance,2018-08-07,2
insurance,2018-08-08,2
insurance,2018-08-09,2
insurance,2018-08-10,2
insurance,2018-08-11,2
insurance,2018-08-12,2
insurance,2018-08-13,2
insurance,2018-08-14,2
insurance,2018-08-15,2
insurance,2018-08-16,2
insurance,2018-08-17,2
insurance,2018-08-18,2
insurance,2018-08-19,2
insurance,2018-08-20,2
insurance,2018-08-21,2
insurance,2018-08-22,2
insurance,2018-08-23,2
insurance,2018-08-24,2
insurance,2018-08-25,2
insurance,2018-08-26,2
insurance,2018-08-27,2
insurance,2018-08-28,2
insurance,2018-08-29,2
insurance,2018-08-30,2
insurance,2018-08-31,2
insurance,2018-09-01,2
insurance,2018-09-02,2
insurance,2018-09-03,2
insurance,2018-09-04,2
insurance,2018-09-05,2
insurance,2018-09-06,2
insurance,2018-09-07,2
insurance,2018-09-08,2
insurance,2018-09-09,2
insurance,2018-09-10,2
insurance,2018-09-11,2
insurance,2018-09-12,2
insurance,2018-09-13,2
insurance,2018-09-14,2
insurance,2018-09-15,2
insurance,2018-09-16,2
insurance,2018-09-17,2
insurance,2018-09-18,2
insurance,2018-09-19,2
insurance,2018-09-20,2
insurance,2018-09-21,2
insurance,2018-09-22,2
insurance,2018-09-23,2
insurance,2018-09-24,2
insurance,2018-09-25,2
insurance,2018-09-26,2
insurance,2018-09-27,2
insurance,2018-09-28,2
insurance,2018-09-29,2
insurance,2018-09-30,2
insurance,2018-10-01,2
insurance,2018-10-02,2
insurance,2018-10-03,2
insurance,2018-10-04,2
insurance,2018-10-05,2
insurance,2018-10-06,2
insurance,2018-10-07,2
insurance,2018-10-08,2
insurance,2018-10-09,2
insurance,2018-10-10,2
insurance,2018-10-11,2
insurance,2018-10-12,2
insurance,2018-10-13,2
insurance,2018-10-14,2
insurance,2018-10-15,2
insurance,2018-10-16,2
insurance,2018-10-17,2
insurance,2018-10-18,2
insurance,2018-10-19,2
insurance,2018-10-20,2
insurance,2018-10-21,2
insurance,2018-10-22,2
insurance,2018-10-23,2
insurance,2018-10-24,2
insurance,2018-10-25,2
insurance,2018-10-26,2
insurance,2018-10-27,2
insurance,2018-10-28,2
insurance,2018-10-29,2
insurance,2018-10-30,2
insurance,2018-10-31,2
insurance,2018-11-01,2
insurance,2018-11-02,2
insurance,2018-11-03,2
insurance,2018-11-04,2
insurance,2018-11-05,2
insurance,2018-11-06,2
insurance,2018-11-07,2
insurance,2018-11-08,2
insurance,2018-11-09,2
insurance,2018-11-10,2
insurance,2018-11-11,2
insurance,2018-11-12,2
insurance,2018-11-13,2
insurance,2018-11-14,2
insurance,2018-11-15,2
insurance,2018-11-16,2
insurance,2018-11-17,2
insurance,2018-11-18,2
insurance,2018-11-19,2
insurance,2018-11-20,2
insurance,2018-11-21,2
insurance,2018-11-22,2
insurance,2018-11-23,2
insurance,2018-11-24,2
insurance,2018-11-25,2
insurance,2018-11-26,2
insurance,2018-11-27,2
insurance,2018-11-28,2
insurance,2018-11-29,2
insurance,2018-11-30,2
insurance,2018-12-01,2
insurance,2018-12-02,2
insurance,2018-12-03,2
insurance,2018-12-04,2
insurance,2018-12-05,2
insurance,2018-12-06,2
insurance,2018-12-07,2
insurance,2018-12-08,2
insurance,2018-12-09,2
insurance,2018-12-10,2
insurance,2018-12-11,2
insurance,2018-12-12,2
insurance,2018-12-13,2
insurance,2018-12-14,2
insurance,2018-12-15,2
insurance,2018-12-16,2
insurance,2018-12-17,2
insurance,2018-12-18,2
insurance,2018-12-19,2
insurance,2018-12-20,2
insurance,2018-12-21,2
insurance,2018-12-22,2
insurance,2018-12-23,2
insurance,2018-12-24,2
insurance,2018-12-25,2
insurance,2018-12-26,2
insurance,2018-12-27,2
insurance,2018-12-28,2
insurance,2018-12-29,2
insurance,2018-12-30,2
insurance,2018-12-31,2
insurance,2019-01-01,2
insurance,2019-01-02,2
insurance,2019-01-03,2
insurance,2019-01-04,2
insurance,2019-01-05,2
insurance,2019-01-06,2
insurance,2019-01-07,2
insurance,2019-01-08,2
insurance,2019-01-09,2
insurance,2019-01-10,2
insurance,2019-01-11,2
insurance,2019-01-12,2
insurance,2019-01-13,2
insurance,2019-01-14,2
insurance,2019-01-15,2
insurance,2019-01-16,2
insurance,2019-01-17,2
insurance,2019-01-18,2
insurance,2019-01-19,2
insurance,2019-01-20,2
insurance,2019-01-21,2
insurance,2019-01-22,2
insurance,2019-01-23,2
insurance,2019-01-24,2
insurance,2019-01-25,2
insurance,2019-01-26,2
insurance,2019-01-27,2
insurance,2019-01-28,2
insurance,2019-01-29,2
insurance,2019-01-30,2
insurance,2019-01-31,2
insurance,2019-02-01,2
insurance,2019-02-02,2
insurance,2019-02-03,2
insurance,2019-02-04,2
insurance,2019-02-05,2
insurance,2019-02-06,2
insurance,2019-02-07,2
insurance,2019-02-08,2
insurance,2019-02-09,2
insurance,2019-02-10,2
insurance,2019-02-11,2
insurance,2019-02-12,2
insurance,2019-02-13,2
insurance,2019-02-14,2
insurance,2019-02-15,2
insurance,2019-02-16,2
insurance,2019-02-17,2
insurance,2019-02-18,2
insurance,2019-02-19,2
insurance,2019-02-20,2
insurance,2019-02-21,2
insurance,2019-02-22,2
insurance,2019-02-23,2
insurance,2019-02-24,2
insurance,2019-02-25,2
insurance,2019-02-26,2
insurance,2019-02-27,2
insurance,2019-02-28,2
insurance,2019-03-01,2
insurance,2019-03-02,2
insurance,2019-03-03,2
insurance,2019-03-04,2
insurance,2019-03-05,2
insurance,2019-03-06,2
insurance,2019-03-07,2
insurance,2019-03-08,2
insurance,2019-03-09,2
insurance,2019-03-10,2
insurance,2019-03-11,2
insurance,2019-03-12,2
insurance,2019-03-13,2
insurance,2019-03-14,2
insurance,2019-03-15,2
insurance,2019-03-16,2
insurance,2019-03-17,2
insurance,2019-03-18,2
insurance,2019-03-19,2
insurance,2019-03-20,2
insurance,2019-03-21,2
insurance,2019-03-22,2
insurance,2019-03-23,2
insurance,2019-03-24,2
insurance,2019-03-25,2
insurance,2019-03-26,2
insurance,2019-03-27,2
insurance,2019-03-28,2
insurance,2019-03-29,2
insurance,2019-03-30,2
insurance,2019-03-31,2
insurance,2019-04-01,2
insurance,2019-04-02,2
insurance,2019-04-03,2
insurance,2019-04-04,2
insurance,2019-04-05,2
insurance,2019-04-06,2
insurance,2019-04-07,2
insurance,2019-04-08,2
insurance,2019-04-09,2
insurance,2019-04-10,2
insurance,2019-04-11,2
insurance,2019-04-12,2
insurance,2019-04-13,2
insurance,2019-04-14,2
insurance,2019-04-15,2
insurance,2019-04-16,2
insurance,2019-04-17,2
insurance,2019-04-18,2
insurance,2019-04-19,2
insurance,2019-04-20,2
insurance,2019-04-21,2
insurance,2019-04-22,2
insurance,2019-04-23,2
insurance,2019-04-24,2
insurance,2019-04-25,2
insurance,2019-04-26,2
insurance,2019-04-27,2
insurance,2019-04-28,2
insurance,2019-04-29,2
insurance,2019-04-30,2
insurance,2019-05-01,2
insurance,2019-05-02,2
insurance,2019-05-03,2
insurance,2019-05-04,2
insurance,2019-05-05,2
insurance,2019-05-06,2
insurance,2019-05-07,2
insurance,2019-05-08,2
insurance,2019-05-09,2
insurance,2019-05-10,2
insurance,2019-05-11,2
insurance,2019-05-12,2
insurance,2019-05-13,2
insurance,2019-05-14,2
insurance,2019-05-15,2
insurance,2019-05-16,2
insurance,2019-05-17,2
insurance,2019-05-18,2
insurance,2019-05-19,2
insurance,2019-05-20,2
insurance,2019-05-21,2
insurance,2019-05-22,2
insurance,2019-05-23,2
insurance,2019-05-24,2
insurance,2019-05-25,2
insurance,2019-05-26,2
insurance,2019-05-27,2
insurance,2019-05-28,2
insurance,2019-05-29,2
insurance,2019-05-30,2
insurance,2019-05-31,2
insurance,2019-06-01,2
insurance,2019-06-02,2
insurance,2019-06-03,2
insurance,2019-06-04,2
insurance,2019-06-05,2
insurance,2019-06-06,2
insurance,2019-06-07,2
insurance,2019-06-08,2
insurance,2019-06-09,2
insurance,2019-06-10,2
insurance,2019-06-11,2
insurance,2019-06-12,2
insurance,2019-06-13,2
insurance,2019-06-14,2
insurance,2019-06-15,2
insurance,2019-06-16,2
insurance,2019-06-17,2
insurance,2019-06-18,2
insurance,2019-06-19,2
insurance,2019-06-20,2
insurance,2019-06-21,2
insurance,2019-06-22,2
insurance,2019-06-23,2
insurance,2019-06-24,2
insurance,2019-06-25,2
insurance,2019-06-26,2
insurance,2019-06-27,2
insurance,2019-06-28,2
insurance,2019-06-29,2
insurance,2019-06-30,2
insurance,2019-07-01,2
insurance,2019-07-02,2
insurance,2019-07-03,2
insurance,2019-07-04,2
insurance,2019-07-05,2
insurance,2019-07-06,2
insurance,2019-07-07,2
insurance,2019-07-08,2
insurance,2019-07-09,2
insurance,2019-07-10,2
insurance,2019-07-11,2
insurance,2019-07-12,2
insurance,2019-07-13,2
insurance,2019-07-14,2
insurance,2019-07-15,2
insurance,2019-07-16,2
insurance,2019-07-17,2
insurance,2019-07-18,2
insurance,2019-07-19,2
insurance,2019-07-20,2
insurance,2019-07-21,2
insurance,2019-07-22,2
insurance,2019-07-23,2
insurance,2019-07-24,2
insurance,2019-07-25,2
insurance,2019-07-26,2
insurance,2019-07-27,2
insurance,2019-07-28,2
insurance,2019-07-29,2
insurance,2019-07-30,2
insurance,2019-07-31,2
insurance,2019-08-01,2
insurance,2019-08-02,2
insurance,2019-08-03,2
insurance,2019-08-04,2
insurance,2019-08-05,2
insurance,2019-08-06,2
insurance,2019-08-07,2
insurance,2019-08-08,2
insurance,2019-08-09,2
insurance,2019-08-10,2
insurance,2019-08-11,2
insurance,2019-08-12,2
insurance,2019-08-13,2
insurance,2019-08-14,2
insurance,2019-08-15,2
insurance,2019-08-16,2
insurance,2019-08-17,2
insurance,2019-08-18,2
insurance,2019-08-19,2
insurance,2019-08-20,2
insurance,2019-08-21,2
insurance,2019-08-22,2
insurance,2019-08-23,2
insurance,2019-08-24,2
insurance,2019-08-25,2
insurance,2019-08-26,2
insurance,2019-08-27,2
insurance,2019-08-28,2
insurance,2019-08-29,2
insurance,2019-08-30,2
insurance,2019-08-31,2
insurance,2019-09-01,2
insurance,2019-09-02,2
insurance,2019-09-03,2
insurance,2019-09-04,2
insurance,2019-09-05,2
insurance,2019-09-06,2
insurance,2019-09-07,2
insurance,2019-09-08,2
insurance,2019-09-09,2
insurance,2019-09-10,2
insurance,2019-09-11,2
insurance,2019-09-12,2
insurance,2019-09-13,2
insurance,2019-09-14,2
insurance,2019-09-15,2
insurance,2019-09-16,2
insurance,2019-09-17,2
insurance,2019-09-18,2
insurance,2019-09-19,2
insurance,2019-09-20,2
insurance,2019-09-21,2
insurance,2019-09-22,2
insurance,2019-09-23,2
insurance,2019-09-24,2
insurance,2019-09-25,2
insurance,2019-09-26,2
insurance,2019-09-27,2
insurance,2019-09-28,2
insurance,2019-09-29,2
insurance,2019-09-30,2
insurance,2019-10-01,2
insurance,2019-10-02,2
insurance,2019-10-03,2
insurance,2019-10-04,2
insurance,2019-10-05,2
insurance,2019-10-06,2
insurance,2019-10-07,2
insurance,2019-10-08,2
insurance,2019-10-09,2
insurance,2019-10-10,2
insurance,2019-10-11,2
insurance,2019-10-12,2
insurance,2019-10-13,2
insurance,2019-10-14,2
insurance,2019-10-15,2
insurance,2019-10-16,2
insurance,2019-10-17,2
insurance,2019-10-18,2
insurance,2019-10-19,2
insurance,2019-10-20,2
insurance,2019-10-21,2
insurance,2019-10-22,2
insurance,2019-10-23,2
insurance,2019-10-24,2
insurance,2019-10-25,2
insurance,2019-10-26,2
insurance,2019-10-27,2
insurance,2019-10-28,2
insurance,2019-10-29,2
insurance,2019-10-30,2
insurance,2019-10-31,2
insurance,2019-11-01,2
insurance,2019-11-02,2
insurance,2019-11-03,2
insurance,2019-11-04,2
insurance,2019-11-05,2
insurance,2019-11-06,2
insurance,2019-11-07,2
insurance,2019-11-08,2
insurance,2019-11-09,2
insurance,2019-11-10,2
insurance,2019-11-11,2
insurance,2019-11-12,2
insurance,2019-11-13,2
insurance,2019-11-14,2
insurance,2019-11-15,2
insurance,2019-11-16,2
insurance,2019-11-17,2
insurance,2019-11-18,2
insurance,2019-11-19,2
insurance,2019-11-20,2
insurance,2019-11-21,2
insurance,2019-11-22,2
insurance,2019-11-23,2
insurance,2019-11-24,2
insurance,2019-11-25,2
insurance,2019-11-26,2
insurance,2019-11-27,2
insurance,2019-11-28,2
insurance,2019-11-29,2
insurance,2019-11-30,2
insurance,2019-12-01,2
insurance,2019-12-02,2
insurance,2019-12-03,2
insurance,2019-12-04,2
insurance,2019-12-05,2
insurance,2019-12-06,2
insurance,2019-12-07,2
insurance,2019-12-08,2
insurance,2019-12-09,2
insurance,2019-12-10,2
insurance,2019-12-11,2
insurance,2019-12-12,2
insurance,2019-12-13,2
insurance,2019-12-14,2
insurance,2019-12-15,2
insurance,2019-12-16,2
insurance,2019-12-17,2
insurance,2019-12-18,2
insurance,2019-12-19,2
insurance,2019-12-20,2
insurance,2019-12-21,2
insurance,2019-12-22,2
insurance,2019-12-23,2
insurance,2019-12-24,2
insurance,2019-12-25,2
insurance,2019-12-26,2
insurance,2019-12-27,2
insurance,2019-12-28,2
insurance,2019-12-29,2
insurance,2019-12-30,2
insurance,2019-12-31,2
insurance,2020-01-01,2
insurance,2020-01-02,2
insurance,2020-01-03,2
insurance,2020-01-04,2
insurance,2020-01-05,2
insurance,2020-01-06,2
insurance,2020-01-07,2
insurance,2020-01-08,2
insurance,2020-01-09,2
insurance,2020-01-10,2
insurance,2020-01-11,2
insurance,2020-01-12,2
insurance,2020-01-13,2
insurance,2020-01-14,2
insurance,2020-01-15,2
insurance,2020-01-16,2
insurance,2020-01-17,2
insurance,2020-01-18,2
insurance,2020-01-19,2
insurance,2020-01-20,2
insurance,2020-01-21,2
insurance,2020-01-22,2
insurance,2020-01-23,2
insurance,2020-01-24,2
insurance,2020-01-25,2
insurance,2020-01-26,2
insurance,2020-01-27,2
insurance,2020-01-28,2
insurance,2020-01-29,2
insurance,2020-01-30,2
insurance,2020-01-31,2
insurance,2020-02-01,2
insurance,2020-02-02,2
insurance,2020-02-03,2
insurance,2020-02-04,2
insurance,2020-02-05,2
insurance,2020-02-06,2
insurance,2020-02-07,2
insurance,2020-02-08,2
insurance,2020-02-09,2
insurance,2020-02-10,2
insurance,2020-02-11,2
insurance,2020-02-12,2
insurance,2020-02-13,2
insurance,2020-02-14,2
insurance,2020-02-15,2
insurance,2020-02-16,2
insurance,2020-02-17,2
insurance,2020-02-18,2
insurance,2020-02-19,2
insurance,2020-02-20,2
insurance,2020-02-21,2
insurance,2020-02-22,2
insurance,2020-02-23,2
insurance,2020-02-24,2
insurance,2020-02-25,2
insurance,2020-02-26,2
insurance,2020-02-27,2
insurance,2020-02-28,2
insurance,2020-02-29,2
insurance,2020-03-01,2
insurance,2020-03-02,2
insurance,2020-03-03,2
insurance,2020-03-04,2
insurance,2020-03-05,2
insurance,2020-03-06,2
insurance,2020-03-07,2
insurance,2020-03-08,2
insurance,2020-03-09,2
insurance,2020-03-10,2
insurance,2020-03-11,2
insurance,2020-03-12,2
insurance,2020-03-13,2
insurance,2020-03-14,2
insurance,2020-03-15,2
insurance,2020-03-16,2
insurance,2020-03-17,2
insurance,2020-03-18,2
insurance,2020-03-19,2
insurance,2020-03-20,2
insurance,2020-03-21,2
insurance,2020-03-22,2
insurance,2020-03-23,2
insurance,2020-03-24,2
insurance,2020-03-25,2
insurance,2020-03-26,2
insurance,2020-03-27,2
insurance,2020-03-28,2
insurance,2020-03-29,2
insurance,2020-03-30,2
insurance,2020-03-31,2
insurance,2020-04-01,2
insurance,2020-04-02,2
insurance,2020-04-03,2
insurance,2020-04-04,2
insurance,2020-04-05,2
insurance,2020-04-06,2
insurance,2020-04-07,2
insurance,2020-04-08,2
insurance,2020-04-09,2
insurance,2020-04-10,2
insurance,2020-04-11,2
insurance,2020-04-12,2
insurance,2020-04-13,2
insurance,2020-04-14,2
insurance,2020-04-15,2
insurance,2020-04-16,2
insurance,2020-04-17,2
insurance,2020-04-18,2
insurance,2020-04-19,2
insurance,2020-04-20,2
insurance,2020-04-21,2
insurance,2020-04-22,2
insurance,2020-04-23,2
insurance,2020-04-24,2
insurance,2020-04-25,2
insurance,2020-04-26,2
insurance,2020-04-27,2
insurance,2020-04-28,2
insurance,2020-04-29,2
insurance,2020-04-30,2
insurance,2020-05-01,2
insurance,2020-05-02,2
insurance,2020-05-03,2
insurance,2020-05-04,2
insurance,2020-05-05,2
insurance,2020-05-06,2
insurance,2020-05-07,2
insurance,2020-05-08,2
insurance,2020-05-09,2
insurance,2020-05-10,2
insurance,2020-05-11,2
insurance,2020-05-12,2
insurance,2020-05-13,2
insurance,2020-05-14,2
insurance,2020-05-15,2
insurance,2020-05-16,2
insurance,2020-05-17,2
insurance,2020-05-18,2
insurance,2020-05-19,2
insurance,2020-05-20,2
insurance,2020-05-21,2
insurance,2020-05-22,2
insurance,2020-05-23,2
insurance,2020-05-24,2
insurance,2020-05-25,2
insurance,2020-05-26,2
insurance,2020-05-27,2
insurance,2020-05-28,2
insurance,2020-05-29,2
insurance,2020-05-30,2
insurance,2020-05-31,2
insurance,2020-06-01,2
insurance,2020-06-02,2
insurance,2020-06-03,2
insurance,2020-06-04,2
insurance,2020-06-05,2
insurance,2020-06-06,2
insurance,2020-06-07,2
insurance,2020-06-08,2
insurance,2020-06-09,2
insurance,2020-06-10,2
insurance,2020-06-11,2
insurance,2020-06-12,2
insurance,2020-06-13,2
insurance,2020-06-14,2
insurance,2020-06-15,2
insurance,2020-06-16,2
insurance,2020-06-17,2
insurance,2020-06-18,2
insurance,2020-06-19,2
insurance,2020-06-20,2
insurance,2020-06-21,2
insurance,2020-06-22,2
insurance,2020-06-23,2
insurance,2020-06-24,2
insurance,2020-06-25,2
insurance,2020-06-26,2
insurance,2020-06-27,2
insurance,2020-06-28,2
insurance,2020-06-29,2
insurance,2020-06-30,2
insurance,2020-07-01,2
insurance,2020-07-02,2
insurance,2020-07-03,2
insurance,2020-07-04,2
insurance,2020-07-05,2
insurance,2020-07-06,2
insurance,2020-07-07,2
insurance,2020-07-08,2
insurance,2020-07-09,2
insurance,2020-07-10,2
insurance,2020-07-11,2
insurance,2020-07-12,2
insurance,2020-07-13,2
insurance,2020-07-14,2
insurance,2020-07-15,2
insurance,2020-07-16,2
insurance,2020-07-17,2
insurance,2020-07-18,2
insurance,2020-07-19,2
insurance,2020-07-20,2
insurance,2020-07-21,2
insurance,2020-07-22,2
insurance,2020-07-23,2
insurance,2020-07-24,2
insurance,2020-07-25,2
insurance,2020-07-26,2
insurance,2020-07-27,2
insurance,2020-07-28,2
insurance,2020-07-29,2
insurance,2020-07-30,2
insurance,2020-07-31,2
insurance,2020-08-01,2
insurance,2020-08-02,2
insurance,2020-08-03,2
insurance,2020-08-04,2
insurance,2020-08-05,2
insurance,2020-08-06,2
insurance,2020-08-07,2
insurance,2020-08-08,2
insurance,2020-08-09,2
insurance,2020-08-10,2
insurance,2020-08-11,2
insurance,2020-08-12,2
insurance,2020-08-13,2
insurance,2020-08-14,2
insurance,2020-08-15,2
insurance,2020-08-16,2
insurance,2020-08-17,2
insurance,2020-08-18,2
insurance,2020-08-19,2
insurance,2020-08-20,2
insurance,2020-08-21,2
insurance,2020-08-22,2
insurance,2020-08-23,2
insurance,2020-08-24,2
insurance,2020-08-25,2
insurance,2020-08-26,2
insurance,2020-08-27,2
insurance,2020-08-28,2
insurance,2020-08-29,2
insurance,2020-08-30,2
insurance,2020-08-31,2
insurance,2020-09-01,2
insurance,2020-09-02,2
insurance,2020-09-03,2
insurance,2020-09-04,2
insurance,2020-09-05,2
insurance,2020-09-06,2
insurance,2020-09-07,2
insurance,2020-09-08,2
insurance,2020-09-09,2
insurance,2020-09-10,2
insurance,2020-09-11,2
insurance,2020-09-12,2
insurance,2020-09-13,2
insurance,2020-09-14,2
insurance,2020-09-15,2
insurance,2020-09-16,2
insurance,2020-09-17,2
insurance,2020-09-18,2
insurance,2020-09-19,2
insurance,2020-09-20,2
insurance,2020-09-21,2
insurance,2020-09-22,2
insurance,2020-09-23,2
insurance,2020-09-24,2
insurance,2020-09-25,2
insurance,2020-09-26,2
insurance,2020-09-27,2
insurance,2020-09-28,2
insurance,2020-09-29,2
insurance,2020-09-30,2
insurance,2020-10-01,2
insurance,2020-10-02,2
insurance,2020-10-03,2
insurance,2020-10-04,2
insurance,2020-10-05,2
insurance,2020-10-06,2
insurance,2020-10-07,2
insurance,2020-10-08,2
insurance,2020-10-09,2
insurance,2020-10-10,2
insurance,2020-10-11,2
insurance,2020-10-12,2
insurance,2020-10-13,2
insurance,2020-10-14,2
insurance,2020-10-15,2
insurance,2020-10-16,2
insurance,2020-10-17,2
insurance,2020-10-18,2
insurance,2020-10-19,2
insurance,2020-10-20,2
insurance,2020-10-21,2
insurance,2020-10-22,2
insurance,2020-10-23,2
insurance,2020-10-24,2
insurance,2020-10-25,2
insurance,2020-10-26,2
insurance,2020-10-27,2
insurance,2020-10-28,2
insurance,2020-10-29,2
insurance,2020-10-30,2
insurance,2020-10-31,2
insurance,2020-11-01,2
insurance,2020-11-02,2
insurance,2020-11-03,2
insurance,2020-11-04,2
insurance,2020-11-05,2
insurance,2020-11-06,2
insurance,2020-11-07,2
insurance,2020-11-08,2
insurance,2020-11-09,2
insurance,2020-11-10,2
insurance,2020-11-11,2
insurance,2020-11-12,2
insurance,2020-11-13,2
insurance,2020-11-14,2
insurance,2020-11-15,2
insurance,2020-11-16,2
insurance,2020-11-17,2
insurance,2020-11-18,2
insurance,2020-11-19,2
insurance,2020-11-20,2
insurance,2020-11-21,2
insurance,2020-11-22,2
insurance,2020-11-23,2
insurance,2020-11-24,2
insurance,2020-11-25,2
insurance,2020-11-26,2
insurance,2020-11-27,2
insurance,2020-11-28,2
insurance,2020-11-29,2
insurance,2020-11-30,2
insurance,2020-12-01,2
insurance,2020-12-02,2
insurance,2020-12-03,2
insurance,2020-12-04,2
insurance,2020-12-05,2
insurance,2020-12-06,2
insurance,2020-12-07,2
insurance,2020-12-08,2
insurance,2020-12-09,2
insurance,2020-12-10,2
insurance,2020-12-11,2
insurance,2020-12-12,2
insurance,2020-12-13,2
insurance,2020-12-14,2
insurance,2020-12-15,2
insurance,2020-12-16,2
insurance,2020-12-17,2
insurance,2020-12-18,2
insurance,2020-12-19,2
insurance,2020-12-20,2
insurance,2020-12-21,2
insurance,2020-12-22,2
insurance,2020-12-23,2
insurance,2020-12-24,2
insurance,2020-12-25,2
insurance,2020-12-26,2
insurance,2020-12-27,2
insurance,2020-12-28,2
insurance,2020-12-29,2
insurance,2020-12-30,2
insurance,2020-12-31,2
insurance,2021-01-01,2
insurance,2021-01-02,2
insurance,2021-01-03,2
insurance,2021-01-04,2
insurance,2021-01-05,2
insurance,2021-01-06,2
insurance,2021-01-07,2
insurance,2021-01-08,2
insurance,2021-01-09,2
insurance,2021-01-10,2
insurance,2021-01-11,2
insurance,2021-01-12,2
insurance,2021-01-13,2
insurance,2021-01-14,2
insurance,2021-01-15,2
insurance,2021-01-16,2
insurance,2021-01-17,2
insurance,2021-01-18,2
insurance,2021-01-19,2
insurance,2021-01-20,2
insurance,2021-01-21,2
insurance,2021-01-22,2
insurance,2021-01-23,2
insurance,2021-01-24,2
insurance,2021-01-25,2
insurance,2021-01-26,2
insurance,2021-01-27,2
insurance,2021-01-28,2
insurance,2021-01-29,2
insurance,2021-01-30,2
insurance,2021-01-31,2
insurance,2021-02-01,2
insurance,2021-02-02,2
insurance,2021-02-03,2
insurance,2021-02-04,2
insurance,2021-02-05,2
insurance,2021-02-06,2
insurance,2021-02-07,2
insurance,2021-02-08,2
insurance,2021-02-09,2
insurance,2021-02-10,2
insurance,2021-02-11,2
insurance,2021-02-12,2
insurance,2021-02-13,2
insurance,2021-02-14,2
insurance,2021-02-15,2
insurance,2021-02-16,2
insurance,2021-02-17,2
insurance,2021-02-18,2
insurance,2021-02-19,2
insurance,2021-02-20,2
insurance,2021-02-21,2
insurance,2021-02-22,2
insurance,2021-02-23,2
insurance,2021-02-24,2
insurance,2021-02-25,2
insurance,2021-02-26,2
insurance,2021-02-27,2
insurance,2021-02-28,2
insurance,2021-03-01,2
insurance,2021-03-02,2
insurance,2021-03-03,2
insurance,2021-03-04,2
insurance,2021-03-05,2
insurance,2021-03-06,2
insurance,2021-03-07,2
insurance,2021-03-08,2
insurance,2021-03-09,2
insurance,2021-03-10,2
insurance,2021-03-11,2
insurance,2021-03-12,2
insurance,2021-03-13,2
insurance,2021-03-14,2
insurance,2021-03-15,2
insurance,2021-03-16,2
insurance,2021-03-17,2
insurance,2021-03-18,2
insurance,2021-03-19,2
insurance,2021-03-20,2
insurance,2021-03-21,2
insurance,2021-03-22,2
insurance,2021-03-23,2
insurance,2021-03-24,2
insurance,2021-03-25,2
insurance,2021-03-26,2
insurance,2021-03-27,2
insurance,2021-03-28,2
insurance,2021-03-29,2
insurance,2021-03-30,2
insurance,2021-03-31,2
insurance,2021-04-01,2
insurance,2021-04-02,2
insurance,2021-04-03,2
insurance,2021-04-04,2
insurance,2021-04-05,2
insurance,2021-04-06,2
insurance,2021-04-07,2
insurance,2021-04-08,2
insurance,2021-04-09,2
insurance,2021-04-10,2
insurance,2021-04-11,2
insurance,2021-04-12,2
insurance,2021-04-13,2
insurance,2021-04-14,2
insurance,2021-04-15,2
insurance,2021-04-16,2
insurance,2021-04-17,2
insurance,2021-04-18,2
insurance,2021-04-19,2
insurance,2021-04-20,2
insurance,2021-04-21,2
insurance,2021-04-22,2
insurance,2021-04-23,2
insurance,2021-04-24,2
insurance,2021-04-25,2
insurance,2021-04-26,2
insurance,2021-04-27,2
insurance,2021-04-28,2
insurance,2021-04-29,2
insurance,2021-04-30,2
insurance,2021-05-01,2
insurance,2021-05-02,2
insurance,2021-05-03,2
insurance,2021-05-04,2
insurance,2021-05-05,2
insurance,2021-05-06,2
insurance,2021-05-07,2
insurance,2021-05-08,2
insurance,2021-05-09,2
insurance,2021-05-10,2
insurance,2021-05-11,2
insurance,2021-05-12,2
insurance,2021-05-13,2
insurance,2021-05-14,2
insurance,2021-05-15,2
insurance,2021-05-16,2
insurance,2021-05-17,2
insurance,2021-05-18,2
insurance,2021-05-19,2
insurance,2021-05-20,2
insurance,2021-05-21,2
insurance,2021-05-22,2
insurance,2021-05-23,2
insurance,2021-05-24,2
insurance,2021-05-25,2
insurance,2021-05-26,2
insurance,2021-05-27,2
insurance,2021-05-28,2
insurance,2021-05-29,2
insurance,2021-05-30,2
insurance,2021-05-31,2
insurance,2021-06-01,2
insurance,2021-06-02,2
insurance,2021-06-03,2
insurance,2021-06-04,2
insurance,2021-06-05,2
insurance,2021-06-06,2
insurance,2021-06-07,2
insurance,2021-06-08,2
insurance,2021-06-09,2
insurance,2021-06-10,2
insurance,2021-06-11,2
insurance,2021-06-12,2
insurance,2021-06-13,2
insurance,2021-06-14,2
insurance,2021-06-15,2
insurance,2021-06-16,2
insurance,2021-06-17,2
insurance,2021-06-18,2
insurance,2021-06-19,2
insurance,2021-06-20,2
insurance,2021-06-21,2
insurance,2021-06-22,2
insurance,2021-06-23,2
insurance,2021-06-24,2
insurance,2021-06-25,2
insurance,2021-06-26,2
insurance,2021-06-27,2
insurance,2021-06-28,2
insurance,2021-06-29,2
insurance,2021-06-30,2
insurance,2021-07-01,2
insurance,2021-07-02,2
insurance,2021-07-03,2
insurance,2021-07-04,2
insurance,2021-07-05,2
insurance,2021-07-06,2
insurance,2021-07-07,2
insurance,2021-07-08,2
insurance,2021-07-09,2
insurance,2021-07-10,2
insurance,2021-07-11,2
insurance,2021-07-12,2
insurance,2021-07-13,2
insurance,2021-07-14,2
insurance,2021-07-15,2
insurance,2021-07-16,2
insurance,2021-07-17,2
insurance,2021-07-18,2
insurance,2021-07-19,2
insurance,2021-07-20,2
insurance,2021-07-21,2
insurance,2021-07-22,2
insurance,2021-07-23,2
insurance,2021-07-24,2
insurance,2021-07-25,2
insurance,2021-07-26,2
insurance,2021-07-27,2
insurance,2021-07-28,2
insurance,2021-07-29,2
insurance,2021-07-30,2
insurance,2021-07-31,2
insurance,2021-08-01,2
insurance,2021-08-02,2
insurance,2021-08-03,2
insurance,2021-08-04,2
insurance,2021-08-05,2
insurance,2021-08-06,2
insurance,2021-08-07,2
insurance,2021-08-08,2
insurance,2021-08-09,2
insurance,2021-08-10,2
insurance,2021-08-11,2
insurance,2021-08-12,2
insurance,2021-08-13,2
insurance,2021-08-14,2
insurance,2021-08-15,2
insurance,2021-08-16,2
insurance,2021-08-17,2
insurance,2021-08-18,2
insurance,2021-08-19,2
insurance,2021-08-20,2
insurance,2021-08-21,2
insurance,2021-08-22,2
insurance,2021-08-23,2
insurance,2021-08-24,2
insurance,2021-08-25,2
insurance,2021-08-26,2
insurance,2021-08-27,2
insurance,2021-08-28,2
insurance,2021-08-29,2
insurance,2021-08-30,2
insurance,2021-08-31,2
insurance,2021-09-01,2
insurance,2021-09-02,2
insurance,2021-09-03,2
insurance,2021-09-04,2
insurance,2021-09-05,2
insurance,2021-09-06,2
insurance,2021-09-07,2
insurance,2021-09-08,2
insurance,2021-09-09,2
insurance,2021-09-10,2
insurance,2021-09-11,2
insurance,2021-09-12,2
insurance,2021-09-13,2
insurance,2021-09-14,2
insurance,2021-09-15,2
insurance,2021-09-16,2
insurance,2021-09-17,2
insurance,2021-09-18,2
insurance,2021-09-19,2
insurance,2021-09-20,2
insurance,2021-09-21,2
insurance,2021-09-22,2
insurance,2021-09-23,2
insurance,2021-09-24,2
insurance,2021-09-25,2
insurance,2021-09-26,2
insurance,2021-09-27,2
insurance,2021-09-28,2
insurance,2021-09-29,2
insurance,2021-09-30,2
insurance,2021-10-01,2
insurance,2021-10-02,2
insurance,2021-10-03,2
insurance,2021-10-04,2
insurance,2021-10-05,2
insurance,2021-10-06,2
insurance,2021-10-07,2
insurance,2021-10-08,2
insurance,2021-10-09,2
insurance,2021-10-10,2
insurance,2021-10-11,2
insurance,2021-10-12,2
insurance,2021-10-13,2
insurance,2021-10-14,2
insurance,2021-10-15,2
insurance,2021-10-16,2
insurance,2021-10-17,2
insurance,2021-10-18,2
insurance,2021-10-19,2
insurance,2021-10-20,2
insurance,2021-10-21,2
insurance,2021-10-22,2
insurance,2021-10-23,2
insurance,2021-10-24,2
insurance,2021-10-25,2
insurance,2021-10-26,2
insurance,2021-10-27,2
insurance,2021-10-28,2
insurance,2021-10-29,2
insurance,2021-10-30,2
insurance,2021-10-31,2
insurance,2021-11-01,2
insurance,2021-11-02,2
insurance,2021-11-03,2
insurance,2021-11-04,2
insurance,2021-11-05,3
insurance,2021-11-06,3
insurance,2021-11-07,3
insurance,2021-11-08,3
insurance,2021-11-09,3
insurance,2021-11-10,3
insurance,2021-11-11,3
insurance,2021-11-12,3
insurance,2021-11-13,3
insurance,2021-11-14,3
insurance,2021-11-15,3
insurance,2021-11-16,3
insurance,2021-11-17,3
insurance,2021-11-18,3
insurance,2021-11-19,3
insurance,2021-11-20,3
insurance,2021-11-21,3
insurance,2021-11-22,3
insurance,2021-11-23,3
insurance,2021-11-24,3
insurance,2021-11-25,3
insurance,2021-11-26,3
insurance,2021-11-27,3
insurance,2021-11-28,3
insurance,2021-11-29,3
insurance,2021-11-30,3
insurance,2021-12-01,3
insurance,2021-12-02,3
insurance,2021-12-03,3
insurance,2021-12-04,3
insurance,2021-12-05,3
insurance,2021-12-06,3
insurance,2021-12-07,3
insurance,2021-12-08,3
insurance,2021-12-09,3
insurance,2021-12-10,3
insurance,2021-12-11,3
insurance,2021-12-12,3
insurance,2021-12-13,3
insurance,2021-12-14,3
insurance,2021-12-15,3
insurance,2021-12-16,3
insurance,2021-12-17,3
insurance,2021-12-18,3
insurance,2021-12-19,3
insurance,2021-12-20,3
insurance,2021-12-21,3
insurance,2021-12-22,3
insurance,2021-12-23,3
insurance,2021-12-24,3
insurance,2021-12-25,3
insurance,2021-12-26,3
insurance,2021-12-27,3
insurance,2021-12-28,3
insurance,2021-12-29,3
insurance,2021-12-30,3
insurance,2021-12-31,3
insurance,2022-01-01,3
insurance,2022-01-02,3
insurance,2022-01-03,3
insurance,2022-01-04,3
insurance,2022-01-05,3
insurance,2022-01-06,3
insurance,2022-01-07,3
insurance,2022-01-08,3
insurance,2022-01-09,3
insurance,2022-01-10,3
insurance,2022-01-11,3
insurance,2022-01-12,3
insurance,2022-01-13,3
insurance,2022-01-14,3
insurance,2022-01-15,3
insurance,2022-01-16,3
insurance,2022-01-17,3
insurance,2022-01-18,3
insurance,2022-01-19,3
insurance,2022-01-20,3
insurance,2022-01-21,3
insurance,2022-01-22,3
insurance,2022-01-23,3
insurance,2022-01-24,3
insurance,2022-01-25,3
insurance,2022-01-26,3
insurance,2022-01-27,3
insurance,2022-01-28,3
insurance,2022-01-29,3
insurance,2022-01-30,3
insurance,2022-01-31,3
insurance,2022-02-01,3
insurance,2022-02-02,3
insurance,2022-02-03,3
insurance,2022-02-04,3
insurance,2022-02-05,3
insurance,2022-02-06,3
insurance,2022-02-07,3
insurance,2022-02-08,3
insurance,2022-02-09,3
insurance,2022-02-10,3
insurance,2022-02-11,3
insurance,2022-02-12,3
insurance,2022-02-13,3
insurance,2022-02-14,3
insurance,2022-02-15,3
insurance,2022-02-16,3
insurance,2022-02-17,3
insurance,2022-02-18,3
insurance,2022-02-19,3
insurance,2022-02-20,3
insurance,2022-02-21,3
insurance,2022-02-22,3
insurance,2022-02-23,3
insurance,2022-02-24,3
insurance,2022-02-25,3
insurance,2022-02-26,3
insurance,2022-02-27,3
insurance,2022-02-28,3
insurance,2022-03-01,3
insurance,2022-03-02,3
insurance,2022-03-03,3
insurance,2022-03-04,3
insurance,2022-03-05,3
insurance,2022-03-06,3
insurance,2022-03-07,3
insurance,2022-03-08,3
insurance,2022-03-09,3
insurance,2022-03-10,3
insurance,2022-03-11,3
insurance,2022-03-12,3
insurance,2022-03-13,3
insurance,2022-03-14,3
insurance,2022-03-15,3
insurance,2022-03-16,3
insurance,2022-03-17,3
insurance,2022-03-18,3
insurance,2022-03-19,3
insurance,2022-03-20,3
insurance,2022-03-21,3
insurance,2022-03-22,3
insurance,2022-03-23,3
insurance,2022-03-24,3
insurance,2022-03-25,3
insurance,2022-03-26,3
insurance,2022-03-27,3
insurance,2022-03-28,3
insurance,2022-03-29,3
insurance,2022-03-30,3
insurance,2022-03-31,3
insurance,2022-04-01,3
insurance,2022-04-02,3
insurance,2022-04-03,3
insurance,2022-04-04,3
insurance,2022-04-05,3
insurance,2022-04-06,3
insurance,2022-04-07,3
insurance,2022-04-08,3
insurance,2022-04-09,3
insurance,2022-04-10,3
insurance,2022-04-11,3
insurance,2022-04-12,3
insurance,2022-04-13,3
insurance,2022-04-14,3
insurance,2022-04-15,3
insurance,2022-04-16,3
insurance,2022-04-17,3
insurance,2022-04-18,3
insurance,2022-04-19,3
insurance,2022-04-20,3
insurance,2022-04-21,3
insurance,2022-04-22,3
insurance,2022-04-23,3
insurance,2022-04-24,3
insurance,2022-04-25,3
insurance,2022-04-26,3
insurance,2022-04-27,3
insurance,2022-04-28,3
insurance,2022-04-29,3
insurance,2022-04-30,3
insurance,2022-05-01,3
insurance,2022-05-02,3
insurance,2022-05-03,3
insurance,2022-05-04,3
insurance,2022-05-05,3
insurance,2022-05-06,3
insurance,2022-05-07,3
insurance,2022-05-08,3
insurance,2022-05-09,3
insurance,2022-05-10,3
insurance,2022-05-11,3
insurance,2022-05-12,3
insurance,2022-05-13,3
insurance,2022-05-14,3
insurance,2022-05-15,3
insurance,2022-05-16,3
insurance,2022-05-17,3
insurance,2022-05-18,3
insurance,2022-05-19,3
insurance,2022-05-20,3
insurance,2022-05-21,3
insurance,2022-05-22,3
insurance,2022-05-23,3
insurance,2022-05-24,3
insurance,2022-05-25,3
insurance,2022-05-26,3
insurance,2022-05-27,4
insurance,2022-05-28,4
insurance,2022-05-29,4
insurance,2022-05-30,4
insurance,2022-05-31,4
insurance,2022-06-01,4
insurance,2022-06-02,4
insurance,2022-06-03,4
insurance,2022-06-04,4
insurance,2022-06-05,4
insurance,2022-06-06,4
insurance,2022-06-07,4
insurance,2022-06-08,4
insurance,2022-06-09,4
insurance,2022-06-10,4
insurance,2022-06-11,4
insurance,2022-06-12,4
insurance,2022-06-13,4
insurance,2022-06-14,4
insurance,2022-06-15,4
insurance,2022-06-16,4
insurance,2022-06-17,4
insurance,2022-06-18,4
insurance,2022-06-19,4
insurance,2022-06-20,4
insurance,2022-06-21,4
insurance,2022-06-22,4
insurance,2022-06-23,4
insurance,2022-06-24,4
insurance,2022-06-25,4
insurance,2022-06-26,4
insurance,2022-06-27,4
insurance,2022-06-28,4
insurance,2022-06-29,4
insurance,2022-06-30,4
insurance,2022-07-01,4
insurance,2022-07-02,4
insurance,2022-07-03,4
insurance,2022-07-04,4
insurance,2022-07-05,4
insurance,2022-07-06,4
insurance,2022-07-07,4
insurance,2022-07-08,4
insurance,2022-07-09,4
insurance,2022-07-10,4
insurance,2022-07-11,4
insurance,2022-07-12,4
insurance,2022-07-13,4
insurance,2022-07-14,4
insurance,2022-07-15,4
insurance,2022-07-16,4
insurance,2022-07-17,4
insurance,2022-07-18,4
insurance,2022-07-19,4
insurance,2022-07-20,4
insurance,2022-07-21,4
insurance,2022-07-22,4
insurance,2022-07-23,4
insurance,2022-07-24,4
insurance,2022-07-25,4
insurance,2022-07-26,4
insurance,2022-07-27,4
insurance,2022-07-28,4
insurance,2022-07-29,4
insurance,2022-07-30,4
insurance,2022-07-31,4
insurance,2022-08-01,4
insurance,2022-08-02,4
insurance,2022-08-03,4
insurance,2022-08-04,4
insurance,2022-08-05,4
insurance,2022-08-06,4
insurance,2022-08-07,4
insurance,2022-08-08,4
insurance,2022-08-09,4
insurance,2022-08-10,4
insurance,2022-08-11,4
insurance,2022-08-12,4
insurance,2022-08-13,4
insurance,2022-08-14,4
insurance,2022-08-15,4
insurance,2022-08-16,4
insurance,2022-08-17,4
insurance,2022-08-18,4
insurance,2022-08-19,4
insurance,2022-08-20,4
insurance,2022-08-21,4
insurance,2022-08-22,4
insurance,2022-08-23,4
insurance,2022-08-24,4
insurance,2022-08-25,4
insurance,2022-08-26,4
insurance,2022-08-27,4
insurance,2022-08-28,4
insurance,2022-08-29,4
insurance,2022-08-30,4
insurance,2022-08-31,4
insurance,2022-09-01,4
insurance,2022-09-02,4
insurance,2022-09-03,4
insurance,2022-09-04,4
insurance,2022-09-05,4
insurance,2022-09-06,4
insurance,2022-09-07,4
insurance,2022-09-08,4
insurance,2022-09-09,4
insurance,2022-09-10,4
insurance,2022-09-11,4
insurance,2022-09-12,4
insurance,2022-09-13,4
insurance,2022-09-14,4
insurance,2022-09-15,4
insurance,2022-09-16,4
insurance,2022-09-17,4
insurance,2022-09-18,4
insurance,2022-09-19,4
insurance,2022-09-20,4
insurance,2022-09-21,4
insurance,2022-09-22,4
insurance,2022-09-23,4
insurance,2022-09-24,4
insurance,2022-09-25,4
insurance,2022-09-26,4
insurance,2022-09-27,4
insurance,2022-09-28,4
insurance,2022-09-29,4
insurance,2022-09-30,4
insurance,2022-10-01,4
insurance,2022-10-02,4
insurance,2022-10-03,4
insurance,2022-10-04,4
insurance,2022-10-05,4
insurance,2022-10-06,4
insurance,2022-10-07,4
insurance,2022-10-08,4
insurance,2022-10-09,4
insurance,2022-10-10,4
insurance,2022-10-11,4
insurance,2022-10-12,4
insurance,2022-10-13,4
insurance,2022-10-14,4
insurance,2022-10-15,4
insurance,2022-10-16,4
insurance,2022-10-17,4
insurance,2022-10-18,4
insurance,2022-10-19,4
insurance,2022-10-20,4
insurance,2022-10-21,4
insurance,2022-10-22,4
insurance,2022-10-23,4
insurance,2022-10-24,4
insurance,2022-10-25,4
insurance,2022-10-26,4
insurance,2022-10-27,4
insurance,2022-10-28,4
insurance,2022-10-29,4
insurance,2022-10-30,4
insurance,2022-10-31,4
insurance,2022-11-01,4
insurance,2022-11-02,4
insurance,2022-11-03,4
insurance,2022-11-04,4
insurance,2022-11-05,4
insurance,2022-11-06,4
insurance,2022-11-07,4
insurance,2022-11-08,4
insurance,2022-11-09,4
insurance,2022-11-10,4
insurance,2022-11-11,4
insurance,2022-11-12,4
insurance,2022-11-13,4
insurance,2022-11-14,4
insurance,2022-11-15,4
insurance,2022-11-16,4
insurance,2022-11-17,4
insurance,2022-11-18,4
insurance,2022-11-19,4
insurance,2022-11-20,4
insurance,2022-11-21,4
insurance,2022-11-22,4
insurance,2022-11-23,4
insurance,2022-11-24,4
insurance,2022-11-25,4
insurance,2022-11-26,4
insurance,2022-11-27,4
insurance,2022-11-28,4
insurance,2022-11-29,4
insurance,2022-11-30,4
insurance,2022-12-01,4
insurance,2022-12-02,4
insurance,2022-12-03,4
insurance,2022-12-04,4
insurance,2022-12-05,4
insurance,2022-12-06,4
insurance,2022-12-07,4
insurance,2022-12-08,4
insurance,2022-12-09,4
insurance,2022-12-10,4
insurance,2022-12-11,4
insurance,2022-12-12,4
insurance,2022-12-13,4
insurance,2022-12-14,4
insurance,2022-12-15,4
insurance,2022-12-16,4
insurance,2022-12-17,4
insurance,2022-12-18,4
insurance,2022-12-19,4
insurance,2022-12-20,4
insurance,2022-12-21,4
insurance,2022-12-22,4
insurance,2022-12-23,4
insurance,2022-12-24,4
insurance,2022-12-25,4
insurance,2022-12-26,4
insurance,2022-12-27,4
insurance,2022-12-28,4
insurance,2022-12-29,4
insurance,2022-12-30,4
insurance,2022-12-31,4
insurance,2023-01-01,4
insurance,2023-01-02,4
insurance,2023-01-03,4
insurance,2023-01-04,4
insurance,2023-01-05,4
insurance,2023-01-06,4
insurance,2023-01-07,4
insurance,2023-01-08,4
insurance,2023-01-09,4
insurance,2023-01-10,4
insurance,2023-01-11,4
insurance,2023-01-12,4
insurance,2023-01-13,4
insurance,2023-01-14,4
insurance,2023-01-15,4
insurance,2023-01-16,4
insurance,2023-01-17,4
insurance,2023-01-18,4
insurance,2023-01-19,4
insurance,2023-01-20,4
insurance,2023-01-21,4
insurance,2023-01-22,4
insurance,2023-01-23,4
insurance,2023-01-24,4
insurance,2023-01-25,4
insurance,2023-01-26,4
insurance,2023-01-27,4
insurance,2023-01-28,4
insurance,2023-01-29,4
insurance,2023-01-30,4
insurance,2023-01-31,4
insurance,2023-02-01,4
insurance,2023-02-02,4
insurance,2023-02-03,4
insurance,2023-02-04,4
insurance,2023-02-05,4
insurance,2023-02-06,4
insurance,2023-02-07,4
insurance,2023-02-08,4
insurance,2023-02-09,4
insurance,2023-02-10,4
insurance,2023-02-11,4
insurance,2023-02-12,4
insurance,2023-02-13,4
insurance,2023-02-14,4
insurance,2023-02-15,4
insurance,2023-02-16,4
insurance,2023-02-17,4
insurance,2023-02-18,4
insurance,2023-02-19,4
insurance,2023-02-20,4
insurance,2023-02-21,4
insurance,2023-02-22,4
insurance,2023-02-23,4
insurance,2023-02-24,4
insurance,2023-02-25,4
insurance,2023-02-26,4
insurance,2023-02-27,4
insurance,2023-02-28,4
insurance,2023-03-01,4
insurance,2023-03-02,4
insurance,2023-03-03,4
insurance,2023-03-04,4
insurance,2023-03-05,4
insurance,2023-03-06,4
insurance,2023-03-07,4
insurance,2023-03-08,4
insurance,2023-03-09,4
insurance,2023-03-10,4
insurance,2023-03-11,4
insurance,2023-03-12,4
insurance,2023-03-13,4
insurance,2023-03-14,4
insurance,2023-03-15,4
insurance,2023-03-16,4
insurance,2023-03-17,4
insurance,2023-03-18,4
insurance,2023-03-19,4
insurance,2023-03-20,4
insurance,2023-03-21,4
insurance,2023-03-22,4
insurance,2023-03-23,4
insurance,2023-03-24,4
insurance,2023-03-25,4
insurance,2023-03-26,4
insurance,2023-03-27,4
insurance,2023-03-28,4
insurance,2023-03-29,4
insurance,2023-03-30,4
insurance,2023-03-31,4
insurance,2023-04-01,4
insurance,2023-04-02,4
insurance,2023-04-03,4
insurance,2023-04-04,4
insurance,2023-04-05,4
insurance,2023-04-06,4
insurance,2023-04-07,4
insurance,2023-04-08,4
insurance,2023-04-09,4
insurance,2023-04-10,4
insurance,2023-04-11,4
insurance,2023-04-12,4
insurance,2023-04-13,4
insurance,2023-04-14,4
insurance,2023-04-15,4
insurance,2023-04-16,4
insurance,2023-04-17,4
insurance,2023-04-18,4
insurance,2023-04-19,4
insurance,2023-04-20,4
insurance,2023-04-21,4
insurance,2023-04-22,4
insurance,2023-04-23,4
insurance,2023-04-24,4
insurance,2023-04-25,4
insurance,2023-04-26,4
insurance,2023-04-27,4
insurance,2023-04-28,4
insurance,2023-04-29,4
insurance,2023-04-30,4
insurance,2023-05-01,4
insurance,2023-05-02,4
insurance,2023-05-03,4
insurance,2023-05-04,4
insurance,2023-05-05,4
insurance,2023-05-06,4
insurance,2023-05-07,4
insurance,2023-05-08,4
insurance,2023-05-09,4
insurance,2023-05-10,4
insurance,2023-05-11,4
insurance,2023-05-12,4
insurance,2023-05-13,4
insurance,2023-05-14,4
insurance,2023-05-15,4
insurance,2023-05-16,4
insurance,2023-05-17,4
insurance,2023-05-18,4
insurance,2023-05-19,4
insurance,2023-05-20,4
insurance,2023-05-21,4
insurance,2023-05-22,4
insurance,2023-05-23,4
insurance,2023-05-24,4
insurance,2023-05-25,4
insurance,2023-05-26,4
insurance,2023-05-27,4
insurance,2023-05-28,4
insurance,2023-05-29,4
insurance,2023-05-30,4
insurance,2023-05-31,4
insurance,2023-06-01,4
insurance,2023-06-02,4
insurance,2023-06-03,4
insurance,2023-06-04,4
insurance,2023-06-05,4
insurance,2023-06-06,4
insurance,2023-06-07,4
insurance,2023-06-08,4
insurance,2023-06-09,4
insurance,2023-06-10,4
insurance,2023-06-11,4
insurance,2023-06-12,4
insurance,2023-06-13,4
insurance,2023-06-14,4
insurance,2023-06-15,4
insurance,2023-06-16,4
insurance,2023-06-17,4
insurance,2023-06-18,4
insurance,2023-06-19,4
insurance,2023-06-20,4
insurance,2023-06-21,4
insurance,2023-06-22,4
insurance,2023-06-23,4
insurance,2023-06-24,4
insurance,2023-06-25,4
insurance,2023-06-26,4
insurance,2023-06-27,4
insurance,2023-06-28,4
insurance,2023-06-29,4
insurance,2023-06-30,4
insurance,2023-07-01,4
insurance,2023-07-02,4
insurance,2023-07-03,4
insurance,2023-07-04,4
insurance,2023-07-05,4
insurance,2023-07-06,4
insurance,2023-07-07,4
insurance,2023-07-08,4
insurance,2023-07-09,4
insurance,2023-07-10,4
insurance,2023-07-11,4
insurance,2023-07-12,4
insurance,2023-07-13,4
insurance,2023-07-14,4
insurance,2023-07-15,4
insurance,2023-07-16,4
insurance,2023-07-17,4
insurance,2023-07-18,4
insurance,2023-07-19,4
insurance,2023-07-20,4
insurance,2023-07-21,4
insurance,2023-07-22,4
insurance,2023-07-23,4
insurance,2023-07-24,4
insurance,2023-07-25,4
insurance,2023-07-26,4
insurance,2023-07-27,4
insurance,2023-07-28,4
insurance,2023-07-29,4
insurance,2023-07-30,4
insurance,2023-07-31,4
insurance,2023-08-01,4
insurance,2023-08-02,4
insurance,2023-08-03,4
insurance,2023-08-04,4
insurance,2023-08-05,4
insurance,2023-08-06,4
insurance,2023-08-07,4
insurance,2023-08-08,4
insurance,2023-08-09,4
insurance,2023-08-10,4
insurance,2023-08-11,4
insurance,2023-08-12,4
insurance,2023-08-13,4
insurance,2023-08-14,4
insurance,2023-08-15,4
insurance,2023-08-16,4
insurance,2023-08-17,4
insurance,2023-08-18,4
insurance,2023-08-19,4
insurance,2023-08-20,4
insurance,2023-08-21,4
insurance,2023-08-22,4
insurance,2023-08-23,4
insurance,2023-08-24,4
insurance,2023-08-25,4
insurance,2023-08-26,4
insurance,2023-08-27,4
insurance,2023-08-28,4
insurance,2023-08-29,4
insurance,2023-08-30,4
insurance,2023-08-31,4
insurance,2023-09-01,4
insurance,2023-09-02,4
insurance,2023-09-03,4
insurance,2023-09-04,4
insurance,2023-09-05,4
insurance,2023-09-06,4
insurance,2023-09-07,4
insurance,2023-09-08,4
insurance,2023-09-09,4
insurance,2023-09-10,4
insurance,2023-09-11,4
insurance,2023-09-12,4
insurance,2023-09-13,4
insurance,2023-09-14,4
insurance,2023-09-15,4
insurance,2023-09-16,4
insurance,2023-09-17,4
insurance,2023-09-18,4
insurance,2023-09-19,4
insurance,2023-09-20,4
insurance,2023-09-21,4
insurance,2023-09-22,4
insurance,2023-09-23,4
insurance,2023-09-24,4
insurance,2023-09-25,4
insurance,2023-09-26,4
insurance,2023-09-27,4
insurance,2023-09-28,5
insurance,2023-09-29,5
insurance,2023-09-30,5
insurance,2023-10-01,5
insurance,2023-10-02,5
insurance,2023-10-03,5
insurance,2023-10-04,5
insurance,2023-10-05,5
insurance,2023-10-06,5
insurance,2023-10-07,5
insurance,2023-10-08,5
insurance,2023-10-09,5
insurance,2023-10-10,5
insurance,2023-10-11,5
insurance,2023-10-12,5
insurance,2023-10-13,5
insurance,2023-10-14,5
insurance,2023-10-15,5
insurance,2023-10-16,5
insurance,2023-10-17,5
insurance,2023-10-18,5
insurance,2023-10-19,5
insurance,2023-10-20,5
insurance,2023-10-21,5
insurance,2023-10-22,5
insurance,2023-10-23,5
insurance,2023-10-24,5
insurance,2023-10-25,5
insurance,2023-10-26,5
insurance,2023-10-27,5
insurance,2023-10-28,5
insurance,2023-10-29,5
insurance,2023-10-30,5
insurance,2023-10-31,5
insurance,2023-11-01,5
insurance,2023-11-02,5
insurance,2023-11-03,5
insurance,2023-11-04,5
insurance,2023-11-05,5
insurance,2023-11-06,5
insurance,2023-11-07,5
insurance,2023-11-08,5
insurance,2023-11-09,5
insurance,2023-11-10,5
insurance,2023-11-11,5
insurance,2023-11-12,5
insurance,2023-11-13,5
insurance,2023-11-14,5
insurance,2023-11-15,5
insurance,2023-11-16,5
insurance,2023-11-17,5
insurance,2023-11-18,5
insurance,2023-11-19,5
insurance,2023-11-20,5
insurance,2023-11-21,5
insurance,2023-11-22,5
insurance,2023-11-23,5
insurance,2023-11-24,5
insurance,2023-11-25,5
insurance,2023-11-26,5
insurance,2023-11-27,5
insurance,2023-11-28,5
insurance,2023-11-29,5
insurance,2023-11-30,5
insurance,2023-12-01,5
insurance,2023-12-02,5
insurance,2023-12-03,5
insurance,2023-12-04,5
insurance,2023-12-05,5
insurance,2023-12-06,5
insurance,2023-12-07,5
insurance,2023-12-08,5
insurance,2023-12-09,5
insurance,2023-12-10,5
insurance,2023-12-11,5
insurance,2023-12-12,5
insurance,2023-12-13,5
insurance,2023-12-14,5
insurance,2023-12-15,5
insurance,2023-12-16,5
insurance,2023-12-17,5
insurance,2023-12-18,5
insurance,2023-12-19,5
insurance,2023-12-20,5
insurance,2023-12-21,5
insurance,2023-12-22,5
insurance,2023-12-23,5
insurance,2023-12-24,5
insurance,2023-12-25,5
insurance,2023-12-26,5
insurance,2023-12-27,5
insurance,2023-12-28,5
insurance,2023-12-29,5
insurance,2023-12-30,5
insurance,2023-12-31,5
insurance,2024-01-01,5
insurance,2024-01-02,5
insurance,2024-01-03,5
insurance,2024-01-04,5
insurance,2024-01-05,5
insurance,2024-01-06,5
insurance,2024-01-07,5
insurance,2024-01-08,5
insurance,2024-01-09,5
insurance,2024-01-10,5
insurance,2024-01-11,5
insurance,2024-01-12,5
insurance,2024-01-13,5
insurance,2024-01-14,5
insurance,2024-01-15,5
insurance,2024-01-16,5
insurance,2024-01-17,5
insurance,2024-01-18,5
insurance,2024-01-19,5
insurance,2024-01-20,5
insurance,2024-01-21,5
insurance,2024-01-22,5
insurance,2024-01-23,5
insurance,2024-01-24,5
insurance,2024-01-25,5
insurance,2024-01-26,5
insurance,2024-01-27,5
insurance,2024-01-28,5
insurance,2024-01-29,5
insurance,2024-01-30,5
insurance,2024-01-31,5
insurance,2024-02-01,5
insurance,2024-02-02,5
insurance,2024-02-03,5
insurance,2024-02-04,5
insurance,2024-02-05,5
insurance,2024-02-06,5
insurance,2024-02-07,6
insurance,2024-02-08,6
insurance,2024-02-09,6
insurance,2024-02-10,6
insurance,2024-02-11,6
insurance,2024-02-12,6
insurance,2024-02-13,6
insurance,2024-02-14,6
insurance,2024-02-15,6
insurance,2024-02-16,6
insurance,2024-02-17,6
insurance,2024-02-18,6
insurance,2024-02-19,6
insurance,2024-02-20,6
insurance,2024-02-21,6
insurance,2024-02-22,6
insurance,2024-02-23,6
insurance,2024-02-24,6
insurance,2024-02-25,6
insurance,2024-02-26,6
insurance,2024-02-27,6
insurance,2024-02-28,6
insurance,2024-02-29,6
insurance,2024-03-01,6
insurance,2024-03-02,6
insurance,2024-03-03,6
insurance,2024-03-04,6
insurance,2024-03-05,6
insurance,2024-03-06,6
insurance,2024-03-07,6
insurance,2024-03-08,6
insurance,2024-03-09,6
insurance,2024-03-10,6
insurance,2024-03-11,6
insurance,2024-03-12,6
insurance,2024-03-13,6
insurance,2024-03-14,6
insurance,2024-03-15,6
insurance,2024-03-16,6
insurance,2024-03-17,6
insurance,2024-03-18,6
insurance,2024-03-19,6
insurance,2024-03-20,6
insurance,2024-03-21,6
insurance,2024-03-22,6
insurance,2024-03-23,6
insurance,2024-03-24,6
insurance,2024-03-25,6
insurance,2024-03-26,6
insurance,2024-03-27,6
insurance,2024-03-28,6
insurance,2024-03-29,6
insurance,2024-03-30,6
insurance,2024-03-31,6
insurance,2024-04-01,6
insurance,2024-04-02,6
insurance,2024-04-03,6
insurance,2024-04-04,6
insurance,2024-04-05,6
insurance,2024-04-06,6
insurance,2024-04-07,6
insurance,2024-04-08,6
insurance,2024-04-09,6
insurance,2024-04-10,6
insurance,2024-04-11,6
insurance,2024-04-12,6
insurance,2024-04-13,6
insurance,2024-04-14,6
insurance,2024-04-15,6
insurance,2024-04-16,6
insurance,2024-04-17,6
insurance,2024-04-18,6
insurance,2024-04-19,6
insurance,2024-04-20,6
insurance,2024-04-21,6
insurance,2024-04-22,6
insurance,2024-04-23,6
insurance,2024-04-24,6
insurance,2024-04-25,6
insurance,2024-04-26,6
insurance,2024-04-27,6
insurance,2024-04-28,6
insurance,2024-04-29,6
insurance,2024-04-30,6
insurance,2024-05-01,6
insurance,2024-05-02,6
insurance,2024-05-03,6
insurance,2024-05-04,6
insurance,2024-05-05,6
insurance,2024-05-06,6
insurance,2024-05-07,6
insurance,2024-05-08,6
insurance,2024-05-09,6
insurance,2024-05-10,6
insurance,2024-05-11,6
insurance,2024-05-12,6
insurance,2024-05-13,6
insurance,2024-05-14,6
insurance,2024-05-15,6
insurance,2024-05-16,6
insurance,2024-05-17,6
insurance,2024-05-18,6
insurance,2024-05-19,6
insurance,2024-05-20,6
insurance,2024-05-21,6
insurance,2024-05-22,6
insurance,2024-05-23,6
insurance,2024-05-24,6
insurance,2024-05-25,6
insurance,2024-05-26,6
insurance,2024-05-27,6
insurance,2024-05-28,6
insurance,2024-05-29,6
insurance,2024-05-30,6
insurance,2024-05-31,6
insurance,2024-06-01,6
insurance,2024-06-02,6
insurance,2024-06-03,6
insurance,2024-06-04,6
insurance,2024-06-05,6
insurance,2024-06-06,6
insurance,2024-06-07,6
insurance,2024-06-08,6
insurance,2024-06-09,6
insurance,2024-06-10,6
insurance,2024-06-11,6
insurance,2024-06-12,6
insurance,2024-06-13,6
insurance,2024-06-14,6
insurance,2024-06-15,6
insurance,2024-06-16,6
insurance,2024-06-17,6
insurance,2024-06-18,6
insurance,2024-06-19,6
insurance,2024-06-20,6
insurance,2024-06-21,6
insurance,2024-06-22,6
insurance,2024-06-23,6
insurance,2024-06-24,6
insurance,2024-06-25,6
insurance,2024-06-26,6
insurance,2024-06-27,6
insurance,2024-06-28,6
insurance,2024-06-29,6
insurance,2024-06-30,6
insurance,2024-07-01,6
insurance,2024-07-02,6
insurance,2024-07-03,6
insurance,2024-07-04,6
insurance,2024-07-05,6
insurance,2024-07-06,6
insurance,2024-07-07,6
insurance,2024-07-08,6
insurance,2024-07-09,6
insurance,2024-07-10,6
insurance,2024-07-11,6
insurance,2024-07-12,6
insurance,2024-07-13,6
insurance,2024-07-14,6
insurance,2024-07-15,6
insurance,2024-07-16,6
insurance,2024-07-17,6
insurance,2024-07-18,6
insurance,2024-07-19,6
insurance,2024-07-20,6
insurance,2024-07-21,6
insurance,2024-07-22,6
insurance,2024-07-23,6
insurance,2024-07-24,6
insurance,2024-07-25,6
insurance,2024-07-26,6
insurance,2024-07-27,6
insurance,2024-07-28,6
insurance,2024-07-29,6
insurance,2024-07-30,6
insurance,2024-07-31,6
insurance,2024-08-01,6
insurance,2024-08-02,6
insurance,2024-08-03,6
insurance,2024-08-04,6
insurance,2024-08-05,6
insurance,2024-08-06,6
insurance,2024-08-07,6
insurance,2024-08-08,6
insurance,2024-08-09,6
insurance,2024-08-10,6
insurance,2024-08-11,6
insurance,2024-08-12,6
insurance,2024-08-13,6
insurance,2024-08-14,6
insurance,2024-08-15,6
insurance,2024-08-16,6
insurance,2024-08-17,6
insurance,2024-08-18,6
insurance,2024-08-19,6
insurance,2024-08-20,6
insurance,2024-08-21,6
insurance,2024-08-22,6
insurance,2024-08-23,6
insurance,2024-08-24,6
insurance,2024-08-25,6
insurance,2024-08-26,6
insurance,2024-08-27,6
insurance,2024-08-28,6
insurance,2024-08-29,6
insurance,2024-08-30,6
insurance,2024-08-31,6
insurance,2024-09-01,6
insurance,2024-09-02,6
insurance,2024-09-03,6
insurance,2024-09-04,6
insurance,2024-09-05,6
insurance,2024-09-06,6
insurance,2024-09-07,6
insurance,2024-09-08,6
insurance,2024-09-09,6
insurance,2024-09-10,6
insurance,2024-09-11,6
insurance,2024-09-12,6
insurance,2024-09-13,6
insurance,2024-09-14,6
insurance,2024-09-15,6
insurance,2024-09-16,6
insurance,2024-09-17,6
insurance,2024-09-18,6
insurance,2024-09-19,6
insurance,2024-09-20,6
insurance,2024-09-21,6
insurance,2024-09-22,6
insurance,2024-09-23,6
insurance,2024-09-24,6
insurance,2024-09-25,6
insurance,2024-09-26,6
insurance,2024-09-27,6
insurance,2024-09-28,6
insurance,2024-09-29,6
insurance,2024-09-30,6
insurance,2024-10-01,6
insurance,2024-10-02,6
insurance,2024-10-03,6
insurance,2024-10-04,6
insurance,2024-10-05,6
insurance,2024-10-06,6
insurance,2024-10-07,6
insurance,2024-10-08,6
insurance,2024-10-09,6
insurance,2024-10-10,6
insurance,2024-10-11,6
insurance,2024-10-12,6
insurance,2024-10-13,6
insurance,2024-10-14,6
insurance,2024-10-15,6
insurance,2024-10-16,6
insurance,2024-10-17,6
insurance,2024-10-18,6
insurance,2024-10-19,6
insurance,2024-10-20,6
insurance,2024-10-21,6
insurance,2024-10-22,6
insurance,2024-10-23,6
insurance,2024-10-24,6
insurance,2024-10-25,6
insurance,2024-10-26,6
insurance,2024-10-27,6
insurance,2024-10-28,6
insurance,2024-10-29,6
insurance,2024-10-30,6
insurance,2024-10-31,6
insurance,2024-11-01,6
insurance,2024-11-02,6
insurance,2024-11-03,6
insurance,2024-11-04,6
insurance,2024-11-05,6
insurance,2024-11-06,6
insurance,2024-11-07,6
insurance,2024-11-08,6
insurance,2024-11-09,6
insurance,2024-11-10,6
insurance,2024-11-11,6
insurance,2024-11-12,6
insurance,2024-11-13,6
insurance,2024-11-14,6
insurance,2024-11-15,6
insurance,2024-11-16,6
insurance,2024-11-17,6
insurance,2024-11-18,6
insurance,2024-11-19,6
insurance,2024-11-20,6
insurance,2024-11-21,6
insurance,2024-11-22,6
insurance,2024-11-23,6
insurance,2024-11-24,6
insurance,2024-11-25,6
insurance,2024-11-26,6
insurance,2024-11-27,6
insurance,2024-11-28,6
insurance,2024-11-29,6
insurance,2024-11-30,6
insurance,2024-12-01,6
insurance,2024-12-02,6
insurance,2024-12-03,6
insurance,2024-12-04,6
insurance,2024-12-05,6
insurance,2024-12-06,6
insurance,2024-12-07,6
insurance,2024-12-08,6
insurance,2024-12-09,6
insurance,2024-12-10,6
insurance,2024-12-11,6
insurance,2024-12-12,6
insurance,2024-12-13,6
insurance,2024-12-14,6
insurance,2024-12-15,6
insurance,2024-12-16,6
insurance,2024-12-17,6
insurance,2024-12-18,6
insurance,2024-12-19,6
insurance,2024-12-20,6
insurance,2024-12-21,6
insurance,2024-12-22,6
insurance,2024-12-23,6
insurance,2024-12-24,6
insurance,2024-12-25,6
insurance,2024-12-26,6
insurance,2024-12-27,6
insurance,2024-12-28,6
insurance,2024-12-29,6
insurance,2024-12-30,6
insurance,2024-12-31,6
insurance,2025-01-01,6
insurance,2025-01-02,6
insurance,2025-01-03,6
insurance,2025-01-04,6
insurance,2025-01-05,6
insurance,2025-01-06,6
insurance,2025-01-07,6
insurance,2025-01-08,6
insurance,2025-01-09,6
insurance,2025-01-10,6
insurance,2025-01-11,6
insurance,2025-01-12,6
insurance,2025-01-13,6
insurance,2025-01-14,6
insurance,2025-01-15,6
insurance,2025-01-16,6
insurance,2025-01-17,6
insurance,2025-01-18,6
insurance,2025-01-19,6
insurance,2025-01-20,6
insurance,2025-01-21,6
insurance,2025-01-22,6
insurance,2025-01-23,6
insurance,2025-01-24,6
insurance,2025-01-25,6
insurance,2025-01-26,6
insurance,2025-01-27,6
insurance,2025-01-28,6
insurance,2025-01-29,6
insurance,2025-01-30,6
insurance,2025-01-31,6
insurance,2025-02-01,6
insurance,2025-02-02,6
insurance,2025-02-03,7
insurance,2025-02-04,7
insurance,2025-02-05,7
insurance,2025-02-06,7
insurance,2025-02-07,7
insurance,2025-02-08,7
insurance,2025-02-09,7
insurance,2025-02-10,7
insurance,2025-02-11,7
insurance,2025-02-12,7
insurance,2025-02-13,7
insurance,2025-02-14,7
insurance,2025-02-15,7
insurance,2025-02-16,7
insurance,2025-02-17,7
insurance,2025-02-18,7
insurance,2025-02-19,7
insurance,2025-02-20,7
insurance,2025-02-21,7
insurance,2025-02-22,7
insurance,2025-02-23,7
insurance,2025-02-24,7
insurance,2025-02-25,7
insurance,2025-02-26,7
insurance,2025-02-27,7
insurance,2025-02-28,7
insurance,2025-03-01,7
insurance,2025-03-02,7
insurance,2025-03-03,7
insurance,2025-03-04,7
insurance,2025-03-05,7
insurance,2025-03-06,7
insurance,2025-03-07,7
insurance,2025-03-08,7
insurance,2025-03-09,7
insurance,2025-03-10,7
insurance,2025-03-11,7
insurance,2025-03-12,7
insurance,2025-03-13,7
insurance,2025-03-14,7
insurance,2025-03-15,7
insurance,2025-03-16,7
insurance,2025-03-17,7
insurance,2025-03-18,7
insurance,2025-03-19,7
insurance,2025-03-20,7
insurance,2025-03-21,7
insurance,2025-03-22,7
insurance,2025-03-23,7
insurance,2025-03-24,7
insurance,2025-03-25,7
insurance,2025-03-26,7
insurance,2025-03-27,7
insurance,2025-03-28,7
insurance,2025-03-29,7
insurance,2025-03-30,7
insurance,2025-03-31,7
insurance,2025-04-01,7
insurance,2025-04-02,7
insurance,2025-04-03,7
insurance,2025-04-04,7
insurance,2025-04-05,7
insurance,2025-04-06,7
insurance,2025-04-07,7
insurance,2025-04-08,7
insurance,2025-04-09,7
insurance,2025-04-10,7
insurance,2025-04-11,7
insurance,2025-04-12,7
insurance,2025-04-13,7
insurance,2025-04-14,7
insurance,2025-04-15,7
insurance,2025-04-16,7
insurance,2025-04-17,7
insurance,2025-04-18,7
insurance,2025-04-19,7
insurance,2025-04-20,7
insurance,2025-04-21,7
insurance,2025-04-22,7
insurance,2025-04-23,7
insurance,2025-04-24,7
insurance,2025-04-25,7
insurance,2025-04-26,7
insurance,2025-04-27,7
insurance,2025-04-28,7
insurance,2025-04-29,7
insurance,2025-04-30,7
insurance,2025-05-01,7
insurance,2025-05-02,7
insurance,2025-05-03,7
insurance,2025-05-04,7
insurance,2025-05-05,7
insurance,2025-05-06,7
insurance,2025-05-07,7
insurance,2025-05-08,7
insurance,2025-05-09,7
insurance,2025-05-10,7
insurance,2025-05-11,7
insurance,2025-05-12,7
insurance,2025-05-13,7
insurance,2025-05-14,7
insurance,2025-05-15,7
insurance,2025-05-16,7
insurance,2025-05-17,7
insurance,2025-05-18,7
insurance,2025-05-19,7
insurance,2025-05-20,7
insurance,2025-05-21,7
insurance,2025-05-22,7
insurance,2025-05-23,7
insurance,2025-05-24,7
insurance,2025-05-25,7
insurance,2025-05-26,7
insurance,2025-05-27,7
insurance,2025-05-28,7
insurance,2025-05-29,7
insurance,2025-05-30,7
insurance,2025-05-31,7
insurance,2025-06-01,7
insurance,2025-06-02,7
insurance,2025-06-03,7
insurance,2025-06-04,7
insurance,2025-06-05,7
insurance,2025-06-06,7
insurance,2025-06-07,7
insurance,2025-06-08,7
insurance,2025-06-09,7
insurance,2025-06-10,7
insurance,2025-06-11,7
insurance,2025-06-12,7
insurance,2025-06-13,7
insurance,2025-06-14,7
insurance,2025-06-15,7
insurance,2025-06-16,7
insurance,2025-06-17,7
insurance,2025-06-18,7
insurance,2025-06-19,7
insurance,2025-06-20,7
insurance,2025-06-21,7
insurance,2025-06-22,7
insurance,2025-06-23,7
insurance,2025-06-24,7
insurance,2025-06-25,7
insurance,2025-06-26,7
insurance,2025-06-27,7
insurance,2025-06-28,7
insurance,2025-06-29,7
insurance,2025-06-30,7
insurance,2025-07-01,7
insurance,2025-07-02,7
insurance,2025-07-03,7
insurance,2025-07-04,7
insurance,2025-07-05,7
insurance,2025-07-06,7
insurance,2025-07-07,7
insurance,2025-07-08,7
insurance,2025-07-09,7
insurance,2025-07-10,7
insurance,2025-07-11,7
insurance,2025-07-12,7
insurance,2025-07-13,7
insurance,2025-07-14,7
insurance,2025-07-15,7
insurance,2025-07-16,7
insurance,2025-07-17,7
insurance,2025-07-18,7
insurance,2025-07-19,7
insurance,2025-07-20,7
insurance,2025-07-21,7
insurance,2025-07-22,7
insurance,2025-07-23,7
insurance,2025-07-24,7
insurance,2025-07-25,7
insurance,2025-07-26,7
insurance,2025-07-27,7
insurance,2025-07-28,7
insurance,2025-07-29,7
insurance,2025-07-30,7
insurance,2025-07-31,7
insurance,2025-08-01,7
insurance,2025-08-02,7
insurance,2025-08-03,7
insurance,2025-08-04,7
insurance,2025-08-05,7
insurance,2025-08-06,7
insurance,2025-08-07,7
insurance,2025-08-08,7
insurance,2025-08-09,7
insurance,2025-08-10,7
insurance,2025-08-11,7
insurance,2025-08-12,7
insurance,2025-08-13,7
insurance,2025-08-14,7
insurance,2025-08-15,7
insurance,2025-08-16,7
insurance,2025-08-17,7
insurance,2025-08-18,7
insurance,2025-08-19,7
insurance,2025-08-20,7
insurance,2025-08-21,7
insurance,2025-08-22,7
insurance,2025-08-23,7
insurance,2025-08-24,7
insurance,2025-08-25,7
insurance,2025-08-26,7
insurance,2025-08-27,7
insurance,2025-08-28,7
insurance,2025-08-29,7
insurance,2025-08-30,7
insurance,2025-08-31,7
insurance,2025-09-01,7
insurance,2025-09-02,7
insurance,2025-09-03,7
insurance,2025-09-04,7
insurance,2025-09-05,7
insurance,2025-09-06,7
insurance,2025-09-07,7
insurance,2025-09-08,7
insurance,2025-09-09,7
insurance,2025-09-10,7
insurance,2025-09-11,7
insurance,2025-09-12,7
insurance,2025-09-13,7
insurance,2025-09-14,7
insurance,2025-09-15,7
insurance,2025-09-16,7
insurance,2025-09-17,7
insurance,2025-09-18,7
insurance,2025-09-19,7
insurance,2025-09-20,7
insurance,2025-09-21,7
insurance,2025-09-22,7
insurance,2025-09-23,7
insurance,2025-09-24,7
insurance,2025-09-25,7
insurance,2025-09-26,7
insurance,2025-09-27,7
insurance,2025-09-28,7
insurance,2025-09-29,7
insurance,2025-09-30,7
insurance,2025-10-01,7
insurance,2025-10-02,7
insurance,2025-10-03,7
insurance,2025-10-04,7
insurance,2025-10-05,7
insurance,2025-10-06,7
insurance,2025-10-07,7
insurance,2025-10-08,7
insurance,2025-10-09,7
insurance,2025-10-10,7
insurance,2025-10-11,7
insurance,2025-10-12,7
insurance,2025-10-13,7
insurance,2025-10-14,7
insurance,2025-10-15,7
insurance,2025-10-16,7
insurance,2025-10-17,7
insurance,2025-10-18,7
insurance,2025-10-19,7
insurance,2025-10-20,7
insurance,2025-10-21,7
insurance,2025-10-22,7
insurance,2025-10-23,7
insurance,2025-10-24,7
insurance,2025-10-25,7
insurance,2025-10-26,7
insurance,2025-10-27,7
insurance,2025-10-28,7
insurance,2025-10-29,7
insurance,2025-10-30,7
insurance,2025-10-31,7
insurance,2025-11-01,7
insurance,2025-11-02,7
insurance,2025-11-03,7
insurance,2025-11-04,7
insurance,2025-11-05,7
insurance,2025-11-06,7
insurance,2025-11-07,7
insurance,2025-11-08,7
insurance,2025-11-09,7
insurance,2025-11-10,7
insurance,2025-11-11,7
insurance,2025-11-12,7
insurance,2025-11-13,7
insurance,2025-11-14,7
insurance,2025-11-15,7
insurance,2025-11-16,7
insurance,2025-11-17,7
insurance,2025-11-18,7
insurance,2025-11-19,7
insurance,2025-11-20,7
insurance,2025-11-21,7
insurance,2025-11-22,7
insurance,2025-11-23,7
insurance,2025-11-24,7
insurance,2025-11-25,7
insurance,2025-11-26,7
insurance,2025-11-27,7
insurance,2025-11-28,7
insurance,2025-11-29,7
insurance,2025-11-30,7
insurance,2025-12-01,7
insurance,2025-12-02,7
insurance,2025-12-03,7
insurance,2025-12-04,7
insurance,2025-12-05,7
insurance,2025-12-06,7
insurance,2025-12-07,7
insurance,2025-12-08,7
insurance,2025-12-09,7
insurance,2025-12-10,7
insurance,2025-12-11,7
insurance,2025-12-12,7
insurance,2025-12-13,7
insurance,2025-12-14,7
insurance,2025-12-15,7
insurance,2025-12-16,7
insurance,2025-12-17,7
insurance,2025-12-18,7
insurance,2025-12-19,7
insurance,2025-12-20,7
insurance,2025-12-21,7
insurance,2025-12-22,7
insurance,2025-12-23,7
insurance,2025-12-24,7
insurance,2025-12-25,7
insurance,2025-12-26,7
insurance,2025-12-27,7
insurance,2025-12-28,7
insurance,2025-12-29,7
insurance,2025-12-30,7
insurance,2025-12-31,7
insurance,2026-01-01,7
insurance,2026-01-02,7
insurance,2026-01-03,7
insurance,2026-01-04,7
insurance,2026-01-05,7
insurance,2026-01-06,7
insurance,2026-01-07,7
insurance,2026-01-08,7
insurance,2026-01-09,7
insurance,2026-01-10,7
insurance,2026-01-11,7
insurance,2026-01-12,7
insurance,2026-01-13,7
insurance,2026-01-14,7
insurance,2026-01-15,7
insurance,2026-01-16,7
insurance,2026-01-17,7
insurance,2026-01-18,7
insurance,2026-01-19,7
insurance,2026-01-20,7
insurance,2026-01-21,7
insurance,2026-01-22,7
insurance,2026-01-23,7
insurance,2026-01-24,7
insurance,2026-01-25,7
insurance,2026-01-26,7
insurance,2026-01-27,7
insurance,2026-01-28,7
insurance,2026-01-29,7
insurance,2026-01-30,7
insurance,2026-01-31,7
insurance,2026-02-01,7
insurance,2026-02-02,7
insurance,2026-02-03,7
insurance,2026-02-04,7
insurance,2026-02-05,7
insurance,2026-02-06,7
insurance,2026-02-07,7
insurance,2026-02-08,7
insurance,2026-02-09,7
insurance,2026-02-10,7
insurance,2026-02-11,7
insurance,2026-02-12,7
insurance,2026-02-13,7
insurance,2026-02-14,7
insurance,2026-02-15,7
insurance,2026-02-16,7
insurance,2026-02-17,7
insurance,2026-02-18,7
insurance,2026-02-19,7
insurance,2026-02-20,7
insurance,2026-02-21,7
insurance,2026-02-22,7
insurance,2026-02-23,7
insurance,2026-02-24,7
insurance,2026-02-25,7
insurance,2026-02-26,7
insurance,2026-02-27,7
insurance,2026-02-28,7
insurance,2026-03-01,7
insurance,2026-03-02,7
insurance,2026-03-03,7
insurance,2026-03-04,7
insurance,2026-03-05,7
insurance,2026-03-06,7
insurance,2026-03-07,7
insurance,2026-03-08,7
insurance,2026-03-09,7
insurance,2026-03-10,7
insurance,2026-03-11,7
insurance,2026-03-12,7
insurance,2026-03-13,7
insurance,2026-03-14,7
insurance,2026-03-15,7
insurance,2026-03-16,7
insurance,2026-03-17,7
insurance,2026-03-18,7
insurance,2026-03-19,7
insurance,2026-03-20,7
insurance,2026-03-21,7
insurance,2026-03-22,7
insurance,2026-03-23,7
insurance,2026-03-24,7
insurance,2026-03-25,7
insurance,2026-03-26,7
insurance,2026-03-27,7
insurance,2026-03-28,7
insurance,2026-03-29,7
insurance,2026-03-30,7
insurance,2026-03-31,7
insurance,2026-04-01,7
insurance,2026-04-02,7
insurance,2026-04-03,7
insurance,2026-04-04,7
insurance,2026-04-05,7
insurance,2026-04-06,7
insurance,2026-04-07,7
insurance,2026-04-08,7
insurance,2026-04-09,7
insurance,2026-04-10,7
insurance,2026-04-11,7
insurance,2026-04-12,7
insurance,2026-04-13,7
insurance,2026-04-14,7
insurance,2026-04-15,7
insurance,2026-04-16,7
insurance,2026-04-17,7
insurance,2026-04-18,7
insurance,2026-04-19,7
insurance,2026-04-20,7
insurance,2026-04-21,7
insurance,2026-04-22,7
insurance,2026-04-23,7
insurance,2026-04-24,7
insurance,2026-04-25,7
insurance,2026-04-26,7
insurance,2026-04-27,7
insurance,2026-04-28,7
insurance,2026-04-29,7
insurance,2026-04-30,7
insurance,2026-05-01,7
insurance,2026-05-02,7
insurance,2026-05-03,7
insurance,2026-05-04,7
insurance,2026-05-05,7
insurance,2026-05-06,7
insurance,2026-05-07,7
insurance,2026-05-08,7
insurance,2026-05-09,7
insurance,2026-05-10,7
insurance,2026-05-11,7
insurance,2026-05-12,7
insurance,2026-05-13,7
insurance,2026-05-14,7
insurance,2026-05-15,7
insurance,2026-05-16,7
insurance,2026-05-17,7
insurance,2026-05-18,7
liquidation,2019-04-01,75
liquidation,2019-05-01,343
liquidation,2019-06-01,879
liquidation,2019-07-01,2610
liquidation,2019-08-01,781
liquidation,2019-09-01,248
liquidation,2019-10-01,699
liquidation,2019-11-01,447
liquidation,2019-12-01,690
liquidation,2020-01-01,198
liquidation,2020-02-01,299
liquidation,2020-03-01,843
liquidation,2020-04-01,994
liquidation,2020-05-01,786
liquidation,2020-06-01,1399
liquidation,2020-07-01,242
liquidation,2020-08-01,1769
liquidation,2020-09-01,1037
liquidation,2020-10-01,481
liquidation,2020-11-01,255
liquidation,2020-12-01,1894
liquidation,2021-01-01,781
liquidation,2021-02-01,2641
liquidation,2021-03-01,716
liquidation,2021-04-01,582
liquidation,2021-05-01,385
liquidation,2021-06-01,565
liquidation,2021-07-01,372
liquidation,2021-08-01,444
liquidation,2021-09-01,453
liquidation,2021-10-01,519
liquidation,2021-11-01,342
liquidation,2021-12-01,291
liquidation,2022-01-01,102
liquidation,2022-02-01,493
liquidation,2022-03-01,266
liquidation,2022-04-01,351
liquidation,2022-05-01,473
liquidation,2022-06-01,964
liquidation,2022-07-01,332
liquidation,2022-08-01,234
liquidation,2022-09-01,1102
liquidation,2022-10-01,1434
liquidation,2022-11-01,204
liquidation,2022-12-01,272
liquidation,2023-01-01,41
liquidation,2023-02-01,461
liquidation,2023-03-01,135
liquidation,2023-04-01,74
liquidation,2023-05-01,322
liquidation,2023-06-01,295
liquidation,2023-07-01,58
liquidation,2023-08-01,431
liquidation,2023-09-01,5289
liquidation,2023-10-01,136
liquidation,2023-11-01,512
liquidation,2023-12-01,208
liquidation,2024-01-01,290
liquidation,2024-02-01,97
liquidation,2024-03-01,333
liquidation,2024-04-01,276
liquidation,2024-05-01,696
liquidation,2024-06-01,15
liquidation,2024-07-01,142
liquidation,2024-08-01,603
liquidation,2024-09-01,323
liquidation,2024-10-01,863
liquidation,2024-11-01,497
liquidation,2024-12-01,418
liquidation,2025-01-01,128
liquidation,2025-02-01,342
liquidation,2025-03-01,101
liquidation,2025-04-01,93
liquidation,2025-05-01,66
liquidation,2025-06-01,48
liquidation,2025-07-01,181
liquidation,2025-08-01,926
liquidation,2025-09-01,288
liquidation,2025-10-01,90
liquidation,2025-11-01,57
liquidation,2025-12-01,615
liquidation,2026-01-01,43
liquidation,2026-02-01,224
liquidation,2026-03-01,163
liquidation,2026-03-08,102
liquidation,2026-03-09,82
liquidation,2026-03-10,111
liquidation,2026-03-11,56
liquidation,2026-03-12,88
liquidation,2026-03-13,166
liquidation,2026-03-14,37
liquidation,2026-03-15,67
liquidation,2026-03-16,122
liquidation,2026-03-17,74
liquidation,2026-03-18,161
liquidation,2026-03-19,140
liquidation,2026-03-20,87
liquidation,2026-03-21,80
liquidation,2026-03-22,113
liquidation,2026-03-23,107
liquidation,2026-03-24,76
liquidation,2026-03-25,23
liquidation,2026-03-26,64
liquidation,2026-03-27,121
liquidation,2026-03-28,58
liquidation,2026-03-29,101
liquidation,2026-03-30,115
liquidation,2026-03-31,101
liquidation,2026-04-01,83
liquidation,2026-04-02,145
liquidation,2026-04-03,45
liquidation,2026-04-04,7
liquidation,2026-04-05,73
liquidation,2026-04-06,106
liquidation,2026-04-07,152
liquidation,2026-04-08,75
liquidation,2026-04-09,101
liquidation,2026-04-10,49
liquidation,2026-04-11,30
liquidation,2026-04-12,92
liquidation,2026-04-13,59
liquidation,2026-04-14,79
liquidation,2026-04-15,40
liquidation,2026-04-16,67
liquidation,2026-04-17,107
liquidation,2026-04-18,81
liquidation,2026-04-19,128
liquidation,2026-04-20,58
liquidation,2026-04-21,61
liquidation,2026-04-22,54
liquidation,2026-04-23,92
liquidation,2026-04-24,70
liquidation,2026-04-25,35
liquidation,2026-04-26,69
liquidation,2026-04-27,153
liquidation,2026-04-28,54
liquidation,2026-04-29,186
liquidation,2026-04-30,71
liquidation,2026-05-01,124
liquidation,2026-05-02,36
liquidation,2026-05-03,57
liquidation,2026-05-04,241
liquidation,2026-05-05,78
liquidation,2026-05-06,119
liquidation,2026-05-07,127
liquidation,2026-05-08,71
liquidation,2026-05-09,29
liquidation,2026-05-10,155
liquidation,2026-05-11,112
liquidation,2026-05-12,133
liquidation,2026-05-13,143
liquidation,2026-05-14,64
liquidation,2026-05-15,113
liquidation,2026-05-16,134
liquidation,2026-05-17,138
liquidation,2026-05-18,83
orderBookL2,2019-04-01,8245171
orderBookL2,2019-05-01,9626654
orderBookL2,2019-06-01,17065652
orderBookL2,2019-07-01,27830754
orderBookL2,2019-08-01,13834668
orderBookL2,2019-09-01,10233134
orderBookL2,2019-10-01,16866895
orderBookL2,2019-11-01,15363805
orderBookL2,2019-12-01,16741219
orderBookL2,2020-01-01,7729937
orderBookL2,2020-02-01,11987346
orderBookL2,2020-03-01,19694178
orderBookL2,2020-04-01,15799494
orderBookL2,2020-05-01,29111293
orderBookL2,2020-06-01,16474475
orderBookL2,2020-07-01,7260566
orderBookL2,2020-08-01,18558359
orderBookL2,2020-09-01,15462832
orderBookL2,2020-10-01,10733856
orderBookL2,2020-11-01,11759263
orderBookL2,2020-12-01,22721654
orderBookL2,2021-01-01,13956311
orderBookL2,2021-02-01,24823042
orderBookL2,2021-03-01,23838217
orderBookL2,2021-04-01,18241349
orderBookL2,2021-05-01,19665568
orderBookL2,2021-06-01,26639135
orderBookL2,2021-07-01,24195587
orderBookL2,2021-08-01,21480227
orderBookL2,2021-09-01,26026786
orderBookL2,2021-10-01,26533502
orderBookL2,2021-11-01,26788906
orderBookL2,2021-12-01,47612386
orderBookL2,2022-01-01,28934360
orderBookL2,2022-02-01,35492388
orderBookL2,2022-03-01,46610171
orderBookL2,2022-04-01,41187029
orderBookL2,2022-05-01,32321409
orderBookL2,2022-06-01,45530315
orderBookL2,2022-07-01,49111879
orderBookL2,2022-08-01,37661510
orderBookL2,2022-09-01,46301126
orderBookL2,2022-10-01,21555041
orderBookL2,2022-11-01,32979488
orderBookL2,2022-12-01,15471499
orderBookL2,2023-01-01,7685554
orderBookL2,2023-02-01,32898227
orderBookL2,2023-03-01,29800100
orderBookL2,2023-04-01,22373591
orderBookL2,2023-05-01,29158377
orderBookL2,2023-06-01,26278295
orderBookL2,2023-07-01,36222596
orderBookL2,2023-08-01,39762551
orderBookL2,2023-09-01,38724091
orderBookL2,2023-10-01,27952983
orderBookL2,2023-11-01,42852104
orderBookL2,2023-12-01,40719049
orderBookL2,2024-01-01,70076627
orderBookL2,2024-02-01,53745174
orderBookL2,2024-03-01,86025786
orderBookL2,2024-04-01,84922932
orderBookL2,2024-05-01,109003264
orderBookL2,2024-06-01,65721458
orderBookL2,2024-07-01,84945768
orderBookL2,2024-08-01,145089664
orderBookL2,2024-09-01,98421100
orderBookL2,2024-10-01,115394331
orderBookL2,2024-11-01,163594821
orderBookL2,2024-12-01,190108487
orderBookL2,2026-05-18,78859372
publicNotifications,2019-04-01,1
publicNotifications,2019-05-01,1
publicNotifications,2019-06-01,1
publicNotifications,2019-07-01,1
publicNotifications,2019-08-01,1
publicNotifications,2019-09-01,1
publicNotifications,2019-10-01,1
publicNotifications,2019-11-01,2
publicNotifications,2019-12-01,1
publicNotifications,2020-01-01,1
publicNotifications,2020-02-01,1
publicNotifications,2020-03-01,1
publicNotifications,2020-04-01,1
publicNotifications,2020-05-01,1
publicNotifications,2020-06-01,1
publicNotifications,2020-07-01,1
publicNotifications,2020-08-01,1
publicNotifications,2020-09-01,1
publicNotifications,2020-10-01,1
publicNotifications,2020-11-01,1
publicNotifications,2020-12-01,1
publicNotifications,2021-01-01,1
publicNotifications,2021-02-01,1
publicNotifications,2021-03-01,1
publicNotifications,2021-04-01,1
publicNotifications,2021-05-01,1
publicNotifications,2021-06-01,1
publicNotifications,2021-07-01,1
publicNotifications,2021-08-01,1
publicNotifications,2021-09-01,1
publicNotifications,2021-10-01,1
publicNotifications,2021-11-01,1
publicNotifications,2021-12-01,1
publicNotifications,2022-01-01,1
publicNotifications,2022-02-01,1
publicNotifications,2022-03-01,1
publicNotifications,2022-04-01,1
publicNotifications,2022-05-01,1
publicNotifications,2022-06-01,1
publicNotifications,2022-07-01,1
publicNotifications,2022-08-01,1
publicNotifications,2022-09-01,1
publicNotifications,2022-10-01,1
publicNotifications,2022-11-01,1
publicNotifications,2022-12-01,1
publicNotifications,2023-01-01,1
publicNotifications,2023-02-01,1
publicNotifications,2023-03-01,1
publicNotifications,2023-04-01,1
publicNotifications,2023-05-01,1
publicNotifications,2023-06-01,1
publicNotifications,2023-07-01,1
publicNotifications,2023-08-01,1
publicNotifications,2023-09-01,1
publicNotifications,2023-10-01,1
publicNotifications,2023-11-01,1
publicNotifications,2023-12-01,1
publicNotifications,2024-01-01,1
publicNotifications,2024-02-01,1
publicNotifications,2024-03-01,1
publicNotifications,2024-04-01,1
publicNotifications,2024-05-01,1
publicNotifications,2024-06-01,1
publicNotifications,2024-07-01,1
publicNotifications,2024-08-01,1
publicNotifications,2024-09-01,1
publicNotifications,2024-10-01,1
publicNotifications,2024-11-01,1
publicNotifications,2024-12-01,1
publicNotifications,2025-01-01,1
publicNotifications,2025-02-01,1
publicNotifications,2025-03-01,1
publicNotifications,2025-04-01,1
publicNotifications,2025-05-01,1
publicNotifications,2025-06-01,1
publicNotifications,2025-07-01,1
publicNotifications,2025-08-01,1
publicNotifications,2025-09-01,1
publicNotifications,2025-10-01,1
publicNotifications,2025-11-01,1
publicNotifications,2025-12-01,1
publicNotifications,2026-01-01,1
publicNotifications,2026-02-01,1
publicNotifications,2026-03-01,1
publicNotifications,2026-03-08,1
publicNotifications,2026-03-09,1
publicNotifications,2026-03-10,1
publicNotifications,2026-03-11,1
publicNotifications,2026-03-12,1
publicNotifications,2026-03-13,1
publicNotifications,2026-03-14,1
publicNotifications,2026-03-15,1
publicNotifications,2026-03-16,1
publicNotifications,2026-03-17,1
publicNotifications,2026-03-18,1
publicNotifications,2026-03-19,1
publicNotifications,2026-03-20,1
publicNotifications,2026-03-21,1
publicNotifications,2026-03-22,1
publicNotifications,2026-03-23,1
publicNotifications,2026-03-24,1
publicNotifications,2026-03-25,1
publicNotifications,2026-03-26,1
publicNotifications,2026-03-27,1
publicNotifications,2026-03-28,1
publicNotifications,2026-03-29,1
publicNotifications,2026-03-30,1
publicNotifications,2026-03-31,1
publicNotifications,2026-04-01,1
publicNotifications,2026-04-02,1
publicNotifications,2026-04-03,1
publicNotifications,2026-04-04,1
publicNotifications,2026-04-05,1
publicNotifications,2026-04-06,1
publicNotifications,2026-04-07,1
publicNotifications,2026-04-08,1
publicNotifications,2026-04-09,1
publicNotifications,2026-04-10,1
publicNotifications,2026-04-11,1
publicNotifications,2026-04-12,1
publicNotifications,2026-04-13,1
publicNotifications,2026-04-14,1
publicNotifications,2026-04-15,1
publicNotifications,2026-04-16,1
publicNotifications,2026-04-17,1
publicNotifications,2026-04-18,1
publicNotifications,2026-04-19,1
publicNotifications,2026-04-20,1
publicNotifications,2026-04-21,1
publicNotifications,2026-04-22,1
publicNotifications,2026-04-23,1
publicNotifications,2026-04-24,1
publicNotifications,2026-04-25,1
publicNotifications,2026-04-26,1
publicNotifications,2026-04-27,1
publicNotifications,2026-04-28,1
publicNotifications,2026-04-29,1
publicNotifications,2026-04-30,1
publicNotifications,2026-05-01,1
publicNotifications,2026-05-02,1
publicNotifications,2026-05-03,1
publicNotifications,2026-05-04,1
publicNotifications,2026-05-05,1
publicNotifications,2026-05-06,1
publicNotifications,2026-05-07,1
publicNotifications,2026-05-08,1
publicNotifications,2026-05-09,1
publicNotifications,2026-05-10,1
publicNotifications,2026-05-11,1
publicNotifications,2026-05-12,1
publicNotifications,2026-05-13,1
publicNotifications,2026-05-14,1
publicNotifications,2026-05-15,1
publicNotifications,2026-05-16,1
publicNotifications,2026-05-17,1
quote,2014-11-22,25
quote,2014-11-23,12
quote,2014-11-24,922
quote,2014-11-25,4690
quote,2014-11-26,2084
quote,2014-11-27,292
quote,2014-11-28,1587
quote,2014-11-29,458
quote,2014-11-30,206
quote,2014-12-01,551
quote,2014-12-02,668
quote,2014-12-03,1348
quote,2014-12-04,1759
quote,2014-12-05,1688
quote,2014-12-06,252
quote,2014-12-07,138
quote,2014-12-08,972
quote,2014-12-09,3388
quote,2014-12-10,797
quote,2014-12-11,7774
quote,2014-12-12,5561
quote,2014-12-13,244
quote,2014-12-14,628
quote,2014-12-15,10008
quote,2014-12-16,6690
quote,2014-12-17,14658
quote,2014-12-18,8831
quote,2014-12-19,8808
quote,2014-12-20,2499
quote,2014-12-21,1361
quote,2014-12-22,6737
quote,2014-12-23,6432
quote,2014-12-24,710
quote,2014-12-25,1128
quote,2014-12-26,277
quote,2014-12-27,667
quote,2014-12-28,508
quote,2014-12-29,1844
quote,2014-12-30,1108
quote,2014-12-31,220
quote,2015-01-01,1041
quote,2015-01-02,296
quote,2015-01-03,1901
quote,2015-01-04,4463
quote,2015-01-05,4265
quote,2015-01-06,8301
quote,2015-01-07,5586
quote,2015-01-08,5492
quote,2015-01-09,6120
quote,2015-01-10,2273
quote,2015-01-11,324
quote,2015-01-12,1515
quote,2015-01-13,12629
quote,2015-01-14,21510
quote,2015-01-15,17303
quote,2015-01-16,9054
quote,2015-01-17,6425
quote,2015-01-18,2991
quote,2015-01-19,2641
quote,2015-01-20,5650
quote,2015-01-21,4995
quote,2015-01-22,8217
quote,2015-01-23,7792
quote,2015-01-24,6410
quote,2015-01-25,1075
quote,2015-01-26,11903
quote,2015-01-27,9643
quote,2015-01-28,6096
quote,2015-01-29,3811
quote,2015-01-30,5444
quote,2015-01-31,950
quote,2015-02-01,1802
quote,2015-02-02,4087
quote,2015-02-03,7660
quote,2015-02-04,3448
quote,2015-02-05,3599
quote,2015-02-06,4115
quote,2015-02-07,2154
quote,2015-02-08,522
quote,2015-02-09,5652
quote,2015-02-10,5119
quote,2015-02-11,2553
quote,2015-02-12,3033
quote,2015-02-13,5967
quote,2015-02-14,4888
quote,2015-02-15,4960
quote,2015-02-16,5266
quote,2015-02-17,6135
quote,2015-02-18,8575
quote,2015-02-19,4954
quote,2015-02-20,9791
quote,2015-02-21,4608
quote,2015-02-22,3581
quote,2015-02-23,7419
quote,2015-02-24,4260
quote,2015-02-25,3631
quote,2015-02-26,5318
quote,2015-02-27,4646
quote,2015-02-28,1043
quote,2015-03-01,2899
quote,2015-03-02,3580
quote,2015-03-03,5194
quote,2015-03-04,5152
quote,2015-03-05,5773
quote,2015-03-06,2470
quote,2015-03-07,686
quote,2015-03-08,816
quote,2015-03-09,3461
quote,2015-03-10,4237
quote,2015-03-11,1633
quote,2015-03-12,2223
quote,2015-03-13,1763
quote,2015-03-14,885
quote,2015-03-15,480
quote,2015-03-16,1840
quote,2015-03-17,1087
quote,2015-03-18,5468
quote,2015-03-19,9973
quote,2015-03-20,5802
quote,2015-03-21,5944
quote,2015-03-22,2120
quote,2015-03-23,12670
quote,2015-03-24,19669
quote,2015-03-25,21484
quote,2015-03-26,18014
quote,2015-03-27,15979
quote,2015-03-28,17925
quote,2015-03-29,8214
quote,2015-03-30,11489
quote,2015-03-31,7543
quote,2015-04-01,10488
quote,2015-04-02,16078
quote,2015-04-03,10985
quote,2015-04-04,11189
quote,2015-04-05,5689
quote,2015-04-06,18771
quote,2015-04-07,16700
quote,2015-04-08,22527
quote,2015-04-09,20144
quote,2015-04-10,19540
quote,2015-04-11,18265
quote,2015-04-12,19992
quote,2015-04-13,22842
quote,2015-04-14,22993
quote,2015-04-15,21261
quote,2015-04-16,16602
quote,2015-04-17,15062
quote,2015-04-18,30244
quote,2015-04-19,12965
quote,2015-04-20,6823
quote,2015-04-21,8701
quote,2015-04-22,15460
quote,2015-04-23,9519
quote,2015-04-24,11501
quote,2015-04-25,1979
quote,2015-04-26,18527
quote,2015-04-27,10028
quote,2015-04-28,11242
quote,2015-04-29,6476
quote,2015-04-30,8594
quote,2015-05-01,6117
quote,2015-05-02,7773
quote,2015-05-03,11285
quote,2015-05-04,15676
quote,2015-05-05,18602
quote,2015-05-06,11487
quote,2015-05-07,7410
quote,2015-05-08,10811
quote,2015-05-09,10445
quote,2015-05-10,8372
quote,2015-05-11,12319
quote,2015-05-12,23606
quote,2015-05-13,17179
quote,2015-05-14,8375
quote,2015-05-15,7447
quote,2015-05-16,8801
quote,2015-05-17,7369
quote,2015-05-18,18213
quote,2015-05-19,12683
quote,2015-05-20,10917
quote,2015-05-21,15087
quote,2015-05-22,15734
quote,2015-05-23,8403
quote,2015-05-24,5737
quote,2015-05-25,4743
quote,2015-05-26,6418
quote,2015-05-27,13266
quote,2015-05-28,8456
quote,2015-05-29,7529
quote,2015-05-30,11415
quote,2015-05-31,12726
quote,2015-06-01,18278
quote,2015-06-02,11715
quote,2015-06-03,12846
quote,2015-06-04,9890
quote,2015-06-05,10682
quote,2015-06-06,5355
quote,2015-06-07,2196
quote,2015-06-08,9187
quote,2015-06-09,7292
quote,2015-06-10,7010
quote,2015-06-11,14027
quote,2015-06-12,10799
quote,2015-06-13,10892
quote,2015-06-14,7752
quote,2015-06-15,9985
quote,2015-06-16,27029
quote,2015-06-17,21015
quote,2015-06-18,14577
quote,2015-06-19,16035
quote,2015-06-20,31041
quote,2015-06-21,20920
quote,2015-06-22,16248
quote,2015-06-23,10971
quote,2015-06-24,9703
quote,2015-06-25,15306
quote,2015-06-26,15566
quote,2015-06-27,11498
quote,2015-06-28,17233
quote,2015-06-29,24760
quote,2015-06-30,16018
quote,2015-07-01,13559
quote,2015-07-02,13159
quote,2015-07-03,9587
quote,2015-07-04,11310
quote,2015-07-05,21959
quote,2015-07-06,16661
quote,2015-07-07,16426
quote,2015-07-08,22084
quote,2015-07-09,23613
quote,2015-07-10,31371
quote,2015-07-11,24669
quote,2015-07-12,24515
quote,2015-07-13,26321
quote,2015-07-14,27043
quote,2015-07-15,21163
quote,2015-07-16,24196
quote,2015-07-17,21618
quote,2015-07-18,11785
quote,2015-07-19,9452
quote,2015-07-20,12691
quote,2015-07-21,15395
quote,2015-07-22,15176
quote,2015-07-23,16819
quote,2015-07-24,15751
quote,2015-07-25,12946
quote,2015-07-26,16491
quote,2015-07-27,18440
quote,2015-07-28,16241
quote,2015-07-29,16160
quote,2015-07-30,6798
quote,2015-07-31,10363
quote,2015-08-01,11531
quote,2015-08-02,15778
quote,2015-08-03,10312
quote,2015-08-04,10547
quote,2015-08-05,12618
quote,2015-08-06,18962
quote,2015-08-07,9988
quote,2015-08-08,24379
quote,2015-08-09,33318
quote,2015-08-10,17810
quote,2015-08-11,23096
quote,2015-08-12,20729
quote,2015-08-13,19341
quote,2015-08-14,21719
quote,2015-08-15,18241
quote,2015-08-16,20415
quote,2015-08-17,19104
quote,2015-08-18,16483
quote,2015-08-19,20979
quote,2015-08-20,20575
quote,2015-08-21,15051
quote,2015-08-22,15725
quote,2015-08-23,13861
quote,2015-08-24,23005
quote,2015-08-25,30883
quote,2015-08-26,31593
quote,2015-08-27,27807
quote,2015-08-28,19313
quote,2015-08-29,10616
quote,2015-08-30,6950
quote,2015-08-31,12544
quote,2015-09-01,17852
quote,2015-09-02,12172
quote,2015-09-03,18022
quote,2015-09-04,14283
quote,2015-09-05,14688
quote,2015-09-06,12918
quote,2015-09-07,19416
quote,2015-09-08,24912
quote,2015-09-09,17998
quote,2015-09-10,29593
quote,2015-09-11,22141
quote,2015-09-12,13303
quote,2015-09-13,20285
quote,2015-09-14,9298
quote,2015-09-15,20206
quote,2015-09-16,9953
quote,2015-09-17,14285
quote,2015-09-18,30910
quote,2015-09-19,47444
quote,2015-09-20,7906
quote,2015-09-21,12207
quote,2015-09-22,7492
quote,2015-09-23,8962
quote,2015-09-24,12591
quote,2015-09-25,13495
quote,2015-09-26,11257
quote,2015-09-27,8216
quote,2015-09-28,32284
quote,2015-09-29,17998
quote,2015-09-30,23702
quote,2015-10-01,23913
quote,2015-10-02,18458
quote,2015-10-03,14606
quote,2015-10-04,20629
quote,2015-10-05,20221
quote,2015-10-06,25338
quote,2015-10-07,20489
quote,2015-10-08,14541
quote,2015-10-09,15645
quote,2015-10-10,17230
quote,2015-10-11,17699
quote,2015-10-12,16597
quote,2015-10-13,21014
quote,2015-10-14,21696
quote,2015-10-15,26533
quote,2015-10-16,37681
quote,2015-10-17,46889
quote,2015-10-18,25172
quote,2015-10-19,27198
quote,2015-10-20,26807
quote,2015-10-21,25708
quote,2015-10-22,31276
quote,2015-10-23,33325
quote,2015-10-24,36225
quote,2015-10-25,46891
quote,2015-10-26,31607
quote,2015-10-27,31521
quote,2015-10-28,33560
quote,2015-10-29,39315
quote,2015-10-30,39223
quote,2015-10-31,29689
quote,2015-11-01,24570
quote,2015-11-02,30664
quote,2015-11-03,43624
quote,2015-11-04,37531
quote,2015-11-05,36106
quote,2015-11-06,47472
quote,2015-11-07,50023
quote,2015-11-08,28298
quote,2015-11-09,33564
quote,2015-11-10,40384
quote,2015-11-11,53188
quote,2015-11-12,72033
quote,2015-11-13,45144
quote,2015-11-14,57724
quote,2015-11-15,38961
quote,2015-11-16,31127
quote,2015-11-17,33907
quote,2015-11-18,38511
quote,2015-11-19,43787
quote,2015-11-20,52410
quote,2015-11-21,32671
quote,2015-11-22,22728
quote,2015-11-23,27121
quote,2015-11-24,40290
quote,2015-11-25,36543
quote,2015-11-26,63973
quote,2015-11-27,63177
quote,2015-11-28,64952
quote,2015-11-29,51005
quote,2015-11-30,50831
quote,2015-12-01,48462
quote,2015-12-02,45378
quote,2015-12-03,47008
quote,2015-12-04,37778
quote,2015-12-05,53360
quote,2015-12-06,86594
quote,2015-12-07,62800
quote,2015-12-08,52884
quote,2015-12-09,70867
quote,2015-12-10,51958
quote,2015-12-11,54621
quote,2015-12-12,60962
quote,2015-12-13,40966
quote,2015-12-14,38938
quote,2015-12-15,45006
quote,2015-12-16,41387
quote,2015-12-17,38411
quote,2015-12-18,40247
quote,2015-12-19,30753
quote,2015-12-20,38733
quote,2015-12-21,45204
quote,2015-12-22,41675
quote,2015-12-23,44689
quote,2015-12-24,44398
quote,2015-12-25,23100
quote,2015-12-26,79806
quote,2015-12-27,78792
quote,2015-12-28,77615
quote,2015-12-29,64337
quote,2015-12-30,64939
quote,2015-12-31,54330
quote,2016-01-01,43101
quote,2016-01-02,32291
quote,2016-01-03,47136
quote,2016-01-04,51976
quote,2016-01-05,44161
quote,2016-01-06,39173
quote,2016-01-07,65845
quote,2016-01-08,62645
quote,2016-01-09,55669
quote,2016-01-10,50363
quote,2016-01-11,53920
quote,2016-01-12,59847
quote,2016-01-13,54552
quote,2016-01-14,60865
quote,2016-01-15,106091
quote,2016-01-16,106524
quote,2016-01-17,89749
quote,2016-01-18,87654
quote,2016-01-19,74920
quote,2016-01-20,86548
quote,2016-01-21,87701
quote,2016-01-22,93082
quote,2016-01-23,80062
quote,2016-01-24,68435
quote,2016-01-25,87238
quote,2016-01-26,91006
quote,2016-01-27,78097
quote,2016-01-28,79318
quote,2016-01-29,87833
quote,2016-01-30,83639
quote,2016-01-31,82177
quote,2016-02-01,90963
quote,2016-02-02,79385
quote,2016-02-03,81067
quote,2016-02-04,75242
quote,2016-02-05,81230
quote,2016-02-06,71950
quote,2016-02-07,66180
quote,2016-02-08,78994
quote,2016-02-09,74891
quote,2016-02-10,80092
quote,2016-02-11,71979
quote,2016-02-12,67658
quote,2016-02-13,64703
quote,2016-02-14,57771
quote,2016-02-15,64711
quote,2016-02-16,38200
quote,2016-02-17,45211
quote,2016-02-18,42613
quote,2016-02-19,32526
quote,2016-02-20,46731
quote,2016-02-21,49965
quote,2016-02-22,48278
quote,2016-02-23,57785
quote,2016-02-24,49678
quote,2016-02-25,49134
quote,2016-02-26,37115
quote,2016-02-27,35418
quote,2016-02-28,37501
quote,2016-02-29,48496
quote,2016-03-01,48827
quote,2016-03-02,42388
quote,2016-03-03,45909
quote,2016-03-04,47712
quote,2016-03-05,72444
quote,2016-03-06,55942
quote,2016-03-07,52726
quote,2016-03-08,46356
quote,2016-03-09,43761
quote,2016-03-10,46779
quote,2016-03-11,48633
quote,2016-03-12,52349
quote,2016-03-13,49740
quote,2016-03-14,62284
quote,2016-03-15,59732
quote,2016-03-16,51420
quote,2016-03-17,39579
quote,2016-03-18,60869
quote,2016-03-19,56018
quote,2016-03-20,58406
quote,2016-03-21,63657
quote,2016-03-22,47744
quote,2016-03-23,56332
quote,2016-03-24,56963
quote,2016-03-25,55300
quote,2016-03-26,37845
quote,2016-03-27,46109
quote,2016-03-28,55852
quote,2016-03-29,66605
quote,2016-03-30,68029
quote,2016-03-31,51322
quote,2016-04-01,50316
quote,2016-04-02,62301
quote,2016-04-03,61746
quote,2016-04-04,44287
quote,2016-04-05,51793
quote,2016-04-06,52499
quote,2016-04-07,60827
quote,2016-04-08,58507
quote,2016-04-09,56970
quote,2016-04-10,46856
quote,2016-04-11,43419
quote,2016-04-12,54104
quote,2016-04-13,60623
quote,2016-04-14,49798
quote,2016-04-15,53052
quote,2016-04-16,54302
quote,2016-04-17,62441
quote,2016-04-18,68096
quote,2016-04-19,61099
quote,2016-04-20,56126
quote,2016-04-21,53682
quote,2016-04-22,47702
quote,2016-04-23,35705
quote,2016-04-24,46035
quote,2016-04-25,51789
quote,2016-04-26,46457
quote,2016-04-27,54351
quote,2016-04-28,59071
quote,2016-04-29,48693
quote,2016-04-30,90555
quote,2016-05-01,53551
quote,2016-05-02,87976
quote,2016-05-03,87840
quote,2016-05-04,73854
quote,2016-05-05,58763
quote,2016-05-06,63958
quote,2016-05-07,80071
quote,2016-05-08,81863
quote,2016-05-09,79483
quote,2016-05-10,73119
quote,2016-05-11,95276
quote,2016-05-12,81823
quote,2016-05-13,67499
quote,2016-05-14,49773
quote,2016-05-15,48081
quote,2016-05-16,36670
quote,2016-05-17,39466
quote,2016-05-18,41774
quote,2016-05-19,73521
quote,2016-05-20,51607
quote,2016-05-21,62213
quote,2016-05-22,52042
quote,2016-05-23,66969
quote,2016-05-24,84567
quote,2016-05-25,73622
quote,2016-05-26,75011
quote,2016-05-27,112977
quote,2016-05-28,119357
quote,2016-05-29,95696
quote,2016-05-30,81551
quote,2016-05-31,85243
quote,2016-06-01,62530
quote,2016-06-02,57378
quote,2016-06-03,76103
quote,2016-06-04,55218
quote,2016-06-05,50262
quote,2016-06-06,44233
quote,2016-06-07,44125
quote,2016-06-08,34512
quote,2016-06-09,38261
quote,2016-06-10,40773
quote,2016-06-11,38738
quote,2016-06-12,88235
quote,2016-06-13,74624
quote,2016-06-14,68809
quote,2016-06-15,78532
quote,2016-06-16,112909
quote,2016-06-17,118527
quote,2016-06-18,120054
quote,2016-06-19,112446
quote,2016-06-20,107475
quote,2016-06-21,75548
quote,2016-06-22,115792
quote,2016-06-23,123722
quote,2016-06-24,60257
quote,2016-06-25,96514
quote,2016-06-26,105807
quote,2016-06-27,90334
quote,2016-06-28,100709
quote,2016-06-29,94670
quote,2016-06-30,81129
quote,2016-07-01,98668
quote,2016-07-02,63078
quote,2016-07-03,81337
quote,2016-07-04,88274
quote,2016-07-05,88294
quote,2016-07-06,59297
quote,2016-07-07,83714
quote,2016-07-08,68308
quote,2016-07-09,81520
quote,2016-07-10,64763
quote,2016-07-11,78357
quote,2016-07-12,68792
quote,2016-07-13,43297
quote,2016-07-14,41421
quote,2016-07-15,35713
quote,2016-07-16,24403
quote,2016-07-17,26775
quote,2016-07-18,26967
quote,2016-07-19,30406
quote,2016-07-20,34872
quote,2016-07-21,34488
quote,2016-07-22,41145
quote,2016-07-23,35013
quote,2016-07-24,46376
quote,2016-07-25,41950
quote,2016-07-26,71185
quote,2016-07-27,68114
quote,2016-07-28,50561
quote,2016-07-29,53444
quote,2016-07-30,43428
quote,2016-07-31,52279
quote,2016-08-01,61394
quote,2016-08-02,92997
quote,2016-08-03,80198
quote,2016-08-04,75104
quote,2016-08-05,53504
quote,2016-08-06,45785
quote,2016-08-07,57390
quote,2016-08-08,50767
quote,2016-08-09,63076
quote,2016-08-10,58781
quote,2016-08-11,50532
quote,2016-08-12,52477
quote,2016-08-13,48252
quote,2016-08-14,58172
quote,2016-08-15,49570
quote,2016-08-16,49826
quote,2016-08-17,50101
quote,2016-08-18,42059
quote,2016-08-19,35879
quote,2016-08-20,37953
quote,2016-08-21,41606
quote,2016-08-22,30443
quote,2016-08-23,44498
quote,2016-08-24,50179
quote,2016-08-25,54658
quote,2016-08-26,41794
quote,2016-08-27,37389
quote,2016-08-28,69872
quote,2016-08-29,77638
quote,2016-08-30,58111
quote,2016-08-31,56587
quote,2016-09-01,66570
quote,2016-09-02,55990
quote,2016-09-03,68564
quote,2016-09-04,62746
quote,2016-09-05,58108
quote,2016-09-06,53372
quote,2016-09-07,48453
quote,2016-09-08,56995
quote,2016-09-09,57926
quote,2016-09-10,66735
quote,2016-09-11,74041
quote,2016-09-12,71925
quote,2016-09-13,70904
quote,2016-09-14,55077
quote,2016-09-15,61363
quote,2016-09-16,39571
quote,2016-09-17,29774
quote,2016-09-18,33725
quote,2016-09-19,30801
quote,2016-09-20,38357
quote,2016-09-21,35946
quote,2016-09-22,39483
quote,2016-09-23,41403
quote,2016-09-24,32457
quote,2016-09-25,31148
quote,2016-09-26,42201
quote,2016-09-27,25665
quote,2016-09-28,27679
quote,2016-09-29,27293
quote,2016-09-30,30143
quote,2016-10-01,31514
quote,2016-10-02,26215
quote,2016-10-03,27428
quote,2016-10-04,36561
quote,2016-10-05,39598
quote,2016-10-06,34367
quote,2016-10-07,40756
quote,2016-10-08,42338
quote,2016-10-09,43198
quote,2016-10-10,59932
quote,2016-10-11,63542
quote,2016-10-12,46248
quote,2016-10-13,49426
quote,2016-10-14,55347
quote,2016-10-15,47799
quote,2016-10-16,54331
quote,2016-10-17,58489
quote,2016-10-18,53300
quote,2016-10-19,46921
quote,2016-10-20,43817
quote,2016-10-21,35926
quote,2016-10-22,42034
quote,2016-10-23,39666
quote,2016-10-24,38112
quote,2016-10-25,54345
quote,2016-10-26,55493
quote,2016-10-27,80799
quote,2016-10-28,69433
quote,2016-10-29,100849
quote,2016-10-30,119731
quote,2016-10-31,93278
quote,2016-11-01,109289
quote,2016-11-02,92345
quote,2016-11-03,112958
quote,2016-11-04,114119
quote,2016-11-05,63239
quote,2016-11-06,75917
quote,2016-11-07,79980
quote,2016-11-08,74021
quote,2016-11-09,90454
quote,2016-11-10,72904
quote,2016-11-11,78021
quote,2016-11-12,80913
quote,2016-11-13,106780
quote,2016-11-14,73024
quote,2016-11-15,78917
quote,2016-11-16,107873
quote,2016-11-17,89456
quote,2016-11-18,88572
quote,2016-11-19,89926
quote,2016-11-20,106802
quote,2016-11-21,66700
quote,2016-11-22,90938
quote,2016-11-23,90561
quote,2016-11-24,95584
quote,2016-11-25,77567
quote,2016-11-26,66426
quote,2016-11-27,74858
quote,2016-11-28,79394
quote,2016-11-29,85486
quote,2016-11-30,88696
quote,2016-12-01,84397
quote,2016-12-02,90540
quote,2016-12-03,68843
quote,2016-12-04,62821
quote,2016-12-05,93355
quote,2016-12-06,106512
quote,2016-12-07,88914
quote,2016-12-08,66720
quote,2016-12-09,79613
quote,2016-12-10,64440
quote,2016-12-11,68613
quote,2016-12-12,81082
quote,2016-12-13,73466
quote,2016-12-14,84153
quote,2016-12-15,74631
quote,2016-12-16,96473
quote,2016-12-17,109283
quote,2016-12-18,94118
quote,2016-12-19,106946
quote,2016-12-20,111212
quote,2016-12-21,135211
quote,2016-12-22,168075
quote,2016-12-23,214330
quote,2016-12-24,188772
quote,2016-12-25,196021
quote,2016-12-26,177835
quote,2016-12-27,206915
quote,2016-12-28,217992
quote,2016-12-29,196447
quote,2016-12-30,159250
quote,2016-12-31,120545
quote,2017-01-01,109584
quote,2017-01-02,128303
quote,2017-01-03,153446
quote,2017-01-04,193492
quote,2017-01-05,268075
quote,2017-01-06,267377
quote,2017-01-07,267031
quote,2017-01-08,258116
quote,2017-01-09,228310
quote,2017-01-10,161756
quote,2017-01-11,198784
quote,2017-01-12,178283
quote,2017-01-13,168366
quote,2017-01-14,155330
quote,2017-01-15,145943
quote,2017-01-16,139080
quote,2017-01-17,194250
quote,2017-01-18,192972
quote,2017-01-19,194659
quote,2017-01-20,135742
quote,2017-01-21,132534
quote,2017-01-22,126399
quote,2017-01-23,130650
quote,2017-01-24,138924
quote,2017-01-25,128926
quote,2017-01-26,120501
quote,2017-01-27,116869
quote,2017-01-28,116636
quote,2017-01-29,104359
quote,2017-01-30,123830
quote,2017-01-31,162984
quote,2017-02-01,158207
quote,2017-02-02,182426
quote,2017-02-03,178500
quote,2017-02-04,238867
quote,2017-02-05,267911
quote,2017-02-06,244243
quote,2017-02-07,249850
quote,2017-02-08,230889
quote,2017-02-09,314342
quote,2017-02-10,344487
quote,2017-02-11,302905
quote,2017-02-12,229008
quote,2017-02-13,196072
quote,2017-02-14,220322
quote,2017-02-15,220219
quote,2017-02-16,310189
quote,2017-02-17,319434
quote,2017-02-18,330992
quote,2017-02-19,272323
quote,2017-02-20,242846
quote,2017-02-21,302374
quote,2017-02-22,275269
quote,2017-02-23,283875
quote,2017-02-24,265459
quote,2017-02-25,268978
quote,2017-02-26,222338
quote,2017-02-27,270143
quote,2017-02-28,278152
quote,2017-03-01,297711
quote,2017-03-02,374266
quote,2017-03-03,379000
quote,2017-03-04,369654
quote,2017-03-05,379403
quote,2017-03-06,308840
quote,2017-03-07,371641
quote,2017-03-08,422883
quote,2017-03-09,474942
quote,2017-03-10,471957
quote,2017-03-11,466991
quote,2017-03-12,369472
quote,2017-03-13,499904
quote,2017-03-14,414097
quote,2017-03-15,415015
quote,2017-03-16,491070
quote,2017-03-17,520109
quote,2017-03-18,560430
quote,2017-03-19,465617
quote,2017-03-20,441589
quote,2017-03-21,471733
quote,2017-03-22,457752
quote,2017-03-23,464362
quote,2017-03-24,511195
quote,2017-03-25,488721
quote,2017-03-26,544387
quote,2017-03-27,425871
quote,2017-03-28,444765
quote,2017-03-29,432907
quote,2017-03-30,392314
quote,2017-03-31,369791
quote,2017-04-01,364354
quote,2017-04-02,336153
quote,2017-04-03,402683
quote,2017-04-04,347550
quote,2017-04-05,321392
quote,2017-04-06,309926
quote,2017-04-07,293335
quote,2017-04-08,244598
quote,2017-04-09,246672
quote,2017-04-10,250095
quote,2017-04-11,258179
quote,2017-04-12,253815
quote,2017-04-13,299341
quote,2017-04-14,359579
quote,2017-04-15,299564
quote,2017-04-16,257676
quote,2017-04-17,297057
quote,2017-04-18,348850
quote,2017-04-19,248504
quote,2017-04-20,294923
quote,2017-04-21,249107
quote,2017-04-22,252441
quote,2017-04-23,267300
quote,2017-04-24,223142
quote,2017-04-25,238523
quote,2017-04-26,275408
quote,2017-04-27,330136
quote,2017-04-28,328031
quote,2017-04-29,225397
quote,2017-04-30,259951
quote,2017-05-01,319232
quote,2017-05-02,295625
quote,2017-05-03,316049
quote,2017-05-04,387276
quote,2017-05-05,383309
quote,2017-05-06,314995
quote,2017-05-07,297479
quote,2017-05-08,376702
quote,2017-05-09,401151
quote,2017-05-10,333258
quote,2017-05-11,356402
quote,2017-05-12,422927
quote,2017-05-13,380506
quote,2017-05-14,336637
quote,2017-05-15,368967
quote,2017-05-16,346088
quote,2017-05-17,348641
quote,2017-05-18,405183
quote,2017-05-19,478469
quote,2017-05-20,423734
quote,2017-05-21,486420
quote,2017-05-22,498377
quote,2017-05-23,392801
quote,2017-05-24,445197
quote,2017-05-25,548844
quote,2017-05-26,543621
quote,2017-05-27,517463
quote,2017-05-28,464305
quote,2017-05-29,386743
quote,2017-05-30,437868
quote,2017-05-31,376255
quote,2017-06-01,353211
quote,2017-06-02,319466
quote,2017-06-03,357182
quote,2017-06-04,420181
quote,2017-06-05,356096
quote,2017-06-06,567024
quote,2017-06-07,503826
quote,2017-06-08,548545
quote,2017-06-09,578990
quote,2017-06-10,520041
quote,2017-06-11,573779
quote,2017-06-12,661983
quote,2017-06-13,483934
quote,2017-06-14,609727
quote,2017-06-15,715548
quote,2017-06-16,572262
quote,2017-06-17,562840
quote,2017-06-18,585254
quote,2017-06-19,545303
quote,2017-06-20,513841
quote,2017-06-21,606309
quote,2017-06-22,487119
quote,2017-06-23,409834
quote,2017-06-24,464241
quote,2017-06-25,519865
quote,2017-06-26,640567
quote,2017-06-27,659760
quote,2017-06-28,495573
quote,2017-06-29,447432
quote,2017-06-30,375525
quote,2017-07-01,303858
quote,2017-07-02,339029
quote,2017-07-03,287111
quote,2017-07-04,356441
quote,2017-07-05,346199
quote,2017-07-06,233580
quote,2017-07-07,309868
quote,2017-07-08,324469
quote,2017-07-09,239053
quote,2017-07-10,398164
quote,2017-07-11,491344
quote,2017-07-12,422846
quote,2017-07-13,392006
quote,2017-07-14,375031
quote,2017-07-15,547215
quote,2017-07-16,585789
quote,2017-07-17,542863
quote,2017-07-18,586129
quote,2017-07-19,638721
quote,2017-07-20,721014
quote,2017-07-21,664482
quote,2017-07-22,546326
quote,2017-07-23,520455
quote,2017-07-24,448444
quote,2017-07-25,608089
quote,2017-07-26,578689
quote,2017-07-27,477479
quote,2017-07-28,500862
quote,2017-07-29,413242
quote,2017-07-30,376481
quote,2017-07-31,389149
quote,2017-08-01,537829
quote,2017-08-02,429719
quote,2017-08-03,343660
quote,2017-08-04,335209
quote,2017-08-05,623962
quote,2017-08-06,514839
quote,2017-08-07,494950
quote,2017-08-08,495438
quote,2017-08-09,457740
quote,2017-08-10,385194
quote,2017-08-11,453248
quote,2017-08-12,555634
quote,2017-08-13,663848
quote,2017-08-14,606368
quote,2017-08-15,693481
quote,2017-08-16,552900
quote,2017-08-17,578233
quote,2017-08-18,607413
quote,2017-08-19,557520
quote,2017-08-20,485241
quote,2017-08-21,522610
quote,2017-08-22,677345
quote,2017-08-23,514089
quote,2017-08-24,446782
quote,2017-08-25,491011
quote,2017-08-26,391551
quote,2017-08-27,418916
quote,2017-08-28,527136
quote,2017-08-29,592443
quote,2017-08-30,555164
quote,2017-08-31,496623
quote,2017-09-01,496369
quote,2017-09-02,716671
quote,2017-09-03,600382
quote,2017-09-04,694912
quote,2017-09-05,592906
quote,2017-09-06,516504
quote,2017-09-07,473782
quote,2017-09-08,594990
quote,2017-09-09,553634
quote,2017-09-10,578908
quote,2017-09-11,479531
quote,2017-09-12,492103
quote,2017-09-13,598558
quote,2017-09-14,681337
quote,2017-09-15,889647
quote,2017-09-16,667393
quote,2017-09-17,645685
quote,2017-09-18,791143
quote,2017-09-19,790506
quote,2017-09-20,687591
quote,2017-09-21,679231
quote,2017-09-22,622246
quote,2017-09-23,566541
quote,2017-09-24,507675
quote,2017-09-25,560522
quote,2017-09-26,651098
quote,2017-09-27,652935
quote,2017-09-28,751953
quote,2017-09-29,623343
quote,2017-09-30,442894
quote,2017-10-01,511211
quote,2017-10-02,514673
quote,2017-10-03,525468
quote,2017-10-04,472964
quote,2017-10-05,570391
quote,2017-10-06,512809
quote,2017-10-07,424577
quote,2017-10-08,542475
quote,2017-10-09,642007
quote,2017-10-10,671860
quote,2017-10-11,575977
quote,2017-10-12,684119
quote,2017-10-13,857148
quote,2017-10-14,687295
quote,2017-10-15,793944
quote,2017-10-16,735920
quote,2017-10-17,774980
quote,2017-10-18,1004596
quote,2017-10-19,856153
quote,2017-10-20,913705
quote,2017-10-21,984509
quote,2017-10-22,931682
quote,2017-10-23,971032
quote,2017-10-24,1035331
quote,2017-10-25,913883
quote,2017-10-26,832032
quote,2017-10-27,817538
quote,2017-10-28,728584
quote,2017-10-29,764629
quote,2017-10-30,775084
quote,2017-10-31,782942
quote,2017-11-01,813616
quote,2017-11-02,992244
quote,2017-11-03,1015908
quote,2017-11-04,1012817
quote,2017-11-05,1049109
quote,2017-11-06,985138
quote,2017-11-07,900887
quote,2017-11-08,948001
quote,2017-11-09,841500
quote,2017-11-10,1134692
quote,2017-11-11,1141405
quote,2017-11-12,1414935
quote,2017-11-13,1379579
quote,2017-11-14,1139333
quote,2017-11-15,1075336
quote,2017-11-16,1036317
quote,2017-11-17,1217640
quote,2017-11-18,1072126
quote,2017-11-19,907005
quote,2017-11-20,935965
quote,2017-11-21,1202660
quote,2017-11-22,1077737
quote,2017-11-23,900179
quote,2017-11-24,975008
quote,2017-11-25,882376
quote,2017-11-26,1079420
quote,2017-11-27,1076266
quote,2017-11-28,991064
quote,2017-11-29,1040375
quote,2017-11-30,1400433
quote,2017-12-01,1452164
quote,2017-12-02,1322834
quote,2017-12-03,1159468
quote,2017-12-04,1276044
quote,2017-12-05,1240788
quote,2017-12-06,1271576
quote,2017-12-07,1220438
quote,2017-12-08,1201193
quote,2017-12-09,1185477
quote,2017-12-10,1218113
quote,2017-12-11,1131702
quote,2017-12-12,1207628
quote,2017-12-13,1160770
quote,2017-12-14,1097688
quote,2017-12-15,1162492
quote,2017-12-16,1130064
quote,2017-12-17,1085745
quote,2017-12-18,1261521
quote,2017-12-19,1187596
quote,2017-12-20,1270703
quote,2017-12-21,1318558
quote,2017-12-22,1299524
quote,2017-12-23,1432992
quote,2017-12-24,1509397
quote,2017-12-25,1391536
quote,2017-12-26,1389347
quote,2017-12-27,1375852
quote,2017-12-28,1410030
quote,2017-12-29,1266079
quote,2017-12-30,1317556
quote,2017-12-31,1352379
quote,2018-01-01,1255713
quote,2018-01-02,1112857
quote,2018-01-03,1208933
quote,2018-01-04,1135708
quote,2018-01-05,1050502
quote,2018-01-06,1069692
quote,2018-01-07,1038850
quote,2018-01-08,1149099
quote,2018-01-09,1192154
quote,2018-01-10,1209428
quote,2018-01-11,1116662
quote,2018-01-12,1162098
quote,2018-01-13,1126180
quote,2018-01-14,1229471
quote,2018-01-15,1178680
quote,2018-01-16,1042434
quote,2018-01-17,1060039
quote,2018-01-18,1176039
quote,2018-01-19,1110083
quote,2018-01-20,1126921
quote,2018-01-21,1184351
quote,2018-01-22,1203711
quote,2018-01-23,1152626
quote,2018-01-24,1136565
quote,2018-01-25,1109394
quote,2018-01-26,1103747
quote,2018-01-27,1112538
quote,2018-01-28,1009255
quote,2018-01-29,1024633
quote,2018-01-30,951914
quote,2018-01-31,967964
quote,2018-02-01,848110
quote,2018-02-02,877248
quote,2018-02-03,1025627
quote,2018-02-04,967343
quote,2018-02-05,811405
quote,2018-02-06,844549
quote,2018-02-07,988806
quote,2018-02-08,1046771
quote,2018-02-09,1051231
quote,2018-02-10,1102772
quote,2018-02-11,1082631
quote,2018-02-12,1085927
quote,2018-02-13,1115226
quote,2018-02-14,1107153
quote,2018-02-15,1082165
quote,2018-02-16,1137304
quote,2018-02-17,1257624
quote,2018-02-18,1392661
quote,2018-02-19,1278262
quote,2018-02-20,1191340
quote,2018-02-21,1227385
quote,2018-02-22,1266067
quote,2018-02-23,1242252
quote,2018-02-24,1224312
quote,2018-02-25,1223844
quote,2018-02-26,1085147
quote,2018-02-27,1080507
quote,2018-02-28,1213150
quote,2018-03-01,1256563
quote,2018-03-02,1244841
quote,2018-03-03,1217938
quote,2018-03-04,1176019
quote,2018-03-05,1092389
quote,2018-03-06,1220908
quote,2018-03-07,1370751
quote,2018-03-08,1426060
quote,2018-03-09,1408932
quote,2018-03-10,1327244
quote,2018-03-11,1369893
quote,2018-03-12,1288647
quote,2018-03-13,1273674
quote,2018-03-14,1209274
quote,2018-03-15,1251852
quote,2018-03-16,1128926
quote,2018-03-17,1193339
quote,2018-03-18,1277852
quote,2018-03-19,1225652
quote,2018-03-20,1197664
quote,2018-03-21,1144228
quote,2018-03-22,1160513
quote,2018-03-23,1191430
quote,2018-03-24,1168340
quote,2018-03-25,1146946
quote,2018-03-26,1043276
quote,2018-03-27,1190518
quote,2018-03-28,1097741
quote,2018-03-29,1178314
quote,2018-03-30,1282329
quote,2018-03-31,1232628
quote,2018-04-01,1172135
quote,2018-04-02,1158278
quote,2018-04-03,1111544
quote,2018-04-04,1177987
quote,2018-04-05,1271714
quote,2018-04-06,1065766
quote,2018-04-07,911686
quote,2018-04-08,901597
quote,2018-04-09,984344
quote,2018-04-10,935529
quote,2018-04-11,872697
quote,2018-04-12,1004225
quote,2018-04-13,1079603
quote,2018-04-14,1049131
quote,2018-04-15,961489
quote,2018-04-16,1057885
quote,2018-04-17,1003217
quote,2018-04-18,946540
quote,2018-04-19,967794
quote,2018-04-20,1018643
quote,2018-04-21,1082968
quote,2018-04-22,1025879
quote,2018-04-23,1040269
quote,2018-04-24,1060700
quote,2018-04-25,984121
quote,2018-04-26,1091696
quote,2018-04-27,1045378
quote,2018-04-28,1085048
quote,2018-04-29,1038197
quote,2018-04-30,1023451
quote,2018-05-01,1001586
quote,2018-05-02,968882
quote,2018-05-03,946361
quote,2018-05-04,972138
quote,2018-05-05,965477
quote,2018-05-06,991841
quote,2018-05-07,963799
quote,2018-05-08,942984
quote,2018-05-09,1004354
quote,2018-05-10,1042358
quote,2018-05-11,1071466
quote,2018-05-12,1070278
quote,2018-05-13,1023837
quote,2018-05-14,1056185
quote,2018-05-15,1157719
quote,2018-05-16,1175621
quote,2018-05-17,979289
quote,2018-05-18,1059126
quote,2018-05-19,1099269
quote,2018-05-20,1038891
quote,2018-05-21,1075334
quote,2018-05-22,1325388
quote,2018-05-23,1372661
quote,2018-05-24,1375064
quote,2018-05-25,1232428
quote,2018-05-26,994823
quote,2018-05-27,1071264
quote,2018-05-28,1153494
quote,2018-05-29,1093573
quote,2018-05-30,1238313
quote,2018-05-31,1257892
quote,2018-06-01,1187598
quote,2018-06-02,1066922
quote,2018-06-03,983702
quote,2018-06-04,1108365
quote,2018-06-05,1289309
quote,2018-06-06,1257525
quote,2018-06-07,1191964
quote,2018-06-08,1109117
quote,2018-06-09,979567
quote,2018-06-10,1576962
quote,2018-06-11,1394073
quote,2018-06-12,1268305
quote,2018-06-13,1528669
quote,2018-06-14,1591182
quote,2018-06-15,1429327
quote,2018-06-16,1284720
quote,2018-06-17,1135878
quote,2018-06-18,1235889
quote,2018-06-19,1127887
quote,2018-06-20,1234832
quote,2018-06-21,1102626
quote,2018-06-22,1692249
quote,2018-06-23,1509199
quote,2018-06-24,1714586
quote,2018-06-25,1413854
quote,2018-06-26,1369849
quote,2018-06-27,1295555
quote,2018-06-28,1276275
quote,2018-06-29,1545934
quote,2018-06-30,1455849
quote,2018-07-01,1370976
quote,2018-07-02,1500704
quote,2018-07-03,1402253
quote,2018-07-04,1459577
quote,2018-07-05,1734411
quote,2018-07-06,1554279
quote,2018-07-07,1372505
quote,2018-07-08,1281503
quote,2018-07-09,1337902
quote,2018-07-10,1679593
quote,2018-07-11,1653661
quote,2018-07-12,1595562
quote,2018-07-13,1478371
quote,2018-07-14,1322712
quote,2018-07-15,1187970
quote,2018-07-16,1637543
quote,2018-07-17,1918935
quote,2018-07-18,2407229
quote,2018-07-19,2075833
quote,2018-07-20,2232220
quote,2018-07-21,1690722
quote,2018-07-22,1876299
quote,2018-07-23,2427070
quote,2018-07-24,2790724
quote,2018-07-25,2662194
quote,2018-07-26,2317602
quote,2018-07-27,2392313
quote,2018-07-28,1751690
quote,2018-07-29,1810920
quote,2018-07-30,2437950
quote,2018-07-31,2649725
quote,2018-08-01,2719114
quote,2018-08-02,2457786
quote,2018-08-03,2627455
quote,2018-08-04,1997324
quote,2018-08-05,2131201
quote,2018-08-06,2462001
quote,2018-08-07,2568549
quote,2018-08-08,3044432
quote,2018-08-09,2521433
quote,2018-08-10,2718296
quote,2018-08-11,2344067
quote,2018-08-12,2329280
quote,2018-08-13,2268113
quote,2018-08-14,2841218
quote,2018-08-15,2934328
quote,2018-08-16,2836324
quote,2018-08-17,2885487
quote,2018-08-18,2461795
quote,2018-08-19,2258285
quote,2018-08-20,2364093
quote,2018-08-21,2449376
quote,2018-08-22,2378716
quote,2018-08-23,2472288
quote,2018-08-24,2337500
quote,2018-08-25,2100240
quote,2018-08-26,2214991
quote,2018-08-27,2092699
quote,2018-08-28,2444334
quote,2018-08-29,2429014
quote,2018-08-30,2621050
quote,2018-08-31,2515170
quote,2018-09-01,2313873
quote,2018-09-02,2819991
quote,2018-09-03,2629980
quote,2018-09-04,2496671
quote,2018-09-05,2548755
quote,2018-09-06,3341665
quote,2018-09-07,3245056
quote,2018-09-08,2867618
quote,2018-09-09,2636805
quote,2018-09-10,2880290
quote,2018-09-11,2855860
quote,2018-09-12,2842428
quote,2018-09-13,2986970
quote,2018-09-14,3027270
quote,2018-09-15,2474471
quote,2018-09-16,2373842
quote,2018-09-17,2702603
quote,2018-09-18,2505186
quote,2018-09-19,2643694
quote,2018-09-20,2552913
quote,2018-09-21,3043871
quote,2018-09-22,3080182
quote,2018-09-23,2837031
quote,2018-09-24,3086598
quote,2018-09-25,3637048
quote,2018-09-26,3286921
quote,2018-09-27,3276643
quote,2018-09-28,3158215
quote,2018-09-29,3353004
quote,2018-09-30,3014400
quote,2018-10-01,3134557
quote,2018-10-02,2905706
quote,2018-10-03,3190263
quote,2018-10-04,2930722
quote,2018-10-05,2829538
quote,2018-10-06,2428451
quote,2018-10-07,2267936
quote,2018-10-08,2474110
quote,2018-10-09,2214192
quote,2018-10-10,2721143
quote,2018-10-11,3504021
quote,2018-10-12,3033187
quote,2018-10-13,2187957
quote,2018-10-14,2643035
quote,2018-10-15,3323800
quote,2018-10-16,2798216
quote,2018-10-17,2577634
quote,2018-10-18,2813000
quote,2018-10-19,2556345
quote,2018-10-20,2188189
quote,2018-10-21,1913942
quote,2018-10-22,1853350
quote,2018-10-23,1983069
quote,2018-10-24,1907868
quote,2018-10-25,1903122
quote,2018-10-26,1844250
quote,2018-10-27,1433604
quote,2018-10-28,1368902
quote,2018-10-29,1934292
quote,2018-10-30,1939721
quote,2018-10-31,1844862
quote,2018-11-01,1833370
quote,2018-11-02,2158353
quote,2018-11-03,1747593
quote,2018-11-04,2451011
quote,2018-11-05,2609536
quote,2018-11-06,3029258
quote,2018-11-07,3011931
quote,2018-11-08,3122286
quote,2018-11-09,2871386
quote,2018-11-10,2031011
quote,2018-11-11,1757309
quote,2018-11-12,1916123
quote,2018-11-13,2167782
quote,2018-11-14,2601747
quote,2018-11-15,2883797
quote,2018-11-16,2077979
quote,2018-11-17,1754781
quote,2018-11-18,1776947
quote,2018-11-19,3429770
quote,2018-11-20,3379764
quote,2018-11-21,3186467
quote,2018-11-22,2393708
quote,2018-11-23,3005149
quote,2018-11-24,2519238
quote,2018-11-25,3401359
quote,2018-11-26,3502713
quote,2018-11-27,3231205
quote,2018-11-28,3293027
quote,2018-11-29,3256930
quote,2018-11-30,3118252
quote,2018-12-01,2650963
quote,2018-12-02,2839958
quote,2018-12-03,2813709
quote,2018-12-04,2925440
quote,2018-12-05,2845310
quote,2018-12-06,3130325
quote,2018-12-07,3366573
quote,2018-12-08,3111466
quote,2018-12-09,2713072
quote,2018-12-10,2822080
quote,2018-12-11,2665396
quote,2018-12-12,2526248
quote,2018-12-13,2629158
quote,2018-12-14,2675651
quote,2018-12-15,2433565
quote,2018-12-16,2247797
quote,2018-12-17,3055739
quote,2018-12-18,3428793
quote,2018-12-19,3994574
quote,2018-12-20,4062936
quote,2018-12-21,4113726
quote,2018-12-22,3235838
quote,2018-12-23,3477938
quote,2018-12-24,3720884
quote,2018-12-25,3841150
quote,2018-12-26,3489645
quote,2018-12-27,3270959
quote,2018-12-28,2894015
quote,2018-12-29,2792705
quote,2018-12-30,2669810
quote,2018-12-31,2246397
quote,2019-01-01,2114745
quote,2019-01-02,2606521
quote,2019-01-03,2375420
quote,2019-01-04,2452259
quote,2019-01-05,2391437
quote,2019-01-06,2197377
quote,2019-01-07,1946118
quote,2019-01-08,2293793
quote,2019-01-09,2145579
quote,2019-01-10,2761422
quote,2019-01-11,2804378
quote,2019-01-12,2281502
quote,2019-01-13,2318180
quote,2019-01-14,2503344
quote,2019-01-15,2493082
quote,2019-01-16,2674150
quote,2019-01-17,2673117
quote,2019-01-18,2251077
quote,2019-01-19,1950745
quote,2019-01-20,2282427
quote,2019-01-21,2278104
quote,2019-01-22,2439783
quote,2019-01-23,2182148
quote,2019-01-24,2187749
quote,2019-01-25,2111051
quote,2019-01-26,2063663
quote,2019-01-27,2221568
quote,2019-01-28,3403584
quote,2019-01-29,2789275
quote,2019-01-30,2609321
quote,2019-01-31,2649353
quote,2019-02-01,2392895
quote,2019-02-02,2116691
quote,2019-02-03,2229630
quote,2019-02-04,2034624
quote,2019-02-05,1824289
quote,2019-02-06,2182975
quote,2019-02-07,1694781
quote,2019-02-08,2642322
quote,2019-02-09,2263603
quote,2019-02-10,2350280
quote,2019-02-11,2463637
quote,2019-02-12,2372960
quote,2019-02-13,2270244
quote,2019-02-14,2205714
quote,2019-02-15,2090721
quote,2019-02-16,2098844
quote,2019-02-17,2688909
quote,2019-02-18,4012050
quote,2019-02-19,3754237
quote,2019-02-20,3247777
quote,2019-02-21,2824235
quote,2019-02-22,2593611
quote,2019-02-23,2725030
quote,2019-02-24,3703131
quote,2019-02-25,3395616
quote,2019-02-26,2901816
quote,2019-02-27,2688942
quote,2019-02-28,2861650
quote,2019-03-01,2161848
quote,2019-03-02,2201090
quote,2019-03-03,1973968
quote,2019-03-04,2643409
quote,2019-03-05,2644760
quote,2019-03-06,2550996
quote,2019-03-07,2622865
quote,2019-03-08,2496961
quote,2019-03-09,2712543
quote,2019-03-10,2148411
quote,2019-03-11,2377012
quote,2019-03-12,2234979
quote,2019-03-13,2129357
quote,2019-03-14,2075759
quote,2019-03-15,2150891
quote,2019-03-16,2562659
quote,2019-03-17,2062943
quote,2019-03-18,2463504
quote,2019-03-19,2212582
quote,2019-03-20,2249265
quote,2019-03-21,2393788
quote,2019-03-22,1909592
quote,2019-03-23,2084912
quote,2019-03-24,1988795
quote,2019-03-25,2238729
quote,2019-03-26,2041029
quote,2019-03-27,2624417
quote,2019-03-28,2063752
quote,2019-03-29,2339309
quote,2019-03-30,2113929
quote,2019-03-31,1509070
quote,2019-04-01,1969134
quote,2019-04-02,3458594
quote,2019-04-03,4101281
quote,2019-04-04,3878795
quote,2019-04-05,3330390
quote,2019-04-06,3019598
quote,2019-04-07,3223851
quote,2019-04-08,3697527
quote,2019-04-09,3023326
quote,2019-04-10,2876639
quote,2019-04-11,3608399
quote,2019-04-12,3011595
quote,2019-04-13,2477673
quote,2019-04-14,2238440
quote,2019-04-15,2779597
quote,2019-04-16,2797661
quote,2019-04-17,2696429
quote,2019-04-18,2795175
quote,2019-04-19,2548150
quote,2019-04-20,2419909
quote,2019-04-21,2607088
quote,2019-04-22,2670124
quote,2019-04-23,3145555
quote,2019-04-24,3316489
quote,2019-04-25,2981508
quote,2019-04-26,3577025
quote,2019-04-27,2288335
quote,2019-04-28,2211266
quote,2019-04-29,2513698
quote,2019-04-30,2764390
quote,2019-05-01,2477412
quote,2019-05-02,2788726
quote,2019-05-03,3907030
quote,2019-05-04,3843152
quote,2019-05-05,3416669
quote,2019-05-06,3754921
quote,2019-05-07,4173927
quote,2019-05-08,3724729
quote,2019-05-09,3903576
quote,2019-05-10,4486102
quote,2019-05-11,4931232
quote,2019-05-12,4990915
quote,2019-05-13,4579615
quote,2019-05-14,4782709
quote,2019-05-15,4332608
quote,2019-05-16,4756083
quote,2019-05-17,4742029
quote,2019-05-18,4424316
quote,2019-05-19,4678935
quote,2019-05-20,4864127
quote,2019-05-21,4876490
quote,2019-05-22,4131264
quote,2019-05-23,4427191
quote,2019-05-24,4149540
quote,2019-05-25,3361198
quote,2019-05-26,3586036
quote,2019-05-27,3877162
quote,2019-05-28,3588249
quote,2019-05-29,3637993
quote,2019-05-30,4060378
quote,2019-05-31,4089828
quote,2019-06-01,3797364
quote,2019-06-02,3364430
quote,2019-06-03,4084533
quote,2019-06-04,4375930
quote,2019-06-05,4033911
quote,2019-06-06,3672086
quote,2019-06-07,3339059
quote,2019-06-08,3032951
quote,2019-06-09,3421441
quote,2019-06-10,3752627
quote,2019-06-11,3378272
quote,2019-06-12,3611481
quote,2019-06-13,3321656
quote,2019-06-14,3565625
quote,2019-06-15,3544083
quote,2019-06-16,4519079
quote,2019-06-17,4408573
quote,2019-06-18,4109038
quote,2019-06-19,3431899
quote,2019-06-20,3632711
quote,2019-06-21,4663763
quote,2019-06-22,5523032
quote,2019-06-23,4552153
quote,2019-06-24,4410374
quote,2019-06-25,4573238
quote,2019-06-26,5207220
quote,2019-06-27,5207113
quote,2019-06-28,5151731
quote,2019-06-29,4742900
quote,2019-06-30,4529742
quote,2019-07-01,5015864
quote,2019-07-02,4947793
quote,2019-07-03,5237057
quote,2019-07-04,4507393
quote,2019-07-05,4689526
quote,2019-07-06,4214915
quote,2019-07-07,3999832
quote,2019-07-08,3811780
quote,2019-07-09,4484233
quote,2019-07-10,5050586
quote,2019-07-11,5429399
quote,2019-07-12,4731968
quote,2019-07-13,4759920
quote,2019-07-14,5307304
quote,2019-07-15,5762999
quote,2019-07-16,5813741
quote,2019-07-17,5712550
quote,2019-07-18,5144776
quote,2019-07-19,4901217
quote,2019-07-20,4167429
quote,2019-07-21,4140128
quote,2019-07-22,4073485
quote,2019-07-23,4430114
quote,2019-07-24,4261296
quote,2019-07-25,3631413
quote,2019-07-26,3495421
quote,2019-07-27,3606491
quote,2019-07-28,3337441
quote,2019-07-29,3299708
quote,2019-07-30,3281342
quote,2019-07-31,3381951
quote,2019-08-01,3187963
quote,2019-08-02,3115700
quote,2019-08-03,2950951
quote,2019-08-04,3113965
quote,2019-08-05,4407899
quote,2019-08-06,4516396
quote,2019-08-07,4640393
quote,2019-08-08,4547987
quote,2019-08-09,4486837
quote,2019-08-10,4047408
quote,2019-08-11,3582226
quote,2019-08-12,3324963
quote,2019-08-13,3942874
quote,2019-08-14,5220429
quote,2019-08-15,6144772
quote,2019-08-16,5810007
quote,2019-08-17,4329696
quote,2019-08-18,3809825
quote,2019-08-19,3745147
quote,2019-08-20,3685636
quote,2019-08-21,4638783
quote,2019-08-22,4818256
quote,2019-08-23,3670900
quote,2019-08-24,3780480
quote,2019-08-25,3736597
quote,2019-08-26,4230344
quote,2019-08-27,3860062
quote,2019-08-28,3798263
quote,2019-08-29,3987063
quote,2019-08-30,3423118
quote,2019-08-31,2901441
quote,2019-09-01,2544971
quote,2019-09-02,3473082
quote,2019-09-03,4024706
quote,2019-09-04,4115611
quote,2019-09-05,3484073
quote,2019-09-06,4111342
quote,2019-09-07,3115759
quote,2019-09-08,3179285
quote,2019-09-09,4198883
quote,2019-09-10,3743380
quote,2019-09-11,3849821
quote,2019-09-12,3487579
quote,2019-09-13,3307626
quote,2019-09-14,3188240
quote,2019-09-15,2602246
quote,2019-09-16,3143835
quote,2019-09-17,3434916
quote,2019-09-18,3291380
quote,2019-09-19,4197078
quote,2019-09-20,3251874
quote,2019-09-21,2987951
quote,2019-09-22,3155045
quote,2019-09-23,3934947
quote,2019-09-24,5907593
quote,2019-09-25,6429885
quote,2019-09-26,5238403
quote,2019-09-27,4474410
quote,2019-09-28,4072312
quote,2019-09-29,4012861
quote,2019-09-30,4880933
quote,2019-10-01,5182947
quote,2019-10-02,3867921
quote,2019-10-03,3514634
quote,2019-10-04,3773788
quote,2019-10-05,3268052
quote,2019-10-06,3964762
quote,2019-10-07,5029404
quote,2019-10-08,4030621
quote,2019-10-09,4407795
quote,2019-10-10,3830511
quote,2019-10-11,4001680
quote,2019-10-12,2959050
quote,2019-10-13,3111817
quote,2019-10-14,3247203
quote,2019-10-15,3513692
quote,2019-10-16,3477760
quote,2019-10-17,3200729
quote,2019-10-18,3318519
quote,2019-10-19,3395786
quote,2019-10-20,3809717
quote,2019-10-21,3351543
quote,2019-10-22,3584078
quote,2019-10-23,4492154
quote,2019-10-24,3827449
quote,2019-10-25,5543849
quote,2019-10-26,7473239
quote,2019-10-27,6566052
quote,2019-10-28,6478011
quote,2019-10-29,5490165
quote,2019-10-30,5357707
quote,2019-10-31,5160978
quote,2019-11-01,4602138
quote,2019-11-02,3326625
quote,2019-11-03,3338339
quote,2019-11-04,3839880
quote,2019-11-05,4404579
quote,2019-11-06,3550143
quote,2019-11-07,3352199
quote,2019-11-08,4447930
quote,2019-11-09,3449411
quote,2019-11-10,3411254
quote,2019-11-11,3876349
quote,2019-11-12,3623971
quote,2019-11-13,2846343
quote,2019-11-14,3261665
quote,2019-11-15,3919129
quote,2019-11-16,2564217
quote,2019-11-17,2746189
quote,2019-11-18,3599907
quote,2019-11-19,3680887
quote,2019-11-20,3166191
quote,2019-11-21,4047262
quote,2019-11-22,6389441
quote,2019-11-23,4815570
quote,2019-11-24,5092485
quote,2019-11-25,7242555
quote,2019-11-26,5552664
quote,2019-11-27,6063452
quote,2019-11-28,4595808
quote,2019-11-29,4727342
quote,2019-11-30,3963311
quote,2019-12-01,5248984
quote,2019-12-02,4577873
quote,2019-12-03,3398839
quote,2019-12-04,5068384
quote,2019-12-05,5129991
quote,2019-12-06,4253375
quote,2019-12-07,3271047
quote,2019-12-08,2989182
quote,2019-12-09,3768342
quote,2019-12-10,3316975
quote,2019-12-11,2671433
quote,2019-12-12,3169523
quote,2019-12-13,2363260
quote,2019-12-14,2518168
quote,2019-12-15,2624708
quote,2019-12-16,2812677
quote,2019-12-17,3504467
quote,2019-12-18,5296450
quote,2019-12-19,4041401
quote,2019-12-20,2900229
quote,2019-12-21,2068602
quote,2019-12-22,3237672
quote,2019-12-23,4285177
quote,2019-12-24,3684526
quote,2019-12-25,3004593
quote,2019-12-26,3204933
quote,2019-12-27,2902119
quote,2019-12-28,3023887
quote,2019-12-29,3265096
quote,2019-12-30,3020615
quote,2019-12-31,2615374
quote,2020-01-01,2297042
quote,2020-01-02,2961933
quote,2020-01-03,4762025
quote,2020-01-04,3036729
quote,2020-01-05,3462340
quote,2020-01-06,4259140
quote,2020-01-07,5568171
quote,2020-01-08,6469564
quote,2020-01-09,5019505
quote,2020-01-10,5963754
quote,2020-01-11,5431254
quote,2020-01-12,4278644
quote,2020-01-13,3262953
quote,2020-01-14,7262277
quote,2020-01-15,6317572
quote,2020-01-16,5029282
quote,2020-01-17,5872245
quote,2020-01-18,4853487
quote,2020-01-19,5074326
quote,2020-01-20,4070409
quote,2020-01-21,3440346
quote,2020-01-22,2655764
quote,2020-01-23,4115865
quote,2020-01-24,4103559
quote,2020-01-25,3122031
quote,2020-01-26,3546197
quote,2020-01-27,4526242
quote,2020-01-28,5285320
quote,2020-01-29,4628447
quote,2020-01-30,4775970
quote,2020-01-31,3729494
quote,2020-02-01,3482609
quote,2020-02-02,4006929
quote,2020-02-03,3735375
quote,2020-02-04,3764891
quote,2020-02-05,4474217
quote,2020-02-06,4737663
quote,2020-02-07,4170860
quote,2020-02-08,4098809
quote,2020-02-09,3972730
quote,2020-02-10,4821120
quote,2020-02-11,4696423
quote,2020-02-12,5353028
quote,2020-02-13,6057950
quote,2020-02-14,4981199
quote,2020-02-15,4630958
quote,2020-02-16,5729759
quote,2020-02-17,6663664
quote,2020-02-18,6049844
quote,2020-02-19,4808964
quote,2020-02-20,5392842
quote,2020-02-21,4547817
quote,2020-02-22,3590710
quote,2020-02-23,3783428
quote,2020-02-24,4870981
quote,2020-02-25,4969102
quote,2020-02-26,6558836
quote,2020-02-27,6377383
quote,2020-02-28,6464202
quote,2020-02-29,4429899
quote,2020-03-01,5538356
quote,2020-03-02,5052038
quote,2020-03-03,4755069
quote,2020-03-04,4078986
quote,2020-03-05,4568073
quote,2020-03-06,3838026
quote,2020-03-07,3618340
quote,2020-03-08,5153279
quote,2020-03-09,7683893
quote,2020-03-10,5480371
quote,2020-03-11,5427133
quote,2020-03-12,7932089
quote,2020-03-13,5116129
quote,2020-03-14,4110520
quote,2020-03-15,3949518
quote,2020-03-16,5949606
quote,2020-03-17,5432845
quote,2020-03-18,5219268
quote,2020-03-19,6007688
quote,2020-03-20,7567030
quote,2020-03-21,6851176
quote,2020-03-22,6612976
quote,2020-03-23,6640648
quote,2020-03-24,6570245
quote,2020-03-25,6232065
quote,2020-03-26,4950164
quote,2020-03-27,4313744
quote,2020-03-28,4609406
quote,2020-03-29,3819803
quote,2020-03-30,4937110
quote,2020-03-31,4432911
quote,2020-04-01,4686372
quote,2020-04-02,6022215
quote,2020-04-03,5613765
quote,2020-04-04,4733859
quote,2020-04-05,3958543
quote,2020-04-06,6333114
quote,2020-04-07,6444533
quote,2020-04-08,6141110
quote,2020-04-09,5038888
quote,2020-04-10,5891682
quote,2020-04-11,4002681
quote,2020-04-12,4474134
quote,2020-04-13,5957864
quote,2020-04-14,5073300
quote,2020-04-15,4471691
quote,2020-04-16,6949414
quote,2020-04-17,4319104
quote,2020-04-18,3805673
quote,2020-04-19,3710610
quote,2020-04-20,5516606
quote,2020-04-21,4980519
quote,2020-04-22,4385239
quote,2020-04-23,5391607
quote,2020-04-24,4533607
quote,2020-04-25,4247632
quote,2020-04-26,4357387
quote,2020-04-27,5064661
quote,2020-04-28,4388724
quote,2020-04-29,7878228
quote,2020-04-30,10389836
quote,2020-05-01,8344183
quote,2020-05-02,6616437
quote,2020-05-03,7802142
quote,2020-05-04,8240509
quote,2020-05-05,7378819
quote,2020-05-06,7786472
quote,2020-05-07,8759999
quote,2020-05-08,8455812
quote,2020-05-09,8899490
quote,2020-05-10,11168191
quote,2020-05-11,11167989
quote,2020-05-12,10372925
quote,2020-05-13,9156207
quote,2020-05-14,8871599
quote,2020-05-15,10768413
quote,2020-05-16,9669752
quote,2020-05-17,9048089
quote,2020-05-18,9293083
quote,2020-05-19,7937715
quote,2020-05-20,7801963
quote,2020-05-21,8982751
quote,2020-05-22,8154939
quote,2020-05-23,6970484
quote,2020-05-24,7546376
quote,2020-05-25,8018418
quote,2020-05-26,6760183
quote,2020-05-27,5780270
quote,2020-05-28,6486150
quote,2020-05-29,6518396
quote,2020-05-30,6923608
quote,2020-05-31,7004849
quote,2020-06-01,6494453
quote,2020-06-02,6961729
quote,2020-06-03,5993416
quote,2020-06-04,6709618
quote,2020-06-05,6370620
quote,2020-06-06,4787326
quote,2020-06-07,5827130
quote,2020-06-08,3610224
quote,2020-06-09,3957561
quote,2020-06-10,3691106
quote,2020-06-11,5452813
quote,2020-06-12,4965922
quote,2020-06-13,4445104
quote,2020-06-14,3737543
quote,2020-06-15,6114371
quote,2020-06-16,3851139
quote,2020-06-17,3523997
quote,2020-06-18,2627962
quote,2020-06-19,3156022
quote,2020-06-20,2468975
quote,2020-06-21,2262184
quote,2020-06-22,2875130
quote,2020-06-23,2604571
quote,2020-06-24,2899723
quote,2020-06-25,2799511
quote,2020-06-26,2784869
quote,2020-06-27,2470393
quote,2020-06-28,2288501
quote,2020-06-29,2440292
quote,2020-06-30,2031678
quote,2020-07-01,2135542
quote,2020-07-02,2410252
quote,2020-07-03,1776548
quote,2020-07-04,1673441
quote,2020-07-05,2047079
quote,2020-07-06,2557850
quote,2020-07-07,2088190
quote,2020-07-08,2648979
quote,2020-07-09,2637396
quote,2020-07-10,2164907
quote,2020-07-11,1668634
quote,2020-07-12,1984664
quote,2020-07-13,2345157
quote,2020-07-14,2107009
quote,2020-07-15,1730514
quote,2020-07-16,2137490
quote,2020-07-17,1445162
quote,2020-07-18,1254045
quote,2020-07-19,1300591
quote,2020-07-20,1331966
quote,2020-07-21,1968017
quote,2020-07-22,1722301
quote,2020-07-23,2370513
quote,2020-07-24,2448272
quote,2020-07-25,2832076
quote,2020-07-26,3345716
quote,2020-07-27,6380127
quote,2020-07-28,6073802
quote,2020-07-29,4610747
quote,2020-07-30,3866889
quote,2020-07-31,4170897
quote,2020-08-01,5106723
quote,2020-08-02,6126940
quote,2020-08-03,4314810
quote,2020-08-04,4041206
quote,2020-08-05,4207983
quote,2020-08-06,3738215
quote,2020-08-07,4134124
quote,2020-08-08,3000669
quote,2020-08-09,2857146
quote,2020-08-10,3712417
quote,2020-08-11,4603761
quote,2020-08-12,3834083
quote,2020-08-13,4093675
quote,2020-08-14,3372247
quote,2020-08-15,3643599
quote,2020-08-16,3277393
quote,2020-08-17,4202802
quote,2020-08-18,4245928
quote,2020-08-19,5080694
quote,2020-08-20,2960216
quote,2020-08-21,4000361
quote,2020-08-22,3341782
quote,2020-08-23,2774614
quote,2020-08-24,2973564
quote,2020-08-25,4493165
quote,2020-08-26,3718338
quote,2020-08-27,4318132
quote,2020-08-28,3296711
quote,2020-08-29,2658482
quote,2020-08-30,2938788
quote,2020-08-31,3300470
quote,2020-09-01,4823305
quote,2020-09-02,5499196
quote,2020-09-03,6656059
quote,2020-09-04,6254894
quote,2020-09-05,8036036
quote,2020-09-06,6211265
quote,2020-09-07,5899199
quote,2020-09-08,5891727
quote,2020-09-09,4231850
quote,2020-09-10,4575932
quote,2020-09-11,3971353
quote,2020-09-12,3345248
quote,2020-09-13,3751237
quote,2020-09-14,4398840
quote,2020-09-15,4777880
quote,2020-09-16,5204206
quote,2020-09-17,4738639
quote,2020-09-18,4124999
quote,2020-09-19,3265698
quote,2020-09-20,3641853
quote,2020-09-21,5642452
quote,2020-09-22,4172345
quote,2020-09-23,4098112
quote,2020-09-24,4186236
quote,2020-09-25,3535832
quote,2020-09-26,2931676
quote,2020-09-27,2951791
quote,2020-09-28,3343939
quote,2020-09-29,3149982
quote,2020-09-30,2907426
quote,2020-10-01,3561242
quote,2020-10-02,3179635
quote,2020-10-03,1666658
quote,2020-10-04,1684819
quote,2020-10-05,1896278
quote,2020-10-06,2315445
quote,2020-10-07,1657823
quote,2020-10-08,2039910
quote,2020-10-09,2028662
quote,2020-10-10,2250495
quote,2020-10-11,2009259
quote,2020-10-12,2453675
quote,2020-10-13,2557199
quote,2020-10-14,2246793
quote,2020-10-15,2336666
quote,2020-10-16,2556925
quote,2020-10-17,1623116
quote,2020-10-18,1450391
quote,2020-10-19,2332710
quote,2020-10-20,3085600
quote,2020-10-21,4355891
quote,2020-10-22,4062742
quote,2020-10-23,2923145
quote,2020-10-24,2501039
quote,2020-10-25,2683017
quote,2020-10-26,3384638
quote,2020-10-27,3772643
quote,2020-10-28,4833895
quote,2020-10-29,4262681
quote,2020-10-30,5017150
quote,2020-10-31,4422937
quote,2020-11-01,3749375
quote,2020-11-02,4549137
quote,2020-11-03,4657531
quote,2020-11-04,5388525
quote,2020-11-05,5394779
quote,2020-11-06,5831773
quote,2020-11-07,5471243
quote,2020-11-08,4164171
quote,2020-11-09,5207198
quote,2020-11-10,4180011
quote,2020-11-11,4404134
quote,2020-11-12,4786211
quote,2020-11-13,3971064
quote,2020-11-14,3692726
quote,2020-11-15,3417305
quote,2020-11-16,3960822
quote,2020-11-17,4903000
quote,2020-11-18,6143079
quote,2020-11-19,4937249
quote,2020-11-20,4941270
quote,2020-11-21,5371104
quote,2020-11-22,5874376
quote,2020-11-23,5944561
quote,2020-11-24,6692617
quote,2020-11-25,6042568
quote,2020-11-26,7630088
quote,2020-11-27,5330022
quote,2020-11-28,4063723
quote,2020-11-29,4086220
quote,2020-11-30,5444944
quote,2020-12-01,6106419
quote,2020-12-02,5336043
quote,2020-12-03,4009469
quote,2020-12-04,4878990
quote,2020-12-05,4155775
quote,2020-12-06,3814053
quote,2020-12-07,3478445
quote,2020-12-08,4083353
quote,2020-12-09,5133075
quote,2020-12-10,3948339
quote,2020-12-11,4615104
quote,2020-12-12,3304507
quote,2020-12-13,3500419
quote,2020-12-14,3206705
quote,2020-12-15,3513735
quote,2020-12-16,5152287
quote,2020-12-17,7696357
quote,2020-12-18,5468450
quote,2020-12-19,4917773
quote,2020-12-20,5060799
quote,2020-12-21,6166526
quote,2020-12-22,6167794
quote,2020-12-23,7204607
quote,2020-12-24,6474667
quote,2020-12-25,5507787
quote,2020-12-26,5326615
quote,2020-12-27,6293463
quote,2020-12-28,5067917
quote,2020-12-29,4748738
quote,2020-12-30,5274131
quote,2020-12-31,4473064
quote,2021-01-01,3472184
quote,2021-01-02,4975866
quote,2021-01-03,6778960
quote,2021-01-04,7167490
quote,2021-01-05,6765891
quote,2021-01-06,6336563
quote,2021-01-07,7142443
quote,2021-01-08,7283652
quote,2021-01-09,6071611
quote,2021-01-10,6532322
quote,2021-01-11,8596022
quote,2021-01-12,7096728
quote,2021-01-13,6580337
quote,2021-01-14,6095204
quote,2021-01-15,6839375
quote,2021-01-16,6432827
quote,2021-01-17,6149357
quote,2021-01-18,5556306
quote,2021-01-19,5772473
quote,2021-01-20,6524969
quote,2021-01-21,7551168
quote,2021-01-22,6522880
quote,2021-01-23,4978374
quote,2021-01-24,4753077
quote,2021-01-25,5585786
quote,2021-01-26,5805849
quote,2021-01-27,6202125
quote,2021-01-28,5654050
quote,2021-01-29,6722570
quote,2021-01-30,5203129
quote,2021-01-31,5121028
quote,2021-02-01,5684673
quote,2021-02-02,5690152
quote,2021-02-03,5681009
quote,2021-02-04,6907224
quote,2021-02-05,6367453
quote,2021-02-06,6590421
quote,2021-02-07,6912212
quote,2021-02-08,6942787
quote,2021-02-09,7352521
quote,2021-02-10,7166618
quote,2021-02-11,6390464
quote,2021-02-12,6365960
quote,2021-02-13,6333495
quote,2021-02-14,5823064
quote,2021-02-15,5867391
quote,2021-02-16,5828182
quote,2021-02-17,5603139
quote,2021-02-18,4637034
quote,2021-02-19,4996978
quote,2021-02-20,5936913
quote,2021-02-21,5473965
quote,2021-02-22,7515054
quote,2021-02-23,8815098
quote,2021-02-24,6842942
quote,2021-02-25,6310447
quote,2021-02-26,6978477
quote,2021-02-27,5183823
quote,2021-02-28,6273958
quote,2021-03-01,5263336
quote,2021-03-02,5325531
quote,2021-03-03,5469190
quote,2021-03-04,6501074
quote,2021-03-05,6040003
quote,2021-03-06,4375594
quote,2021-03-07,4292755
quote,2021-03-08,5089607
quote,2021-03-09,4693554
quote,2021-03-10,5537030
quote,2021-03-11,5378931
quote,2021-03-12,5608003
quote,2021-03-13,5312424
quote,2021-03-14,4923469
quote,2021-03-15,6120486
quote,2021-03-16,5993794
quote,2021-03-17,5459440
quote,2021-03-18,4750520
quote,2021-03-19,4593433
quote,2021-03-20,4631815
quote,2021-03-21,4683367
quote,2021-03-22,5970508
quote,2021-03-23,6204114
quote,2021-03-24,6606245
quote,2021-03-25,7596255
quote,2021-03-26,5207695
quote,2021-03-27,4337905
quote,2021-03-28,3884110
quote,2021-03-29,4568120
quote,2021-03-30,4132516
quote,2021-03-31,5120773
quote,2021-04-01,4793383
quote,2021-04-02,4708338
quote,2021-04-03,4987603
quote,2021-04-04,3961612
quote,2021-04-05,5431952
quote,2021-04-06,5948470
quote,2021-04-07,6723500
quote,2021-04-08,4557010
quote,2021-04-09,4189167
quote,2021-04-10,5090469
quote,2021-04-11,5201206
quote,2021-04-12,5146016
quote,2021-04-13,6092019
quote,2021-04-14,7071989
quote,2021-04-15,5769813
quote,2021-04-16,6904738
quote,2021-04-17,5888101
quote,2021-04-18,7604240
quote,2021-04-19,6540819
quote,2021-04-20,7303285
quote,2021-04-21,6815374
quote,2021-04-22,8274006
quote,2021-04-23,8924447
quote,2021-04-24,6601928
quote,2021-04-25,5627656
quote,2021-04-26,6445339
quote,2021-04-27,5487873
quote,2021-04-28,5795771
quote,2021-04-29,5081429
quote,2021-04-30,5103510
quote,2021-05-01,4512834
quote,2021-05-02,4246620
quote,2021-05-03,5271392
quote,2021-05-04,7769190
quote,2021-05-05,7590507
quote,2021-05-06,7324472
quote,2021-05-07,7292388
quote,2021-05-08,6351742
quote,2021-05-09,6607423
quote,2021-05-10,7731305
quote,2021-05-11,7748695
quote,2021-05-12,8197602
quote,2021-05-13,9596784
quote,2021-05-14,7432606
quote,2021-05-15,8613004
quote,2021-05-16,8706308
quote,2021-05-17,9999238
quote,2021-05-18,8872470
quote,2021-05-19,10185507
quote,2021-05-20,8834579
quote,2021-05-21,8894375
quote,2021-05-22,9039043
quote,2021-05-23,9740502
quote,2021-05-24,9207199
quote,2021-05-25,9572114
quote,2021-05-26,8434663
quote,2021-05-27,7572916
quote,2021-05-28,8996879
quote,2021-05-29,8117841
quote,2021-05-30,6804529
quote,2021-05-31,6860790
quote,2021-06-01,6612983
quote,2021-06-02,5375073
quote,2021-06-03,5777009
quote,2021-06-04,6883746
quote,2021-06-05,5726501
quote,2021-06-06,4069481
quote,2021-06-07,4890103
quote,2021-06-08,6415177
quote,2021-06-09,6243012
quote,2021-06-10,5070881
quote,2021-06-11,4718288
quote,2021-06-12,4881502
quote,2021-06-13,4127114
quote,2021-06-14,4693877
quote,2021-06-15,4864673
quote,2021-06-16,5594571
quote,2021-06-17,4635425
quote,2021-06-18,5479333
quote,2021-06-19,4467558
quote,2021-06-20,5736183
quote,2021-06-21,9026162
quote,2021-06-22,9657333
quote,2021-06-23,7854830
quote,2021-06-24,6700398
quote,2021-06-25,7722389
quote,2021-06-26,7093334
quote,2021-06-27,6103487
quote,2021-06-28,5774544
quote,2021-06-29,5804693
quote,2021-06-30,5873913
quote,2021-07-01,5903014
quote,2021-07-02,5604067
quote,2021-07-03,3865126
quote,2021-07-04,3928878
quote,2021-07-05,4976105
quote,2021-07-06,5145803
quote,2021-07-07,4378173
quote,2021-07-08,5500367
quote,2021-07-09,5262320
quote,2021-07-10,4458009
quote,2021-07-11,3632813
quote,2021-07-12,4716767
quote,2021-07-13,5217693
quote,2021-07-14,5602724
quote,2021-07-15,5701460
quote,2021-07-16,5327688
quote,2021-07-17,4724323
quote,2021-07-18,4111006
quote,2021-07-19,4550834
quote,2021-07-20,5706690
quote,2021-07-21,5397510
quote,2021-07-22,5153996
quote,2021-07-23,4964526
quote,2021-07-24,4355330
quote,2021-07-25,4343629
quote,2021-07-26,8056362
quote,2021-07-27,6423569
quote,2021-07-28,6944146
quote,2021-07-29,5004825
quote,2021-07-30,5153163
quote,2021-07-31,4428191
quote,2021-08-01,5666141
quote,2021-08-02,5249020
quote,2021-08-03,5679730
quote,2021-08-04,4813288
quote,2021-08-05,5598360
quote,2021-08-06,5479293
quote,2021-08-07,6762299
quote,2021-08-08,6605418
quote,2021-08-09,7058782
quote,2021-08-10,5875621
quote,2021-08-11,6095236
quote,2021-08-12,5639719
quote,2021-08-13,5005352
quote,2021-08-14,5037927
quote,2021-08-15,5204723
quote,2021-08-16,5789656
quote,2021-08-17,7480608
quote,2021-08-18,6928594
quote,2021-08-19,6999852
quote,2021-08-20,6133348
quote,2021-08-21,5907946
quote,2021-08-22,5865222
quote,2021-08-23,6046544
quote,2021-08-24,6278411
quote,2021-08-25,7023145
quote,2021-08-26,6860745
quote,2021-08-27,7099010
quote,2021-08-28,6263395
quote,2021-08-29,6177476
quote,2021-08-30,6567945
quote,2021-08-31,7204281
quote,2021-09-01,7073210
quote,2021-09-02,6777924
quote,2021-09-03,7324215
quote,2021-09-04,6250991
quote,2021-09-05,6214770
quote,2021-09-06,6285171
quote,2021-09-07,9645833
quote,2021-09-08,8761990
quote,2021-09-09,7155068
quote,2021-09-10,7175515
quote,2021-09-11,5908371
quote,2021-09-12,5718234
quote,2021-09-13,7583682
quote,2021-09-14,6611234
quote,2021-09-15,5964766
quote,2021-09-16,6605379
quote,2021-09-17,6760397
quote,2021-09-18,5984118
quote,2021-09-19,5361136
quote,2021-09-20,9194624
quote,2021-09-21,9095218
quote,2021-09-22,8207333
quote,2021-09-23,7115118
quote,2021-09-24,7828095
quote,2021-09-25,6133099
quote,2021-09-26,6813959
quote,2021-09-27,6114482
quote,2021-09-28,6453357
quote,2021-09-29,5500397
quote,2021-09-30,5232236
quote,2021-10-01,5889122
quote,2021-10-02,4520561
quote,2021-10-03,4306100
quote,2021-10-04,5790163
quote,2021-10-05,5544363
quote,2021-10-06,6279501
quote,2021-10-07,5951536
quote,2021-10-08,5316311
quote,2021-10-09,4308069
quote,2021-10-10,4994528
quote,2021-10-11,5129171
quote,2021-10-12,6263273
quote,2021-10-13,5655985
quote,2021-10-14,4615155
quote,2021-10-15,6394438
quote,2021-10-16,4511236
quote,2021-10-17,4781846
quote,2021-10-18,5588082
quote,2021-10-19,4916960
quote,2021-10-20,4987494
quote,2021-10-21,8191600
quote,2021-10-22,6458156
quote,2021-10-23,4757775
quote,2021-10-24,5464749
quote,2021-10-25,5180548
quote,2021-10-26,5234013
quote,2021-10-27,8095452
quote,2021-10-28,7599319
quote,2021-10-29,6235078
quote,2021-10-30,4919478
quote,2021-10-31,6369516
quote,2021-11-01,6313052
quote,2021-11-02,5660295
quote,2021-11-03,5746896
quote,2021-11-04,5729648
quote,2021-11-05,4714199
quote,2021-11-06,4193230
quote,2021-11-07,3538703
quote,2021-11-08,5895134
quote,2021-11-09,6168155
quote,2021-11-10,7836609
quote,2021-11-11,6740136
quote,2021-11-12,7457291
quote,2021-11-13,4872848
quote,2021-11-14,5147507
quote,2021-11-15,5650106
quote,2021-11-16,9337184
quote,2021-11-17,8119944
quote,2021-11-18,9163167
quote,2021-11-19,7842905
quote,2021-11-20,5784443
quote,2021-11-21,6523899
quote,2021-11-22,8214764
quote,2021-11-23,8114742
quote,2021-11-24,7586668
quote,2021-11-25,7825450
quote,2021-11-26,10103196
quote,2021-11-27,6858034
quote,2021-11-28,8131299
quote,2021-11-29,8120829
quote,2021-11-30,8754690
quote,2021-12-01,6926606
quote,2021-12-02,7636002
quote,2021-12-03,8022046
quote,2021-12-04,11265922
quote,2021-12-05,9309582
quote,2021-12-06,9967481
quote,2021-12-07,7565538
quote,2021-12-08,7145565
quote,2021-12-09,7979670
quote,2021-12-10,8387642
quote,2021-12-11,7712805
quote,2021-12-12,5551609
quote,2021-12-13,8259529
quote,2021-12-14,8804648
quote,2021-12-15,8674054
quote,2021-12-16,7032254
quote,2021-12-17,8281724
quote,2021-12-18,6973719
quote,2021-12-19,6575661
quote,2021-12-20,8309826
quote,2021-12-21,7906409
quote,2021-12-22,8144381
quote,2021-12-23,9401269
quote,2021-12-24,8253798
quote,2021-12-25,7297483
quote,2021-12-26,7314982
quote,2021-12-27,7852358
quote,2021-12-28,9357921
quote,2021-12-29,8425878
quote,2021-12-30,8410954
quote,2021-12-31,7012214
settlement,2015-05-01,2
settlement,2015-05-02,2
settlement,2015-05-03,2
settlement,2015-05-04,2
settlement,2015-05-05,2
settlement,2015-05-06,2
settlement,2015-05-07,2
settlement,2015-05-08,2
settlement,2015-05-09,2
settlement,2015-05-10,2
settlement,2015-05-11,2
settlement,2015-05-12,3
settlement,2015-05-13,3
settlement,2015-05-14,3
settlement,2015-05-15,3
settlement,2015-05-16,3
settlement,2015-05-17,3
settlement,2015-05-18,3
settlement,2015-05-19,3
settlement,2015-05-20,3
settlement,2015-05-21,3
settlement,2015-05-22,3
settlement,2015-05-23,3
settlement,2015-05-24,3
settlement,2015-05-25,2
settlement,2015-05-26,3
settlement,2015-05-27,2
settlement,2015-05-28,3
settlement,2015-05-29,6
settlement,2015-05-30,3
settlement,2015-05-31,3
settlement,2015-06-01,3
settlement,2015-06-02,3
settlement,2015-06-03,3
settlement,2015-06-04,3
settlement,2015-06-05,4
settlement,2015-06-06,3
settlement,2015-06-07,3
settlement,2015-06-08,3
settlement,2015-06-09,3
settlement,2015-06-10,3
settlement,2015-06-11,3
settlement,2015-06-12,4
settlement,2015-06-13,3
settlement,2015-06-14,3
settlement,2015-06-15,3
settlement,2015-06-16,3
settlement,2015-06-17,3
settlement,2015-06-18,2
settlement,2015-06-19,3
settlement,2015-06-20,3
settlement,2015-06-21,3
settlement,2015-06-22,3
settlement,2015-06-23,3
settlement,2015-06-24,3
settlement,2015-06-25,3
settlement,2015-06-26,6
settlement,2015-06-27,3
settlement,2015-06-28,3
settlement,2015-06-29,2
settlement,2015-06-30,3
settlement,2015-07-01,3
settlement,2015-07-02,3
settlement,2015-07-03,4
settlement,2015-07-04,3
settlement,2015-07-05,3
settlement,2015-07-06,3
settlement,2015-07-07,3
settlement,2015-07-08,3
settlement,2015-07-09,3
settlement,2015-07-10,4
settlement,2015-07-11,3
settlement,2015-07-12,2
settlement,2015-07-13,2
settlement,2015-07-14,3
settlement,2015-07-15,3
settlement,2015-07-16,3
settlement,2015-07-17,2
settlement,2015-07-18,2
settlement,2015-07-19,3
settlement,2015-07-20,3
settlement,2015-07-21,3
settlement,2015-07-22,2
settlement,2015-07-23,3
settlement,2015-07-24,4
settlement,2015-07-25,3
settlement,2015-07-26,2
settlement,2015-07-27,3
settlement,2015-07-28,3
settlement,2015-07-29,3
settlement,2015-07-30,2
settlement,2015-07-31,9
settlement,2015-08-01,3
settlement,2015-08-02,3
settlement,2015-08-03,2
settlement,2015-08-04,3
settlement,2015-08-05,3
settlement,2015-08-06,3
settlement,2015-08-07,9
settlement,2015-08-08,2
settlement,2015-08-09,3
settlement,2015-08-10,3
settlement,2015-08-11,2
settlement,2015-08-12,3
settlement,2015-08-13,2
settlement,2015-08-14,8
settlement,2015-08-16,3
settlement,2015-08-17,3
settlement,2015-08-18,3
settlement,2015-08-19,3
settlement,2015-08-20,3
settlement,2015-08-21,10
settlement,2015-08-22,2
settlement,2015-08-23,3
settlement,2015-08-24,3
settlement,2015-08-25,2
settlement,2015-08-26,2
settlement,2015-08-27,2
settlement,2015-08-28,10
settlement,2015-08-29,3
settlement,2015-08-30,3
settlement,2015-08-31,3
settlement,2015-09-01,3
settlement,2015-09-02,2
settlement,2015-09-03,2
settlement,2015-09-04,10
settlement,2015-09-05,2
settlement,2015-09-06,3
settlement,2015-09-08,2
settlement,2015-09-09,2
settlement,2015-09-10,2
settlement,2015-09-11,8
settlement,2015-09-12,3
settlement,2015-09-13,2
settlement,2015-09-14,3
settlement,2015-09-15,2
settlement,2015-09-16,2
settlement,2015-09-17,2
settlement,2015-09-18,8
settlement,2015-09-19,2
settlement,2015-09-20,2
settlement,2015-09-21,2
settlement,2015-09-22,2
settlement,2015-09-23,2
settlement,2015-09-25,9
settlement,2015-09-26,2
settlement,2015-09-27,2
settlement,2015-09-28,2
settlement,2015-09-29,2
settlement,2015-09-30,2
settlement,2015-10-01,2
settlement,2015-10-02,8
settlement,2015-10-03,2
settlement,2015-10-04,2
settlement,2015-10-05,2
settlement,2015-10-06,2
settlement,2015-10-07,2
settlement,2015-10-08,2
settlement,2015-10-09,8
settlement,2015-10-10,2
settlement,2015-10-11,2
settlement,2015-10-12,2
settlement,2015-10-13,2
settlement,2015-10-14,2
settlement,2015-10-15,2
settlement,2015-10-16,8
settlement,2015-10-17,2
settlement,2015-10-18,2
settlement,2015-10-19,2
settlement,2015-10-20,2
settlement,2015-10-21,2
settlement,2015-10-22,2
settlement,2015-10-23,8
settlement,2015-10-24,2
settlement,2015-10-25,2
settlement,2015-10-26,2
settlement,2015-10-27,2
settlement,2015-10-28,2
settlement,2015-10-29,2
settlement,2015-10-30,8
settlement,2015-10-31,2
settlement,2015-11-01,2
settlement,2015-11-02,2
settlement,2015-11-03,2
settlement,2015-11-04,2
settlement,2015-11-05,2
settlement,2015-11-06,7
settlement,2015-11-07,2
settlement,2015-11-08,2
settlement,2015-11-09,2
settlement,2015-11-10,2
settlement,2015-11-11,2
settlement,2015-11-12,2
settlement,2015-11-13,7
settlement,2015-11-14,2
settlement,2015-11-15,2
settlement,2015-11-16,2
settlement,2015-11-17,2
settlement,2015-11-18,2
settlement,2015-11-19,2
settlement,2015-11-20,7
settlement,2015-11-21,2
settlement,2015-11-22,2
settlement,2015-11-23,2
settlement,2015-11-24,2
settlement,2015-11-25,2
settlement,2015-11-26,2
settlement,2015-11-27,7
settlement,2015-11-28,2
settlement,2015-11-29,2
settlement,2015-11-30,2
settlement,2015-12-01,2
settlement,2015-12-02,2
settlement,2015-12-03,2
settlement,2015-12-04,7
settlement,2015-12-05,2
settlement,2015-12-06,2
settlement,2015-12-07,2
settlement,2015-12-08,2
settlement,2015-12-09,2
settlement,2015-12-10,2
settlement,2015-12-11,7
settlement,2015-12-12,2
settlement,2015-12-13,2
settlement,2015-12-14,2
settlement,2015-12-15,2
settlement,2015-12-16,2
settlement,2015-12-17,2
settlement,2015-12-18,7
settlement,2015-12-19,2
settlement,2015-12-20,2
settlement,2015-12-21,2
settlement,2015-12-22,2
settlement,2015-12-23,2
settlement,2015-12-24,2
settlement,2015-12-25,8
settlement,2015-12-26,2
settlement,2015-12-27,2
settlement,2015-12-28,2
settlement,2015-12-29,2
settlement,2015-12-30,2
settlement,2015-12-31,2
settlement,2016-01-01,8
settlement,2016-01-02,2
settlement,2016-01-03,2
settlement,2016-01-04,2
settlement,2016-01-05,2
settlement,2016-01-06,2
settlement,2016-01-07,2
settlement,2016-01-08,8
settlement,2016-01-09,2
settlement,2016-01-10,2
settlement,2016-01-11,2
settlement,2016-01-12,2
settlement,2016-01-13,2
settlement,2016-01-14,2
settlement,2016-01-15,8
settlement,2016-01-16,2
settlement,2016-01-17,2
settlement,2016-01-18,2
settlement,2016-01-19,2
settlement,2016-01-20,2
settlement,2016-01-21,2
settlement,2016-01-22,8
settlement,2016-01-23,2
settlement,2016-01-24,2
settlement,2016-01-25,2
settlement,2016-01-26,2
settlement,2016-01-27,2
settlement,2016-01-28,2
settlement,2016-01-29,8
settlement,2016-01-30,2
settlement,2016-01-31,2
settlement,2016-02-01,2
settlement,2016-02-02,2
settlement,2016-02-03,2
settlement,2016-02-04,2
settlement,2016-02-05,8
settlement,2016-02-06,2
settlement,2016-02-07,2
settlement,2016-02-08,2
settlement,2016-02-09,2
settlement,2016-02-10,2
settlement,2016-02-11,2
settlement,2016-02-12,8
settlement,2016-02-13,2
settlement,2016-02-14,2
settlement,2016-02-15,2
settlement,2016-02-16,2
settlement,2016-02-17,2
settlement,2016-02-18,2
settlement,2016-02-19,9
settlement,2016-02-20,2
settlement,2016-02-21,2
settlement,2016-02-22,2
settlement,2016-02-23,2
settlement,2016-02-24,2
settlement,2016-02-25,2
settlement,2016-02-26,9
settlement,2016-02-27,2
settlement,2016-02-28,2
settlement,2016-02-29,2
settlement,2016-03-01,2
settlement,2016-03-02,2
settlement,2016-03-03,2
settlement,2016-03-04,8
settlement,2016-03-05,2
settlement,2016-03-06,2
settlement,2016-03-07,2
settlement,2016-03-08,2
settlement,2016-03-09,2
settlement,2016-03-10,2
settlement,2016-03-11,8
settlement,2016-03-12,2
settlement,2016-03-13,2
settlement,2016-03-14,2
settlement,2016-03-15,2
settlement,2016-03-16,2
settlement,2016-03-17,2
settlement,2016-03-18,9
settlement,2016-03-19,2
settlement,2016-03-20,2
settlement,2016-03-21,2
settlement,2016-03-22,2
settlement,2016-03-23,2
settlement,2016-03-24,2
settlement,2016-03-25,10
settlement,2016-03-26,2
settlement,2016-03-27,2
settlement,2016-03-28,2
settlement,2016-03-29,2
settlement,2016-03-30,3
settlement,2016-03-31,2
settlement,2016-04-01,9
settlement,2016-04-02,2
settlement,2016-04-03,2
settlement,2016-04-04,2
settlement,2016-04-05,3
settlement,2016-04-06,3
settlement,2016-04-07,3
settlement,2016-04-08,10
settlement,2016-04-09,3
settlement,2016-04-10,3
settlement,2016-04-11,3
settlement,2016-04-12,3
settlement,2016-04-13,3
settlement,2016-04-14,3
settlement,2016-04-15,10
settlement,2016-04-16,3
settlement,2016-04-17,3
settlement,2016-04-18,3
settlement,2016-04-19,3
settlement,2016-04-20,3
settlement,2016-04-21,3
settlement,2016-04-22,10
settlement,2016-04-23,3
settlement,2016-04-24,3
settlement,2016-04-25,3
settlement,2016-04-26,3
settlement,2016-04-27,3
settlement,2016-04-28,4
settlement,2016-04-29,10
settlement,2016-04-30,3
settlement,2016-05-01,3
settlement,2016-05-02,3
settlement,2016-05-03,3
settlement,2016-05-04,3
settlement,2016-05-05,3
settlement,2016-05-06,10
settlement,2016-05-07,3
settlement,2016-05-08,3
settlement,2016-05-09,3
settlement,2016-05-10,3
settlement,2016-05-11,3
settlement,2016-05-12,3
settlement,2016-05-13,10
settlement,2016-05-20,9
settlement,2016-05-27,9
settlement,2016-05-30,3
settlement,2016-05-31,2
settlement,2016-06-01,2
settlement,2016-06-02,2
settlement,2016-06-03,10
settlement,2016-06-04,2
settlement,2016-06-05,2
settlement,2016-06-06,2
settlement,2016-06-07,2
settlement,2016-06-08,2
settlement,2016-06-09,2
settlement,2016-06-10,10
settlement,2016-06-11,2
settlement,2016-06-12,2
settlement,2016-06-13,3
settlement,2016-06-14,3
settlement,2016-06-15,3
settlement,2016-06-16,3
settlement,2016-06-17,11
settlement,2016-06-18,3
settlement,2016-06-19,3
settlement,2016-06-20,3
settlement,2016-06-21,3
settlement,2016-06-22,3
settlement,2016-06-23,3
settlement,2016-06-24,11
settlement,2016-06-25,7
settlement,2016-06-26,7
settlement,2016-06-27,7
settlement,2016-06-28,7
settlement,2016-06-29,9
settlement,2016-06-30,8
settlement,2016-07-01,9
settlement,2016-07-02,8
settlement,2016-07-03,8
settlement,2016-07-04,8
settlement,2016-07-05,8
settlement,2016-07-06,8
settlement,2016-07-07,8
settlement,2016-07-08,9
settlement,2016-07-09,8
settlement,2016-07-10,8
settlement,2016-07-11,8
settlement,2016-07-12,8
settlement,2016-07-13,8
settlement,2016-07-14,8
settlement,2016-07-15,9
settlement,2016-07-16,8
settlement,2016-07-17,8
settlement,2016-07-18,8
settlement,2016-07-19,8
settlement,2016-07-20,8
settlement,2016-07-21,8
settlement,2016-07-22,9
settlement,2016-07-23,8
settlement,2016-07-24,8
settlement,2016-07-25,9
settlement,2016-07-26,9
settlement,2016-07-27,9
settlement,2016-07-28,10
settlement,2016-07-29,10
settlement,2016-07-30,8
settlement,2016-07-31,8
settlement,2016-08-01,8
settlement,2016-08-02,8
settlement,2016-08-03,8
settlement,2016-08-04,8
settlement,2016-08-05,10
settlement,2016-08-06,8
settlement,2016-08-07,8
settlement,2016-08-08,8
settlement,2016-08-09,8
settlement,2016-08-10,8
settlement,2016-08-11,9
settlement,2016-08-12,11
settlement,2016-08-13,9
settlement,2016-08-14,9
settlement,2016-08-15,9
settlement,2016-08-16,9
settlement,2016-08-17,9
settlement,2016-08-18,9
settlement,2016-08-19,11
settlement,2016-08-20,9
settlement,2016-08-21,9
settlement,2016-08-22,9
settlement,2016-08-23,9
settlement,2016-08-24,9
settlement,2016-08-25,9
settlement,2016-08-26,13
settlement,2016-08-27,9
settlement,2016-08-28,9
settlement,2016-08-29,9
settlement,2016-08-30,9
settlement,2016-08-31,8
settlement,2016-09-01,8
settlement,2016-09-02,11
settlement,2016-09-03,8
settlement,2016-09-04,8
settlement,2016-09-05,8
settlement,2016-09-06,8
settlement,2016-09-07,8
settlement,2016-09-08,8
settlement,2016-09-09,11
settlement,2016-09-10,8
settlement,2016-09-11,8
settlement,2016-09-12,8
settlement,2016-09-13,8
settlement,2016-09-14,8
settlement,2016-09-15,8
settlement,2016-09-16,12
settlement,2016-09-17,9
settlement,2016-09-18,9
settlement,2016-09-19,9
settlement,2016-09-20,9
settlement,2016-09-21,9
settlement,2016-09-22,9
settlement,2016-09-23,12
settlement,2016-09-24,9
settlement,2016-09-25,9
settlement,2016-09-26,9
settlement,2016-09-27,9
settlement,2016-09-28,9
settlement,2016-09-29,9
settlement,2016-09-30,13
settlement,2016-10-01,8
settlement,2016-10-02,8
settlement,2016-10-03,8
settlement,2016-10-04,2
settlement,2016-10-05,2
settlement,2016-10-06,2
settlement,2016-10-07,7
settlement,2016-10-08,2
settlement,2016-10-09,2
settlement,2016-10-10,2
settlement,2016-10-11,2
settlement,2016-10-12,2
settlement,2016-10-13,2
settlement,2016-10-14,7
settlement,2016-10-15,2
settlement,2016-10-16,2
settlement,2016-10-17,2
settlement,2016-10-18,2
settlement,2016-10-20,2
settlement,2016-10-21,7
settlement,2016-10-23,2
settlement,2016-10-24,2
settlement,2016-10-25,2
settlement,2016-10-26,2
settlement,2016-10-27,2
settlement,2016-10-28,8
settlement,2016-10-29,2
settlement,2016-10-30,2
settlement,2016-10-31,2
settlement,2016-11-01,2
settlement,2016-11-02,2
settlement,2016-11-03,2
settlement,2016-11-04,11
settlement,2016-11-05,2
settlement,2016-11-06,2
settlement,2016-11-07,2
settlement,2016-11-08,2
settlement,2016-11-09,2
settlement,2016-11-10,2
settlement,2016-11-11,10
settlement,2016-11-12,2
settlement,2016-11-13,2
settlement,2016-11-14,2
settlement,2016-11-15,2
settlement,2016-11-16,2
settlement,2016-11-17,2
settlement,2016-11-18,10
settlement,2016-11-19,2
settlement,2016-11-20,2
settlement,2016-11-21,2
settlement,2016-11-22,2
settlement,2016-11-23,2
settlement,2016-11-24,2
settlement,2016-11-25,10
settlement,2016-11-26,2
settlement,2016-11-27,2
settlement,2016-11-28,2
settlement,2016-11-29,2
settlement,2016-11-30,2
settlement,2016-12-01,2
settlement,2016-12-02,10
settlement,2016-12-03,2
settlement,2016-12-04,2
settlement,2016-12-05,2
settlement,2016-12-06,2
settlement,2016-12-07,2
settlement,2016-12-08,2
settlement,2016-12-09,10
settlement,2016-12-10,2
settlement,2016-12-11,2
settlement,2016-12-12,2
settlement,2016-12-13,2
settlement,2016-12-14,2
settlement,2016-12-15,2
settlement,2016-12-16,9
settlement,2016-12-22,2
settlement,2016-12-23,8
settlement,2016-12-25,2
settlement,2016-12-29,2
settlement,2016-12-30,13
settlement,2016-12-31,2
settlement,2017-01-03,2
settlement,2017-01-04,2
settlement,2017-01-05,2
settlement,2017-01-06,9
settlement,2017-01-07,2
settlement,2017-01-09,2
settlement,2017-01-10,2
settlement,2017-01-12,2
settlement,2017-01-13,9
settlement,2017-01-14,2
settlement,2017-01-15,2
settlement,2017-01-16,2
settlement,2017-01-18,2
settlement,2017-01-19,2
settlement,2017-01-20,8
settlement,2017-01-21,2
settlement,2017-01-24,2
settlement,2017-01-25,2
settlement,2017-01-26,2
settlement,2017-01-27,8
settlement,2017-01-30,2
settlement,2017-01-31,2
settlement,2017-02-03,9
settlement,2017-02-08,2
settlement,2017-02-09,2
settlement,2017-02-10,10
settlement,2017-02-13,2
settlement,2017-02-14,2
settlement,2017-02-16,2
settlement,2017-02-17,10
settlement,2017-02-18,2
settlement,2017-02-19,2
settlement,2017-02-21,2
settlement,2017-02-24,9
settlement,2017-03-03,9
settlement,2017-03-10,10
settlement,2017-03-17,9
settlement,2017-03-24,9
settlement,2017-03-31,10
settlement,2017-04-07,6
settlement,2017-04-14,6
settlement,2017-04-21,6
settlement,2017-04-28,9
settlement,2017-05-05,3
settlement,2017-05-12,3
settlement,2017-05-19,3
settlement,2017-05-26,3
settlement,2017-06-02,3
settlement,2017-06-09,3
settlement,2017-06-16,3
settlement,2017-06-23,2
settlement,2017-06-30,13
settlement,2017-07-07,2
settlement,2017-07-14,2
settlement,2017-07-21,2
settlement,2017-07-28,4
settlement,2017-08-04,2
settlement,2017-08-11,2
settlement,2017-08-18,2
settlement,2017-08-25,2
settlement,2017-09-01,2
settlement,2017-09-08,3
settlement,2017-09-15,2
settlement,2017-09-22,2
settlement,2017-09-29,11
settlement,2017-10-06,2
settlement,2017-10-13,2
settlement,2017-10-20,2
settlement,2017-10-27,2
settlement,2017-11-03,2
settlement,2017-11-10,2
settlement,2017-11-17,2
settlement,2017-11-24,3
settlement,2017-12-01,2
settlement,2017-12-08,2
settlement,2017-12-15,2
settlement,2017-12-22,2
settlement,2017-12-29,12
settlement,2017-12-31,2
settlement,2018-01-05,2
settlement,2018-01-12,2
settlement,2018-01-19,2
settlement,2018-01-26,5
settlement,2018-02-02,2
settlement,2018-02-09,2
settlement,2018-02-16,2
settlement,2018-02-23,3
settlement,2018-03-02,2
settlement,2018-03-09,2
settlement,2018-03-16,2
settlement,2018-03-23,2
settlement,2018-03-30,13
settlement,2018-04-27,2
settlement,2018-05-04,2
settlement,2018-05-11,3
settlement,2018-05-18,3
settlement,2018-05-25,3
settlement,2018-06-01,3
settlement,2018-06-08,3
settlement,2018-06-15,3
settlement,2018-06-22,3
settlement,2018-06-29,10
settlement,2018-07-06,3
settlement,2018-07-13,3
settlement,2018-07-20,3
settlement,2018-07-27,3
settlement,2018-08-03,3
settlement,2018-08-10,3
settlement,2018-08-17,3
settlement,2018-08-24,3
settlement,2018-08-31,3
settlement,2018-09-07,3
settlement,2018-09-14,3
settlement,2018-09-21,3
settlement,2018-09-28,11
settlement,2018-10-05,3
settlement,2018-10-12,3
settlement,2018-10-19,3
settlement,2018-10-26,3
settlement,2018-11-02,3
settlement,2018-11-09,3
settlement,2018-11-16,3
settlement,2018-11-23,3
settlement,2018-11-30,3
settlement,2018-12-07,3
settlement,2018-12-14,3
settlement,2018-12-21,3
settlement,2018-12-28,11
settlement,2019-01-04,3
settlement,2019-01-11,3
settlement,2019-01-18,3
settlement,2019-01-25,3
settlement,2019-02-01,3
settlement,2019-02-08,3
settlement,2019-02-15,3
settlement,2019-02-22,3
settlement,2019-03-01,3
settlement,2019-03-08,3
settlement,2019-03-15,3
settlement,2019-03-22,3
settlement,2019-03-29,11
settlement,2019-04-05,3
settlement,2019-04-12,3
settlement,2019-04-19,3
settlement,2019-04-26,3
settlement,2019-05-03,3
settlement,2019-05-10,3
settlement,2019-05-17,3
settlement,2019-05-24,3
settlement,2019-05-31,3
settlement,2019-06-07,3
settlement,2019-06-14,3
settlement,2019-06-21,3
settlement,2019-06-28,11
settlement,2019-07-05,3
settlement,2019-07-12,3
settlement,2019-07-19,3
settlement,2019-07-26,3
settlement,2019-08-02,3
settlement,2019-08-09,3
settlement,2019-08-16,3
settlement,2019-08-23,3
settlement,2019-08-30,3
settlement,2019-09-06,3
settlement,2019-09-13,3
settlement,2019-09-20,3
settlement,2019-09-27,11
settlement,2019-10-04,3
settlement,2019-10-11,3
settlement,2019-10-18,3
settlement,2019-10-25,3
settlement,2019-11-01,3
settlement,2019-11-08,3
settlement,2019-11-15,3
settlement,2019-11-22,3
settlement,2019-11-29,3
settlement,2019-12-06,3
settlement,2019-12-13,3
settlement,2019-12-20,3
settlement,2019-12-27,11
settlement,2020-01-03,3
settlement,2020-01-10,3
settlement,2020-01-17,2
settlement,2020-01-24,3
settlement,2020-01-31,3
settlement,2020-03-27,9
settlement,2020-06-26,10
settlement,2020-09-25,10
settlement,2020-12-25,17
settlement,2021-03-26,17
settlement,2021-06-25,11
settlement,2021-09-24,11
settlement,2021-10-13,6
settlement,2021-10-29,2
settlement,2021-11-02,13
settlement,2021-11-26,2
settlement,2021-12-15,3
settlement,2021-12-31,13
settlement,2022-01-28,2
settlement,2022-02-25,2
settlement,2022-03-25,8
settlement,2022-04-29,2
settlement,2022-05-12,3
settlement,2022-05-27,2
settlement,2022-06-24,9
settlement,2022-07-29,2
settlement,2022-08-17,4
settlement,2022-08-26,2
settlement,2022-09-30,9
settlement,2022-10-14,10
settlement,2022-10-20,15
settlement,2022-10-28,2
settlement,2022-11-13,3
settlement,2022-11-25,2
settlement,2022-12-15,9
settlement,2022-12-30,11
settlement,2023-01-27,2
settlement,2023-02-24,2
settlement,2023-02-28,2
settlement,2023-03-31,10
settlement,2023-04-28,2
settlement,2023-05-09,5
settlement,2023-05-26,2
settlement,2023-06-30,9
settlement,2023-07-28,2
settlement,2023-08-25,4
settlement,2023-09-29,7
settlement,2023-10-18,2
settlement,2023-10-19,11
settlement,2023-10-27,2
settlement,2023-10-30,2
settlement,2023-11-22,2
settlement,2023-11-24,3
settlement,2023-12-29,10
settlement,2024-01-11,2
settlement,2024-01-18,3
settlement,2024-01-26,5
settlement,2024-02-21,5
settlement,2024-02-23,6
settlement,2024-03-20,2
settlement,2024-03-29,10
settlement,2024-04-26,4
settlement,2024-05-06,20
settlement,2024-05-30,7
settlement,2024-05-31,5
settlement,2024-06-07,2
settlement,2024-06-28,8
settlement,2024-07-26,2
settlement,2024-08-28,13
settlement,2024-08-30,3
settlement,2024-09-03,2
settlement,2024-09-27,9
settlement,2024-10-25,3
settlement,2024-10-29,2
settlement,2024-11-07,3
settlement,2024-11-21,5
settlement,2024-11-25,2
settlement,2024-11-29,3
settlement,2024-12-27,7
settlement,2025-01-10,2
settlement,2025-01-27,2
settlement,2025-01-31,2
settlement,2025-02-21,11
settlement,2025-02-28,2
settlement,2025-03-20,11
settlement,2025-03-26,2
settlement,2025-03-28,8
settlement,2025-04-24,8
settlement,2025-04-25,2
settlement,2025-05-23,11
settlement,2025-05-30,2
settlement,2025-06-27,7
settlement,2025-06-30,18
settlement,2025-07-25,3
settlement,2025-08-19,16
settlement,2025-08-29,2
settlement,2025-09-11,49
settlement,2025-09-26,7
settlement,2025-10-31,2
settlement,2025-11-06,4
settlement,2025-11-28,2
settlement,2025-12-24,2
settlement,2025-12-26,7
settlement,2026-01-29,9
settlement,2026-01-30,2
settlement,2026-02-27,2
settlement,2026-03-27,7
settlement,2026-04-24,2
settlement,2026-05-18,2
trade,2014-11-22,3
trade,2014-11-23,3
trade,2014-11-24,144
trade,2014-11-25,119
trade,2014-11-26,193
trade,2014-11-27,13
trade,2014-11-28,62
trade,2014-11-29,96
trade,2014-11-30,27
trade,2014-12-01,49
trade,2014-12-02,136
trade,2014-12-03,60
trade,2014-12-04,198
trade,2014-12-05,108
trade,2014-12-06,50
trade,2014-12-07,13
trade,2014-12-08,110
trade,2014-12-09,151
trade,2014-12-10,62
trade,2014-12-11,201
trade,2014-12-12,259
trade,2014-12-13,52
trade,2014-12-14,34
trade,2014-12-15,152
trade,2014-12-16,170
trade,2014-12-17,128
trade,2014-12-18,266
trade,2014-12-19,143
trade,2014-12-20,161
trade,2014-12-21,81
trade,2014-12-22,154
trade,2014-12-23,131
trade,2014-12-24,63
trade,2014-12-25,56
trade,2014-12-26,48
trade,2014-12-27,129
trade,2014-12-28,60
trade,2014-12-29,49
trade,2014-12-30,56
trade,2014-12-31,42
trade,2015-01-01,74
trade,2015-01-02,71
trade,2015-01-03,184
trade,2015-01-04,420
trade,2015-01-05,190
trade,2015-01-06,157
trade,2015-01-07,143
trade,2015-01-08,125
trade,2015-01-09,79
trade,2015-01-10,91
trade,2015-01-11,59
trade,2015-01-12,64
trade,2015-01-13,377
trade,2015-01-14,327
trade,2015-01-15,219
trade,2015-01-16,66
trade,2015-01-17,58
trade,2015-01-18,33
trade,2015-01-19,64
trade,2015-01-20,97
trade,2015-01-21,86
trade,2015-01-22,123
trade,2015-01-23,76
trade,2015-01-24,75
trade,2015-01-25,198
trade,2015-01-26,564
trade,2015-01-27,148
trade,2015-01-28,243
trade,2015-01-29,134
trade,2015-01-30,104
trade,2015-01-31,51
trade,2015-02-01,163
trade,2015-02-02,141
trade,2015-02-03,146
trade,2015-02-04,67
trade,2015-02-05,64
trade,2015-02-06,58
trade,2015-02-07,43
trade,2015-02-08,25
trade,2015-02-09,36
trade,2015-02-10,29
trade,2015-02-11,24
trade,2015-02-12,26
trade,2015-02-13,76
trade,2015-02-14,84
trade,2015-02-15,155
trade,2015-02-16,44
trade,2015-02-17,36
trade,2015-02-18,53
trade,2015-02-19,26
trade,2015-02-20,36
trade,2015-02-21,33
trade,2015-02-22,30
trade,2015-02-23,13
trade,2015-02-24,19
trade,2015-02-25,14
trade,2015-02-26,13
trade,2015-02-27,123
trade,2015-02-28,19
trade,2015-03-01,101
trade,2015-03-02,106
trade,2015-03-03,121
trade,2015-03-04,126
trade,2015-03-05,73
trade,2015-03-06,28
trade,2015-03-07,17
trade,2015-03-08,11
trade,2015-03-09,126
trade,2015-03-10,167
trade,2015-03-11,73
trade,2015-03-12,47
trade,2015-03-13,63
trade,2015-03-14,47
trade,2015-03-15,29
trade,2015-03-16,79
trade,2015-03-17,58
trade,2015-03-18,246
trade,2015-03-19,132
trade,2015-03-20,27
trade,2015-03-21,56
trade,2015-03-22,26
trade,2015-03-23,47
trade,2015-03-24,113
trade,2015-03-25,92
trade,2015-03-26,52
trade,2015-03-27,103
trade,2015-03-28,84
trade,2015-03-29,91
trade,2015-03-30,83
trade,2015-03-31,55
trade,2015-04-01,51
trade,2015-04-02,84
trade,2015-04-03,50
trade,2015-04-04,19
trade,2015-04-05,125
trade,2015-04-06,50
trade,2015-04-07,26
trade,2015-04-08,67
trade,2015-04-09,39
trade,2015-04-10,96
trade,2015-04-11,23
trade,2015-04-12,4
trade,2015-04-13,92
trade,2015-04-14,156
trade,2015-04-15,32
trade,2015-04-16,43
trade,2015-04-17,31
trade,2015-04-18,24
trade,2015-04-19,37
trade,2015-04-20,43
trade,2015-04-21,75
trade,2015-04-22,86
trade,2015-04-23,31
trade,2015-04-24,55
trade,2015-04-25,51
trade,2015-04-26,89
trade,2015-04-27,115
trade,2015-04-28,49
trade,2015-04-29,27
trade,2015-04-30,105
trade,2015-05-01,28
trade,2015-05-02,19
trade,2015-05-03,94
trade,2015-05-04,121
trade,2015-05-05,53
trade,2015-05-06,37
trade,2015-05-07,51
trade,2015-05-08,41
trade,2015-05-09,31
trade,2015-05-10,30
trade,2015-05-11,30
trade,2015-05-12,55
trade,2015-05-13,53
trade,2015-05-14,89
trade,2015-05-15,54
trade,2015-05-16,33
trade,2015-05-17,60
trade,2015-05-18,52
trade,2015-05-19,37
trade,2015-05-20,72
trade,2015-05-21,33
trade,2015-05-22,75
trade,2015-05-23,16
trade,2015-05-24,29
trade,2015-05-25,21
trade,2015-05-26,21
trade,2015-05-27,15
trade,2015-05-28,30
trade,2015-05-29,28
trade,2015-05-30,41
trade,2015-05-31,80
trade,2015-06-01,118
trade,2015-06-02,88
trade,2015-06-03,82
trade,2015-06-04,71
trade,2015-06-05,42
trade,2015-06-06,30
trade,2015-06-07,25
trade,2015-06-08,55
trade,2015-06-09,85
trade,2015-06-10,25
trade,2015-06-11,31
trade,2015-06-12,34
trade,2015-06-13,27
trade,2015-06-14,30
trade,2015-06-15,50
trade,2015-06-16,165
trade,2015-06-17,155
trade,2015-06-18,70
trade,2015-06-19,48
trade,2015-06-20,92
trade,2015-06-21,23
trade,2015-06-22,53
trade,2015-06-23,74
trade,2015-06-24,107
trade,2015-06-25,47
trade,2015-06-26,55
trade,2015-06-27,54
trade,2015-06-28,75
trade,2015-06-29,197
trade,2015-06-30,256
trade,2015-07-01,229
trade,2015-07-02,153
trade,2015-07-03,86
trade,2015-07-04,77
trade,2015-07-05,229
trade,2015-07-06,206
trade,2015-07-07,186
trade,2015-07-08,138
trade,2015-07-09,113
trade,2015-07-10,387
trade,2015-07-11,108
trade,2015-07-12,345
trade,2015-07-13,392
trade,2015-07-14,269
trade,2015-07-15,236
trade,2015-07-16,317
trade,2015-07-17,158
trade,2015-07-18,58
trade,2015-07-19,38
trade,2015-07-20,49
trade,2015-07-21,76
trade,2015-07-22,58
trade,2015-07-23,56
trade,2015-07-24,113
trade,2015-07-25,43
trade,2015-07-26,173
trade,2015-07-27,267
trade,2015-07-28,278
trade,2015-07-29,332
trade,2015-07-30,122
trade,2015-07-31,176
trade,2015-08-01,299
trade,2015-08-02,336
trade,2015-08-03,198
trade,2015-08-04,134
trade,2015-08-05,132
trade,2015-08-06,228
trade,2015-08-07,470
trade,2015-08-08,902
trade,2015-08-09,396
trade,2015-08-10,320
trade,2015-08-11,806
trade,2015-08-12,619
trade,2015-08-13,667
trade,2015-08-14,394
trade,2015-08-15,341
trade,2015-08-16,436
trade,2015-08-17,228
trade,2015-08-18,673
trade,2015-08-19,673
trade,2015-08-20,503
trade,2015-08-21,255
trade,2015-08-22,264
trade,2015-08-23,94
trade,2015-08-24,488
trade,2015-08-25,884
trade,2015-08-26,431
trade,2015-08-27,256
trade,2015-08-28,347
trade,2015-08-29,144
trade,2015-08-30,154
trade,2015-08-31,157
trade,2015-09-01,148
trade,2015-09-02,164
trade,2015-09-03,159
trade,2015-09-04,185
trade,2015-09-05,239
trade,2015-09-06,329
trade,2015-09-07,128
trade,2015-09-08,249
trade,2015-09-09,245
trade,2015-09-10,160
trade,2015-09-11,252
trade,2015-09-12,227
trade,2015-09-13,652
trade,2015-09-14,547
trade,2015-09-15,372
trade,2015-09-16,614
trade,2015-09-17,413
trade,2015-09-18,336
trade,2015-09-19,155
trade,2015-09-20,112
trade,2015-09-21,450
trade,2015-09-22,435
trade,2015-09-23,260
trade,2015-09-24,518
trade,2015-09-25,515
trade,2015-09-26,343
trade,2015-09-27,225
trade,2015-09-28,660
trade,2015-09-29,641
trade,2015-09-30,542
trade,2015-10-01,212
trade,2015-10-02,242
trade,2015-10-03,190
trade,2015-10-04,148
trade,2015-10-05,298
trade,2015-10-06,810
trade,2015-10-07,417
trade,2015-10-08,231
trade,2015-10-09,313
trade,2015-10-10,225
trade,2015-10-11,358
trade,2015-10-12,350
trade,2015-10-13,726
trade,2015-10-14,623
trade,2015-10-15,704
trade,2015-10-16,1895
trade,2015-10-17,2335
trade,2015-10-18,1144
trade,2015-10-19,852
trade,2015-10-20,1303
trade,2015-10-21,1498
trade,2015-10-22,1159
trade,2015-10-23,1065
trade,2015-10-24,1174
trade,2015-10-25,2217
trade,2015-10-26,1330
trade,2015-10-27,2094
trade,2015-10-28,1984
trade,2015-10-29,2647
trade,2015-10-30,3415
trade,2015-10-31,2092
trade,2015-11-01,1524
trade,2015-11-02,3403
trade,2015-11-03,4891
trade,2015-11-04,6601
trade,2015-11-05,4429
trade,2015-11-06,3599
trade,2015-11-07,2484
trade,2015-11-08,2489
trade,2015-11-09,2575
trade,2015-11-10,3494
trade,2015-11-11,5323
trade,2015-11-12,5132
trade,2015-11-13,3069
trade,2015-11-14,2686
trade,2015-11-15,1906
trade,2015-11-16,1655
trade,2015-11-17,2931
trade,2015-11-18,2521
trade,2015-11-19,2032
trade,2015-11-20,2715
trade,2015-11-21,1358
trade,2015-11-22,1046
trade,2015-11-23,1444
trade,2015-11-24,1919
trade,2015-11-25,2680
trade,2015-11-26,5868
trade,2015-11-27,4598
trade,2015-11-28,3280
trade,2015-11-29,2957
trade,2015-11-30,5730
trade,2015-12-01,4318
trade,2015-12-02,3587
trade,2015-12-03,3452
trade,2015-12-04,2183
trade,2015-12-05,3418
trade,2015-12-06,4377
trade,2015-12-07,3340
trade,2015-12-08,2519
trade,2015-12-09,4894
trade,2015-12-10,3109
trade,2015-12-11,7930
trade,2015-12-12,8394
trade,2015-12-13,4433
trade,2015-12-14,3396
trade,2015-12-15,5322
trade,2015-12-16,4959
trade,2015-12-17,2216
trade,2015-12-18,3115
trade,2015-12-19,2473
trade,2015-12-20,4721
trade,2015-12-21,3921
trade,2015-12-22,1928
trade,2015-12-23,1605
trade,2015-12-24,2107
trade,2015-12-25,1599
trade,2015-12-26,5724
trade,2015-12-27,3170
trade,2015-12-28,3388
trade,2015-12-29,2337
trade,2015-12-30,1299
trade,2015-12-31,1300
trade,2016-01-01,912
trade,2016-01-02,868
trade,2016-01-03,1316
trade,2016-01-04,967
trade,2016-01-05,993
trade,2016-01-06,832
trade,2016-01-07,4690
trade,2016-01-08,4424
trade,2016-01-09,2724
trade,2016-01-10,2632
trade,2016-01-11,2674
trade,2016-01-12,2394
trade,2016-01-13,3290
trade,2016-01-14,1609
trade,2016-01-15,4924
trade,2016-01-16,4909
trade,2016-01-17,2953
trade,2016-01-18,2133
trade,2016-01-19,1958
trade,2016-01-20,5057
trade,2016-01-21,3287
trade,2016-01-22,4507
trade,2016-01-23,2807
trade,2016-01-24,2628
trade,2016-01-25,2817
trade,2016-01-26,2334
trade,2016-01-27,1007
trade,2016-01-28,2061
trade,2016-01-29,4070
trade,2016-01-30,1390
trade,2016-01-31,2009
trade,2016-02-01,2529
trade,2016-02-02,1287
trade,2016-02-03,2164
trade,2016-02-04,2731
trade,2016-02-05,1444
trade,2016-02-06,1689
trade,2016-02-07,1246
trade,2016-02-08,1330
trade,2016-02-09,708
trade,2016-02-10,1214
trade,2016-02-11,1446
trade,2016-02-12,1314
trade,2016-02-13,1549
trade,2016-02-14,1880
trade,2016-02-15,1902
trade,2016-02-16,1514
trade,2016-02-17,2107
trade,2016-02-18,1998
trade,2016-02-19,1472
trade,2016-02-20,3948
trade,2016-02-21,2988
trade,2016-02-22,2424
trade,2016-02-23,3318
trade,2016-02-24,2128
trade,2016-02-25,2177
trade,2016-02-26,1434
trade,2016-02-27,1372
trade,2016-02-28,1864
trade,2016-02-29,1770
trade,2016-03-01,1677
trade,2016-03-02,1629
trade,2016-03-03,1654
trade,2016-03-04,1770
trade,2016-03-05,2394
trade,2016-03-06,2324
trade,2016-03-07,1283
trade,2016-03-08,764
trade,2016-03-09,914
trade,2016-03-10,723
trade,2016-03-11,1075
trade,2016-03-12,1666
trade,2016-03-13,1168
trade,2016-03-14,1583
trade,2016-03-15,710
trade,2016-03-16,686
trade,2016-03-17,1112
trade,2016-03-18,1454
trade,2016-03-19,889
trade,2016-03-20,658
trade,2016-03-21,757
trade,2016-03-22,667
trade,2016-03-23,932
trade,2016-03-24,762
trade,2016-03-25,851
trade,2016-03-26,448
trade,2016-03-27,1249
trade,2016-03-28,785
trade,2016-03-29,926
trade,2016-03-30,684
trade,2016-03-31,634
trade,2016-04-01,358
trade,2016-04-02,478
trade,2016-04-03,342
trade,2016-04-04,446
trade,2016-04-05,672
trade,2016-04-06,535
trade,2016-04-07,591
trade,2016-04-08,827
trade,2016-04-09,694
trade,2016-04-10,1225
trade,2016-04-11,553
trade,2016-04-12,1507
trade,2016-04-13,1305
trade,2016-04-14,640
trade,2016-04-15,1155
trade,2016-04-16,573
trade,2016-04-17,898
trade,2016-04-18,563
trade,2016-04-19,666
trade,2016-04-20,1341
trade,2016-04-21,1446
trade,2016-04-22,1302
trade,2016-04-23,1430
trade,2016-04-24,2425
trade,2016-04-25,2407
trade,2016-04-26,1959
trade,2016-04-27,2199
trade,2016-04-28,1617
trade,2016-04-29,1086
trade,2016-04-30,1419
trade,2016-05-01,797
trade,2016-05-02,2406
trade,2016-05-03,1092
trade,2016-05-04,927
trade,2016-05-05,741
trade,2016-05-06,1476
trade,2016-05-07,826
trade,2016-05-08,668
trade,2016-05-09,953
trade,2016-05-10,1071
trade,2016-05-11,711
trade,2016-05-12,1302
trade,2016-05-13,1345
trade,2016-05-14,1280
trade,2016-05-15,1239
trade,2016-05-16,2005
trade,2016-05-17,1595
trade,2016-05-18,2098
trade,2016-05-19,3058
trade,2016-05-20,2083
trade,2016-05-21,879
trade,2016-05-22,1200
trade,2016-05-23,1633
trade,2016-05-24,1922
trade,2016-05-25,1553
trade,2016-05-26,1988
trade,2016-05-27,5647
trade,2016-05-28,7587
trade,2016-05-29,7778
trade,2016-05-30,4578
trade,2016-05-31,4679
trade,2016-06-01,2809
trade,2016-06-02,1912
trade,2016-06-03,3827
trade,2016-06-04,4654
trade,2016-06-05,3748
trade,2016-06-06,4291
trade,2016-06-07,4795
trade,2016-06-08,4149
trade,2016-06-09,3926
trade,2016-06-10,2313
trade,2016-06-11,3638
trade,2016-06-12,11998
trade,2016-06-13,9838
trade,2016-06-14,5935
trade,2016-06-15,5183
trade,2016-06-16,8914
trade,2016-06-17,8981
trade,2016-06-18,6037
trade,2016-06-19,3886
trade,2016-06-20,4344
trade,2016-06-21,7571
trade,2016-06-22,5494
trade,2016-06-23,7526
trade,2016-06-24,5383
trade,2016-06-25,5559
trade,2016-06-26,5219
trade,2016-06-27,4907
trade,2016-06-28,3227
trade,2016-06-29,3267
trade,2016-06-30,4380
trade,2016-07-01,2961
trade,2016-07-02,5319
trade,2016-07-03,5397
trade,2016-07-04,2522
trade,2016-07-05,2821
trade,2016-07-06,3206
trade,2016-07-07,7625
trade,2016-07-08,2420
trade,2016-07-09,3105
trade,2016-07-10,1761
trade,2016-07-11,2274
trade,2016-07-12,2534
trade,2016-07-13,1558
trade,2016-07-14,1566
trade,2016-07-15,1495
trade,2016-07-16,1036
trade,2016-07-17,2091
trade,2016-07-18,2004
trade,2016-07-19,1414
trade,2016-07-20,2185
trade,2016-07-21,1382
trade,2016-07-22,3197
trade,2016-07-23,1390
trade,2016-07-24,2201
trade,2016-07-25,1600
trade,2016-07-26,5477
trade,2016-07-27,3737
trade,2016-07-28,1780
trade,2016-07-29,1045
trade,2016-07-30,950
trade,2016-07-31,3032
trade,2016-08-01,3132
trade,2016-08-02,9276
trade,2016-08-03,5235
trade,2016-08-04,3187
trade,2016-08-05,1755
trade,2016-08-06,2764
trade,2016-08-07,2615
trade,2016-08-08,1765
trade,2016-08-09,2574
trade,2016-08-10,2413
trade,2016-08-11,1796
trade,2016-08-12,1815
trade,2016-08-13,881
trade,2016-08-14,2490
trade,2016-08-15,1764
trade,2016-08-16,1585
trade,2016-08-17,1208
trade,2016-08-18,1311
trade,2016-08-19,1283
trade,2016-08-20,1063
trade,2016-08-21,827
trade,2016-08-22,1492
trade,2016-08-23,1886
trade,2016-08-24,1194
trade,2016-08-25,1633
trade,2016-08-26,778
trade,2016-08-27,1139
trade,2016-08-28,1807
trade,2016-08-29,2093
trade,2016-08-30,1245
trade,2016-08-31,1282
trade,2016-09-01,1286
trade,2016-09-02,1569
trade,2016-09-03,3272
trade,2016-09-04,2869
trade,2016-09-05,1713
trade,2016-09-06,1689
trade,2016-09-07,1439
trade,2016-09-08,2499
trade,2016-09-09,1597
trade,2016-09-10,835
trade,2016-09-11,3036
trade,2016-09-12,1534
trade,2016-09-13,1314
trade,2016-09-14,554
trade,2016-09-15,1066
trade,2016-09-16,2307
trade,2016-09-17,586
trade,2016-09-18,1106
trade,2016-09-19,1123
trade,2016-09-20,1237
trade,2016-09-21,1890
trade,2016-09-22,1355
trade,2016-09-23,1070
trade,2016-09-24,817
trade,2016-09-25,636
trade,2016-09-26,1112
trade,2016-09-27,1054
trade,2016-09-28,442
trade,2016-09-29,822
trade,2016-09-30,947
trade,2016-10-01,2070
trade,2016-10-02,1093
trade,2016-10-03,821
trade,2016-10-04,774
trade,2016-10-05,1597
trade,2016-10-06,1331
trade,2016-10-07,1973
trade,2016-10-08,1332
trade,2016-10-09,1357
trade,2016-10-10,2202
trade,2016-10-11,3768
trade,2016-10-12,2364
trade,2016-10-13,1906
trade,2016-10-14,2774
trade,2016-10-15,2701
trade,2016-10-16,1783
trade,2016-10-17,1500
trade,2016-10-18,2376
trade,2016-10-19,2210
trade,2016-10-20,1249
trade,2016-10-21,945
trade,2016-10-22,3914
trade,2016-10-23,1656
trade,2016-10-24,1581
trade,2016-10-25,3553
trade,2016-10-26,3379
trade,2016-10-27,3085
trade,2016-10-28,3822
trade,2016-10-29,5984
trade,2016-10-30,4484
trade,2016-10-31,3659
trade,2016-11-01,5746
trade,2016-11-02,4012
trade,2016-11-03,11718
trade,2016-11-04,6777
trade,2016-11-05,3168
trade,2016-11-06,5142
trade,2016-11-07,3207
trade,2016-11-08,3787
trade,2016-11-09,7141
trade,2016-11-10,3185
trade,2016-11-11,3136
trade,2016-11-12,3023
trade,2016-11-13,4829
trade,2016-11-14,2254
trade,2016-11-15,3243
trade,2016-11-16,8834
trade,2016-11-17,6519
trade,2016-11-18,4830
trade,2016-11-19,5067
trade,2016-11-20,8482
trade,2016-11-21,3147
trade,2016-11-22,4628
trade,2016-11-23,4937
trade,2016-11-24,6752
trade,2016-11-25,4440
trade,2016-11-26,3433
trade,2016-11-27,2883
trade,2016-11-28,2604
trade,2016-11-29,2833
trade,2016-11-30,3680
trade,2016-12-01,3748
trade,2016-12-02,7529
trade,2016-12-03,3962
trade,2016-12-04,3128
trade,2016-12-05,7080
trade,2016-12-06,5268
trade,2016-12-07,4001
trade,2016-12-08,3784
trade,2016-12-09,2815
trade,2016-12-10,2769
trade,2016-12-11,3523
trade,2016-12-12,4187
trade,2016-12-13,4996
trade,2016-12-14,3126
trade,2016-12-15,2294
trade,2016-12-16,4115
trade,2016-12-17,3528
trade,2016-12-18,2509
trade,2016-12-19,1991
trade,2016-12-20,4355
trade,2016-12-21,8333
trade,2016-12-22,9803
trade,2016-12-23,15029
trade,2016-12-24,7793
trade,2016-12-25,7135
trade,2016-12-26,6261
trade,2016-12-27,9556
trade,2016-12-28,14279
trade,2016-12-29,10073
trade,2016-12-30,9586
trade,2016-12-31,5083
trade,2017-01-01,8661
trade,2017-01-02,12964
trade,2017-01-03,9218
trade,2017-01-04,23907
trade,2017-01-05,33020
trade,2017-01-06,25517
trade,2017-01-07,20192
trade,2017-01-08,15820
trade,2017-01-09,10114
trade,2017-01-10,6234
trade,2017-01-11,24647
trade,2017-01-12,14218
trade,2017-01-13,9889
trade,2017-01-14,7665
trade,2017-01-15,5676
trade,2017-01-16,6347
trade,2017-01-17,14316
trade,2017-01-18,13918
trade,2017-01-19,9708
trade,2017-01-20,6534
trade,2017-01-21,7352
trade,2017-01-22,12017
trade,2017-01-23,6538
trade,2017-01-24,12769
trade,2017-01-25,5998
trade,2017-01-26,6374
trade,2017-01-27,9714
trade,2017-01-28,2800
trade,2017-01-29,2661
trade,2017-01-30,3358
trade,2017-01-31,12932
trade,2017-02-01,10154
trade,2017-02-02,16118
trade,2017-02-03,17417
trade,2017-02-04,15681
trade,2017-02-05,12557
trade,2017-02-06,7762
trade,2017-02-07,13241
trade,2017-02-08,21885
trade,2017-02-09,42691
trade,2017-02-10,23981
trade,2017-02-11,11224
trade,2017-02-12,6787
trade,2017-02-13,11619
trade,2017-02-14,12549
trade,2017-02-15,6140
trade,2017-02-16,13378
trade,2017-02-17,15778
trade,2017-02-18,11672
trade,2017-02-19,8531
trade,2017-02-20,11386
trade,2017-02-21,27491
trade,2017-02-22,22125
trade,2017-02-23,36002
trade,2017-02-24,43738
trade,2017-02-25,19729
trade,2017-02-26,15461
trade,2017-02-27,17680
trade,2017-02-28,22862
trade,2017-03-01,18537
trade,2017-03-02,28060
trade,2017-03-03,23931
trade,2017-03-04,17852
trade,2017-03-05,12953
trade,2017-03-06,12285
trade,2017-03-07,25816
trade,2017-03-08,36733
trade,2017-03-09,25343
trade,2017-03-10,50450
trade,2017-03-11,29977
trade,2017-03-12,26150
trade,2017-03-13,24287
trade,2017-03-14,19589
trade,2017-03-15,15250
trade,2017-03-16,37897
trade,2017-03-17,52765
trade,2017-03-18,69556
trade,2017-03-19,35867
trade,2017-03-20,20238
trade,2017-03-21,31094
trade,2017-03-22,40660
trade,2017-03-23,18497
trade,2017-03-24,53416
trade,2017-03-25,42680
trade,2017-03-26,39688
trade,2017-03-27,29800
trade,2017-03-28,25195
trade,2017-03-29,30951
trade,2017-03-30,23988
trade,2017-03-31,34632
trade,2017-04-01,23739
trade,2017-04-02,22577
trade,2017-04-03,27507
trade,2017-04-04,20190
trade,2017-04-05,22455
trade,2017-04-06,27434
trade,2017-04-07,24092
trade,2017-04-08,15207
trade,2017-04-09,20894
trade,2017-04-10,16301
trade,2017-04-11,15935
trade,2017-04-12,13559
trade,2017-04-13,25108
trade,2017-04-14,20186
trade,2017-04-15,13288
trade,2017-04-16,10250
trade,2017-04-17,23136
trade,2017-04-18,15259
trade,2017-04-19,17671
trade,2017-04-20,24408
trade,2017-04-21,17811
trade,2017-04-22,21577
trade,2017-04-23,13321
trade,2017-04-24,10790
trade,2017-04-25,21094
trade,2017-04-26,27116
trade,2017-04-27,27278
trade,2017-04-28,36224
trade,2017-04-29,22723
trade,2017-04-30,22600
trade,2017-05-01,44343
trade,2017-05-02,45794
trade,2017-05-03,41720
trade,2017-05-04,88084
trade,2017-05-05,69221
trade,2017-05-06,31376
trade,2017-05-07,26369
trade,2017-05-08,47613
trade,2017-05-09,77665
trade,2017-05-10,46463
trade,2017-05-11,69878
trade,2017-05-12,83952
trade,2017-05-13,71535
trade,2017-05-14,43717
trade,2017-05-15,63779
trade,2017-05-16,42614
trade,2017-05-17,50950
trade,2017-05-18,45392
trade,2017-05-19,61432
trade,2017-05-20,49813
trade,2017-05-21,68598
trade,2017-05-22,120726
trade,2017-05-23,85865
trade,2017-05-24,113156
trade,2017-05-25,207455
trade,2017-05-26,170605
trade,2017-05-27,156964
trade,2017-05-28,113880
trade,2017-05-29,83655
trade,2017-05-30,85243
trade,2017-05-31,78548
trade,2017-06-01,68309
trade,2017-06-02,45326
trade,2017-06-03,63681
trade,2017-06-04,47827
trade,2017-06-05,59228
trade,2017-06-06,120319
trade,2017-06-07,97323
trade,2017-06-08,81660
trade,2017-06-09,77115
trade,2017-06-10,68921
trade,2017-06-11,65551
trade,2017-06-12,174408
trade,2017-06-13,70270
trade,2017-06-14,138010
trade,2017-06-15,185081
trade,2017-06-16,93782
trade,2017-06-17,72690
trade,2017-06-18,80314
trade,2017-06-19,47373
trade,2017-06-20,59484
trade,2017-06-21,87789
trade,2017-06-22,48622
trade,2017-06-23,42528
trade,2017-06-24,84326
trade,2017-06-25,91112
trade,2017-06-26,148154
trade,2017-06-27,131916
trade,2017-06-28,79242
trade,2017-06-29,63248
trade,2017-06-30,49862
trade,2017-07-01,73498
trade,2017-07-02,71706
trade,2017-07-03,65884
trade,2017-07-04,61772
trade,2017-07-05,54659
trade,2017-07-06,29812
trade,2017-07-07,91462
trade,2017-07-08,63574
trade,2017-07-09,42561
trade,2017-07-10,118897
trade,2017-07-11,100015
trade,2017-07-12,98481
trade,2017-07-13,69082
trade,2017-07-14,101170
trade,2017-07-15,173011
trade,2017-07-16,170316
trade,2017-07-17,136728
trade,2017-07-18,161750
trade,2017-07-19,124168
trade,2017-07-20,226594
trade,2017-07-21,176469
trade,2017-07-22,140985
trade,2017-07-23,141102
trade,2017-07-24,103612
trade,2017-07-25,205078
trade,2017-07-26,155880
trade,2017-07-27,122964
trade,2017-07-28,139961
trade,2017-07-29,125066
trade,2017-07-30,112533
trade,2017-07-31,109333
trade,2017-08-01,219228
trade,2017-08-02,88676
trade,2017-08-03,54050
trade,2017-08-04,74829
trade,2017-08-05,275384
trade,2017-08-06,150041
trade,2017-08-07,143121
trade,2017-08-08,166223
trade,2017-08-09,131756
trade,2017-08-10,91319
trade,2017-08-11,144782
trade,2017-08-12,237443
trade,2017-08-13,319165
trade,2017-08-14,245412
trade,2017-08-15,335684
trade,2017-08-16,220019
trade,2017-08-17,241570
trade,2017-08-18,211390
trade,2017-08-19,187410
trade,2017-08-20,136025
trade,2017-08-21,116507
trade,2017-08-22,263184
trade,2017-08-23,143651
trade,2017-08-24,108437
trade,2017-08-25,133690
trade,2017-08-26,77550
trade,2017-08-27,60593
trade,2017-08-28,120033
trade,2017-08-29,151751
trade,2017-08-30,106035
trade,2017-08-31,112726
trade,2017-09-01,127915
trade,2017-09-02,309361
trade,2017-09-03,212556
trade,2017-09-04,306055
trade,2017-09-05,253985
trade,2017-09-06,156039
trade,2017-09-07,101043
trade,2017-09-08,245740
trade,2017-09-09,147159
trade,2017-09-10,174680
trade,2017-09-11,135262
trade,2017-09-12,141916
trade,2017-09-13,234211
trade,2017-09-14,366237
trade,2017-09-15,444928
trade,2017-09-16,213245
trade,2017-09-17,168540
trade,2017-09-18,205573
trade,2017-09-19,194438
trade,2017-09-20,153769
trade,2017-09-21,222825
trade,2017-09-22,191491
trade,2017-09-23,134445
trade,2017-09-24,121463
trade,2017-09-25,157827
trade,2017-09-26,140146
trade,2017-09-27,177473
trade,2017-09-28,175672
trade,2017-09-29,195758
trade,2017-09-30,142016
trade,2017-10-01,132338
trade,2017-10-02,152395
trade,2017-10-03,165346
trade,2017-10-04,122138
trade,2017-10-05,151503
trade,2017-10-06,125222
trade,2017-10-07,91532
trade,2017-10-08,143995
trade,2017-10-09,235279
trade,2017-10-10,252712
trade,2017-10-11,179741
trade,2017-10-12,324806
trade,2017-10-13,428336
trade,2017-10-14,221909
trade,2017-10-15,267106
trade,2017-10-16,212566
trade,2017-10-17,229269
trade,2017-10-18,353019
trade,2017-10-19,220655
trade,2017-10-20,268586
trade,2017-10-21,271744
trade,2017-10-22,291152
trade,2017-10-23,317232
trade,2017-10-24,320316
trade,2017-10-25,251319
trade,2017-10-26,251745
trade,2017-10-27,233721
trade,2017-10-28,183433
trade,2017-10-29,263601
trade,2017-10-30,239633
trade,2017-10-31,266230
trade,2017-11-01,293391
trade,2017-11-02,436868
trade,2017-11-03,387851
trade,2017-11-04,311873
trade,2017-11-05,289066
trade,2017-11-06,364740
trade,2017-11-07,283980
trade,2017-11-08,416519
trade,2017-11-09,298784
trade,2017-11-10,450247
trade,2017-11-11,389841
trade,2017-11-12,634115
trade,2017-11-13,516425
trade,2017-11-14,396150
trade,2017-11-15,469569
trade,2017-11-16,515564
trade,2017-11-17,499910
trade,2017-11-18,284984
trade,2017-11-19,272397
trade,2017-11-20,276223
trade,2017-11-21,455407
trade,2017-11-22,284048
trade,2017-11-23,228947
trade,2017-11-24,310192
trade,2017-11-25,285804
trade,2017-11-26,456270
trade,2017-11-27,421150
trade,2017-11-28,353472
trade,2017-11-29,751544
trade,2017-11-30,661015
trade,2017-12-01,561648
trade,2017-12-02,415406
trade,2017-12-03,427640
trade,2017-12-04,416426
trade,2017-12-05,353426
trade,2017-12-06,486959
trade,2017-12-07,763876
trade,2017-12-08,678764
trade,2017-12-09,504462
trade,2017-12-10,563087
trade,2017-12-11,423749
trade,2017-12-12,413428
trade,2017-12-13,411888
trade,2017-12-14,328422
trade,2017-12-15,399321
trade,2017-12-16,363798
trade,2017-12-17,408845
trade,2017-12-18,430486
trade,2017-12-19,408944
trade,2017-12-20,607248
trade,2017-12-21,467723
trade,2017-12-22,749409
trade,2017-12-23,446335
trade,2017-12-24,488853
trade,2017-12-25,333178
trade,2017-12-26,358530
trade,2017-12-27,383669
trade,2017-12-28,463169
trade,2017-12-29,344069
trade,2017-12-30,455571
trade,2017-12-31,328271
trade,2018-01-01,279645
trade,2018-01-02,330020
trade,2018-01-03,302593
trade,2018-01-04,312196
trade,2018-01-05,329254
trade,2018-01-06,263989
trade,2018-01-07,273707
trade,2018-01-08,386354
trade,2018-01-09,336102
trade,2018-01-10,369053
trade,2018-01-11,417406
trade,2018-01-12,302336
trade,2018-01-13,232449
trade,2018-01-14,271969
trade,2018-01-15,266796
trade,2018-01-16,666990
trade,2018-01-17,700738
trade,2018-01-18,502758
trade,2018-01-19,380784
trade,2018-01-20,305758
trade,2018-01-21,395677
trade,2018-01-22,459099
trade,2018-01-23,451320
trade,2018-01-24,379312
trade,2018-01-25,356394
trade,2018-01-26,450886
trade,2018-01-27,363342
trade,2018-01-28,272311
trade,2018-01-29,308441
trade,2018-01-30,416250
trade,2018-01-31,399691
trade,2018-02-01,469035
trade,2018-02-02,558537
trade,2018-02-03,406304
trade,2018-02-04,494539
trade,2018-02-05,579940
trade,2018-02-06,717285
trade,2018-02-07,579282
trade,2018-02-08,532114
trade,2018-02-09,488040
trade,2018-02-10,495935
trade,2018-02-11,486941
trade,2018-02-12,489562
trade,2018-02-13,448199
trade,2018-02-14,446701
trade,2018-02-15,488438
trade,2018-02-16,402852
trade,2018-02-17,505929
trade,2018-02-18,645442
trade,2018-02-19,519788
trade,2018-02-20,533087
trade,2018-02-21,601051
trade,2018-02-22,623876
trade,2018-02-23,601413
trade,2018-02-24,568511
trade,2018-02-25,524823
trade,2018-02-26,529806
trade,2018-02-27,475931
trade,2018-02-28,509349
trade,2018-03-01,518290
trade,2018-03-02,518651
trade,2018-03-03,464963
trade,2018-03-04,457064
trade,2018-03-05,441377
trade,2018-03-06,605714
trade,2018-03-07,755982
trade,2018-03-08,745608
trade,2018-03-09,923189
trade,2018-03-10,633930
trade,2018-03-11,748007
trade,2018-03-12,681040
trade,2018-03-13,708463
trade,2018-03-14,676252
trade,2018-03-15,735931
trade,2018-03-16,566464
trade,2018-03-17,559989
trade,2018-03-18,782458
trade,2018-03-19,656150
trade,2018-03-20,629272
trade,2018-03-21,567998
trade,2018-03-22,539413
trade,2018-03-23,531032
trade,2018-03-24,510410
trade,2018-03-25,532134
trade,2018-03-26,579179
trade,2018-03-27,602571
trade,2018-03-28,507658
trade,2018-03-29,733158
trade,2018-03-30,891346
trade,2018-03-31,695884
trade,2018-04-01,669238
trade,2018-04-02,564001
trade,2018-04-03,558582
trade,2018-04-04,613370
trade,2018-04-05,660996
trade,2018-04-06,472033
trade,2018-04-07,414734
trade,2018-04-08,370945
trade,2018-04-09,510604
trade,2018-04-10,388847
trade,2018-04-11,332319
trade,2018-04-12,587341
trade,2018-04-13,646234
trade,2018-04-14,478863
trade,2018-04-15,407983
trade,2018-04-16,534403
trade,2018-04-17,452104
trade,2018-04-18,397999
trade,2018-04-19,430227
trade,2018-04-20,542184
trade,2018-04-21,562237
trade,2018-04-22,501671
trade,2018-04-23,430892
trade,2018-04-24,626284
trade,2018-04-25,857529
trade,2018-04-26,705297
trade,2018-04-27,588061
trade,2018-04-28,624091
trade,2018-04-29,547152
trade,2018-04-30,512455
trade,2018-05-01,541943
trade,2018-05-02,437434
trade,2018-05-03,541988
trade,2018-05-04,533357
trade,2018-05-05,512000
trade,2018-05-06,538070
trade,2018-05-07,616932
trade,2018-05-08,531576
trade,2018-05-09,464049
trade,2018-05-10,454435
trade,2018-05-11,656303
trade,2018-05-12,647593
trade,2018-05-13,521403
trade,2018-05-14,595806
trade,2018-05-15,503196
trade,2018-05-16,567663
trade,2018-05-17,420071
trade,2018-05-18,382763
trade,2018-05-19,302954
trade,2018-05-20,345135
trade,2018-05-21,355688
trade,2018-05-22,436269
trade,2018-05-23,630904
trade,2018-05-24,594409
trade,2018-05-25,472950
trade,2018-05-26,315324
trade,2018-05-27,326964
trade,2018-05-28,426431
trade,2018-05-29,457265
trade,2018-05-30,403283
trade,2018-05-31,361250
trade,2018-06-01,354150
trade,2018-06-02,298224
trade,2018-06-03,279583
trade,2018-06-04,360759
trade,2018-06-05,388387
trade,2018-06-06,362580
trade,2018-06-07,314835
trade,2018-06-08,281374
trade,2018-06-09,280899
trade,2018-06-10,694338
trade,2018-06-11,450882
trade,2018-06-12,426848
trade,2018-06-13,575556
trade,2018-06-14,608937
trade,2018-06-15,469542
trade,2018-06-16,399695
trade,2018-06-17,305904
trade,2018-06-18,389812
trade,2018-06-19,359514
trade,2018-06-20,434789
trade,2018-06-21,335589
trade,2018-06-22,771817
trade,2018-06-23,451175
trade,2018-06-24,726333
trade,2018-06-25,500035
trade,2018-06-26,469506
trade,2018-06-27,459314
trade,2018-06-28,472835
trade,2018-06-29,579680
trade,2018-06-30,487139
trade,2018-07-01,395850
trade,2018-07-02,483139
trade,2018-07-03,458296
trade,2018-07-04,499536
trade,2018-07-05,613532
trade,2018-07-06,468113
trade,2018-07-07,430707
trade,2018-07-08,313197
trade,2018-07-09,403118
trade,2018-07-10,591576
trade,2018-07-11,493037
trade,2018-07-12,509302
trade,2018-07-13,449119
trade,2018-07-14,399514
trade,2018-07-15,397414
trade,2018-07-16,605078
trade,2018-07-17,763953
trade,2018-07-18,970387
trade,2018-07-19,693880
trade,2018-07-20,824546
trade,2018-07-21,479145
trade,2018-07-22,606398
trade,2018-07-23,864621
trade,2018-07-24,1222692
trade,2018-07-25,998694
trade,2018-07-26,863291
trade,2018-07-27,812069
trade,2018-07-28,509482
trade,2018-07-29,528095
trade,2018-07-30,964850
trade,2018-07-31,1115982
trade,2018-08-01,916704
trade,2018-08-02,723253
trade,2018-08-03,844916
trade,2018-08-04,718155
trade,2018-08-05,686409
trade,2018-08-06,771295
trade,2018-08-07,883317
trade,2018-08-08,1151183
trade,2018-08-09,827021
trade,2018-08-10,980926
trade,2018-08-11,794521
trade,2018-08-12,743621
trade,2018-08-13,762615
trade,2018-08-14,1076076
trade,2018-08-15,1202901
trade,2018-08-16,916747
trade,2018-08-17,972927
trade,2018-08-18,763129
trade,2018-08-19,671096
trade,2018-08-20,751632
trade,2018-08-21,751733
trade,2018-08-22,886504
trade,2018-08-23,668621
trade,2018-08-24,741617
trade,2018-08-25,630709
trade,2018-08-26,670356
trade,2018-08-27,652098
trade,2018-08-28,853138
trade,2018-08-29,764773
trade,2018-08-30,929443
trade,2018-08-31,802522
trade,2018-09-01,756112
trade,2018-09-02,961637
trade,2018-09-03,727825
trade,2018-09-04,650998
trade,2018-09-05,999072
trade,2018-09-06,1145861
trade,2018-09-07,931274
trade,2018-09-08,782465
trade,2018-09-09,696141
trade,2018-09-10,719185
trade,2018-09-11,768490
trade,2018-09-12,817596
trade,2018-09-13,972551
trade,2018-09-14,1024575
trade,2018-09-15,707029
trade,2018-09-16,635231
trade,2018-09-17,1008749
trade,2018-09-18,808779
trade,2018-09-19,982550
trade,2018-09-20,839755
trade,2018-09-21,1232631
trade,2018-09-22,972688
trade,2018-09-23,671304
trade,2018-09-24,839346
trade,2018-09-25,1285259
trade,2018-09-26,1026767
trade,2018-09-27,968367
trade,2018-09-28,1067511
trade,2018-09-29,993373
trade,2018-09-30,797930
trade,2018-10-01,881829
trade,2018-10-02,671652
trade,2018-10-03,744049
trade,2018-10-04,637401
trade,2018-10-05,503247
trade,2018-10-06,372049
trade,2018-10-07,372314
trade,2018-10-08,505775
trade,2018-10-09,346344
trade,2018-10-10,546916
trade,2018-10-11,1245570
trade,2018-10-12,653537
trade,2018-10-13,339123
trade,2018-10-14,435599
trade,2018-10-15,1132218
trade,2018-10-16,566092
trade,2018-10-17,392821
trade,2018-10-18,508590
trade,2018-10-19,306480
trade,2018-10-20,244402
trade,2018-10-21,260248
trade,2018-10-22,267224
trade,2018-10-23,338256
trade,2018-10-24,302858
trade,2018-10-25,277379
trade,2018-10-26,290996
trade,2018-10-27,136823
trade,2018-10-28,144694
trade,2018-10-29,471121
trade,2018-10-30,307916
trade,2018-10-31,355499
trade,2018-11-01,203709
trade,2018-11-02,351589
trade,2018-11-03,207330
trade,2018-11-04,661842
trade,2018-11-05,527373
trade,2018-11-06,816913
trade,2018-11-07,699270
trade,2018-11-08,710414
trade,2018-11-09,660012
trade,2018-11-10,375521
trade,2018-11-11,445505
trade,2018-11-12,547439
trade,2018-11-13,730771
trade,2018-11-14,1456924
trade,2018-11-15,1213166
trade,2018-11-16,656736
trade,2018-11-17,439063
trade,2018-11-18,478757
trade,2018-11-19,1616985
trade,2018-11-20,1864019
trade,2018-11-21,1216207
trade,2018-11-22,755124
trade,2018-11-23,1002866
trade,2018-11-24,944285
trade,2018-11-25,1491419
trade,2018-11-26,1364908
trade,2018-11-27,1110099
trade,2018-11-28,1189537
trade,2018-11-29,1083941
trade,2018-11-30,1048985
trade,2018-12-01,802272
trade,2018-12-02,876490
trade,2018-12-03,855482
trade,2018-12-04,849870
trade,2018-12-05,821693
trade,2018-12-06,1144091
trade,2018-12-07,1281199
trade,2018-12-08,876956
trade,2018-12-09,721188
trade,2018-12-10,758523
trade,2018-12-11,625173
trade,2018-12-12,599892
trade,2018-12-13,696605
trade,2018-12-14,712373
trade,2018-12-15,531680
trade,2018-12-16,508172
trade,2018-12-17,912057
trade,2018-12-18,927252
trade,2018-12-19,1330048
trade,2018-12-20,1454941
trade,2018-12-21,1321721
trade,2018-12-22,904944
trade,2018-12-23,956814
trade,2018-12-24,1173097
trade,2018-12-25,1102581
trade,2018-12-26,848656
trade,2018-12-27,792143
trade,2018-12-28,814760
trade,2018-12-29,802059
trade,2018-12-30,709254
trade,2018-12-31,548612
trade,2019-01-01,545379
trade,2019-01-02,717191
trade,2019-01-03,585254
trade,2019-01-04,718566
trade,2019-01-05,660181
trade,2019-01-06,699630
trade,2019-01-07,592493
trade,2019-01-08,667970
trade,2019-01-09,551183
trade,2019-01-10,897347
trade,2019-01-11,610757
trade,2019-01-12,391076
trade,2019-01-13,465488
trade,2019-01-14,550795
trade,2019-01-15,520964
trade,2019-01-16,549378
trade,2019-01-17,593311
trade,2019-01-18,393965
trade,2019-01-19,403735
trade,2019-01-20,501715
trade,2019-01-21,426744
trade,2019-01-22,562976
trade,2019-01-23,462554
trade,2019-01-24,369267
trade,2019-01-25,388119
trade,2019-01-26,377976
trade,2019-01-27,458986
trade,2019-01-28,816236
trade,2019-01-29,535424
trade,2019-01-30,518798
trade,2019-01-31,441620
trade,2019-02-01,456379
trade,2019-02-02,365372
trade,2019-02-03,411220
trade,2019-02-04,352400
trade,2019-02-05,236062
trade,2019-02-06,458055
trade,2019-02-07,217590
trade,2019-02-08,789157
trade,2019-02-09,448126
trade,2019-02-10,491788
trade,2019-02-11,470196
trade,2019-02-12,499598
trade,2019-02-13,451701
trade,2019-02-14,388736
trade,2019-02-15,373823
trade,2019-02-16,349337
trade,2019-02-17,587278
trade,2019-02-18,1247207
trade,2019-02-19,969726
trade,2019-02-20,712731
trade,2019-02-21,580414
trade,2019-02-22,503797
trade,2019-02-23,723084
trade,2019-02-24,1017521
trade,2019-02-25,682132
trade,2019-02-26,503972
trade,2019-02-27,560130
trade,2019-02-28,574568
trade,2019-03-01,391484
trade,2019-03-02,395950
trade,2019-03-03,353736
trade,2019-03-04,589975
trade,2019-03-05,642871
trade,2019-03-06,512053
trade,2019-03-07,586731
trade,2019-03-08,583588
trade,2019-03-09,601718
trade,2019-03-10,363041
trade,2019-03-11,480637
trade,2019-03-12,459835
trade,2019-03-13,351196
trade,2019-03-14,389727
trade,2019-03-15,417297
trade,2019-03-16,578985
trade,2019-03-17,359814
trade,2019-03-18,425589
trade,2019-03-19,375148
trade,2019-03-20,435514
trade,2019-03-21,530461
trade,2019-03-22,323146
trade,2019-03-23,390433
trade,2019-03-24,321243
trade,2019-03-25,442182
trade,2019-03-26,328148
trade,2019-03-27,573265
trade,2019-03-28,295093
trade,2019-03-29,612106
trade,2019-03-30,497466
trade,2019-03-31,250840
trade,2019-04-01,480310
trade,2019-04-02,1400079
trade,2019-04-03,1651015
trade,2019-04-04,1042295
trade,2019-04-05,767947
trade,2019-04-06,808873
trade,2019-04-07,870807
trade,2019-04-08,1045022
trade,2019-04-09,752659
trade,2019-04-10,770887
trade,2019-04-11,880427
trade,2019-04-12,589193
trade,2019-04-13,421897
trade,2019-04-14,421339
trade,2019-04-15,593200
trade,2019-04-16,543095
trade,2019-04-17,515339
trade,2019-04-18,562625
trade,2019-04-19,510830
trade,2019-04-20,472120
trade,2019-04-21,517350
trade,2019-04-22,588018
trade,2019-04-23,739641
trade,2019-04-24,785050
trade,2019-04-25,706929
trade,2019-04-26,814328
trade,2019-04-27,393700
trade,2019-04-28,418054
trade,2019-04-29,482049
trade,2019-04-30,524442
trade,2019-05-01,469499
trade,2019-05-02,554543
trade,2019-05-03,1109871
trade,2019-05-04,1023339
trade,2019-05-05,728644
trade,2019-05-06,836994
trade,2019-05-07,1045915
trade,2019-05-08,781810
trade,2019-05-09,853226
trade,2019-05-10,1157118
trade,2019-05-11,1949653
trade,2019-05-12,2048366
trade,2019-05-13,1726762
trade,2019-05-14,1854271
trade,2019-05-15,1625772
trade,2019-05-16,1810841
trade,2019-05-17,1811385
trade,2019-05-18,1091251
trade,2019-05-19,1525478
trade,2019-05-20,1582445
trade,2019-05-21,1166465
trade,2019-05-22,1133568
trade,2019-05-23,1186563
trade,2019-05-24,1083199
trade,2019-05-25,778487
trade,2019-05-26,1104685
trade,2019-05-27,1170124
trade,2019-05-28,895168
trade,2019-05-29,955905
trade,2019-05-30,1430719
trade,2019-05-31,1047284
trade,2019-06-01,818464
trade,2019-06-02,795278
trade,2019-06-03,1181375
trade,2019-06-04,1353626
trade,2019-06-05,1037622
trade,2019-06-06,987962
trade,2019-06-07,889647
trade,2019-06-08,712466
trade,2019-06-09,875965
trade,2019-06-10,938239
trade,2019-06-11,798322
trade,2019-06-12,945157
trade,2019-06-13,830776
trade,2019-06-14,997224
trade,2019-06-15,927579
trade,2019-06-16,1591802
trade,2019-06-17,1331847
trade,2019-06-18,1172978
trade,2019-06-19,819868
trade,2019-06-20,1010974
trade,2019-06-21,1463039
trade,2019-06-22,2269079
trade,2019-06-23,1574951
trade,2019-06-24,1381144
trade,2019-06-25,1604282
trade,2019-06-26,2795069
trade,2019-06-27,2794338
trade,2019-06-28,2124395
trade,2019-06-29,1800790
trade,2019-06-30,1716245
trade,2019-07-01,1845907
trade,2019-07-02,1853718
trade,2019-07-03,1864503
trade,2019-07-04,1365467
trade,2019-07-05,1344788
trade,2019-07-06,1242110
trade,2019-07-07,1069083
trade,2019-07-08,1119656
trade,2019-07-09,1446853
trade,2019-07-10,1936153
trade,2019-07-11,1734747
trade,2019-07-12,1227321
trade,2019-07-13,1298760
trade,2019-07-14,1593785
trade,2019-07-15,1610643
trade,2019-07-16,1717125
trade,2019-07-17,1526195
trade,2019-07-18,1500232
trade,2019-07-19,1199132
trade,2019-07-20,1004694
trade,2019-07-21,920545
trade,2019-07-22,1008382
trade,2019-07-23,1144404
trade,2019-07-24,1085938
trade,2019-07-25,808696
trade,2019-07-26,772278
trade,2019-07-27,920323
trade,2019-07-28,724516
trade,2019-07-29,709811
trade,2019-07-30,709439
trade,2019-07-31,839596
trade,2019-08-01,840375
trade,2019-08-02,844214
trade,2019-08-03,865913
trade,2019-08-04,947646
trade,2019-08-05,1386675
trade,2019-08-06,1433288
trade,2019-08-07,1406272
trade,2019-08-08,1292651
trade,2019-08-09,1100383
trade,2019-08-10,945488
trade,2019-08-11,740644
trade,2019-08-12,653373
trade,2019-08-13,898823
trade,2019-08-14,1321337
trade,2019-08-15,1545006
trade,2019-08-16,1400331
trade,2019-08-17,902693
trade,2019-08-18,792930
trade,2019-08-19,878146
trade,2019-08-20,830173
trade,2019-08-21,1092799
trade,2019-08-22,1005810
trade,2019-08-23,791204
trade,2019-08-24,793877
trade,2019-08-25,888524
trade,2019-08-26,1006734
trade,2019-08-27,1015252
trade,2019-08-28,1216022
trade,2019-08-29,971771
trade,2019-08-30,704100
trade,2019-08-31,566476
trade,2019-09-01,538668
trade,2019-09-02,890264
trade,2019-09-03,1003534
trade,2019-09-04,1009050
trade,2019-09-05,842974
trade,2019-09-06,1143117
trade,2019-09-07,698492
trade,2019-09-08,678691
trade,2019-09-09,1037645
trade,2019-09-10,831996
trade,2019-09-11,923162
trade,2019-09-12,804744
trade,2019-09-13,732199
trade,2019-09-14,674747
trade,2019-09-15,494965
trade,2019-09-16,749906
trade,2019-09-17,824182
trade,2019-09-18,746950
trade,2019-09-19,1076438
trade,2019-09-20,700860
trade,2019-09-21,729761
trade,2019-09-22,819299
trade,2019-09-23,1009654
trade,2019-09-24,1893781
trade,2019-09-25,1368025
trade,2019-09-26,1264487
trade,2019-09-27,960538
trade,2019-09-28,742049
trade,2019-09-29,746904
trade,2019-09-30,1104770
trade,2019-10-01,1039094
trade,2019-10-02,693515
trade,2019-10-03,735424
trade,2019-10-04,764199
trade,2019-10-05,608848
trade,2019-10-06,845387
trade,2019-10-07,1033916
trade,2019-10-08,748874
trade,2019-10-09,990569
trade,2019-10-10,774167
trade,2019-10-11,947917
trade,2019-10-12,476628
trade,2019-10-13,619880
trade,2019-10-14,584447
trade,2019-10-15,711560
trade,2019-10-16,625963
trade,2019-10-17,586541
trade,2019-10-18,714471
trade,2019-10-19,650392
trade,2019-10-20,812898
trade,2019-10-21,611746
trade,2019-10-22,686820
trade,2019-10-23,973641
trade,2019-10-24,616050
trade,2019-10-25,1319640
trade,2019-10-26,2155855
trade,2019-10-27,1420885
trade,2019-10-28,1209898
trade,2019-10-29,1050699
trade,2019-10-30,947831
trade,2019-10-31,935076
trade,2019-11-01,770160
trade,2019-11-02,506588
trade,2019-11-03,540559
trade,2019-11-04,677261
trade,2019-11-05,755458
trade,2019-11-06,589649
trade,2019-11-07,640619
trade,2019-11-08,891418
trade,2019-11-09,476803
trade,2019-11-10,606588
trade,2019-11-11,654359
trade,2019-11-12,668213
trade,2019-11-13,442499
trade,2019-11-14,579230
trade,2019-11-15,796556
trade,2019-11-16,348680
trade,2019-11-17,466548
trade,2019-11-18,709098
trade,2019-11-19,598383
trade,2019-11-20,494322
trade,2019-11-21,817852
trade,2019-11-22,1436995
trade,2019-11-23,719740
trade,2019-11-24,866277
trade,2019-11-25,1405672
trade,2019-11-26,870206
trade,2019-11-27,1072531
trade,2019-11-28,746634
trade,2019-11-29,781330
trade,2019-11-30,581754
trade,2019-12-01,842096
trade,2019-12-02,708165
trade,2019-12-03,490291
trade,2019-12-04,908069
trade,2019-12-05,770958
trade,2019-12-06,676048
trade,2019-12-07,415354
trade,2019-12-08,442167
trade,2019-12-09,651594
trade,2019-12-10,536825
trade,2019-12-11,389911
trade,2019-12-12,610219
trade,2019-12-13,356780
trade,2019-12-14,454261
trade,2019-12-15,468154
trade,2019-12-16,653975
trade,2019-12-17,762874
trade,2019-12-18,1256054
trade,2019-12-19,784098
trade,2019-12-20,508281
trade,2019-12-21,269021
trade,2019-12-22,620554
trade,2019-12-23,888631
trade,2019-12-24,645480
trade,2019-12-25,500717
trade,2019-12-26,601254
trade,2019-12-27,576260
trade,2019-12-28,567003
trade,2019-12-29,627077
trade,2019-12-30,517012
trade,2019-12-31,469327
trade,2020-01-01,366259
trade,2020-01-02,536466
trade,2020-01-03,941574
trade,2020-01-04,460929
trade,2020-01-05,548860
trade,2020-01-06,799354
trade,2020-01-07,1064929
trade,2020-01-08,1235339
trade,2020-01-09,819680
trade,2020-01-10,1106808
trade,2020-01-11,840533
trade,2020-01-12,611389
trade,2020-01-13,504122
trade,2020-01-14,1502545
trade,2020-01-15,1058490
trade,2020-01-16,806084
trade,2020-01-17,1075641
trade,2020-01-18,746701
trade,2020-01-19,1026708
trade,2020-01-20,643104
trade,2020-01-21,600690
trade,2020-01-22,472890
trade,2020-01-23,858304
trade,2020-01-24,746598
trade,2020-01-25,505543
trade,2020-01-26,585146
trade,2020-01-27,853847
trade,2020-01-28,1164498
trade,2020-01-29,837363
trade,2020-01-30,989112
trade,2020-01-31,731502
trade,2020-02-01,571029
trade,2020-02-02,799387
trade,2020-02-03,786514
trade,2020-02-04,762285
trade,2020-02-05,1025368
trade,2020-02-06,1044063
trade,2020-02-07,816321
trade,2020-02-08,800955
trade,2020-02-09,790612
trade,2020-02-10,973838
trade,2020-02-11,977956
trade,2020-02-12,1095964
trade,2020-02-13,1431285
trade,2020-02-14,908799
trade,2020-02-15,991926
trade,2020-02-16,1136458
trade,2020-02-17,1256077
trade,2020-02-18,1139326
trade,2020-02-19,1147976
trade,2020-02-20,893788
trade,2020-02-21,644464
trade,2020-02-22,451494
trade,2020-02-23,654989
trade,2020-02-24,948760
trade,2020-02-25,964368
trade,2020-02-26,1410698
trade,2020-02-27,1128011
trade,2020-02-28,1188030
trade,2020-02-29,700315
trade,2020-03-01,1010076
trade,2020-03-02,843385
trade,2020-03-03,830359
trade,2020-03-04,664524
trade,2020-03-05,825992
trade,2020-03-06,646783
trade,2020-03-07,723807
trade,2020-03-08,1238172
trade,2020-03-09,1615178
trade,2020-03-10,1039425
trade,2020-03-11,1033930
trade,2020-03-12,2927049
trade,2020-03-13,2842485
trade,2020-03-14,1346370
trade,2020-03-15,1311412
trade,2020-03-16,2156026
trade,2020-03-17,1487968
trade,2020-03-18,1342154
trade,2020-03-19,1535357
trade,2020-03-20,1895749
trade,2020-03-21,1285150
trade,2020-03-22,1254201
trade,2020-03-23,1339548
trade,2020-03-24,1190379
trade,2020-03-25,1099276
trade,2020-03-26,804655
trade,2020-03-27,784563
trade,2020-03-28,905564
trade,2020-03-29,729507
trade,2020-03-30,956154
trade,2020-03-31,709519
trade,2020-04-01,930742
trade,2020-04-02,1174523
trade,2020-04-03,957084
trade,2020-04-04,811549
trade,2020-04-05,618318
trade,2020-04-06,1139691
trade,2020-04-07,1053733
trade,2020-04-08,922431
trade,2020-04-09,794254
trade,2020-04-10,992450
trade,2020-04-11,597847
trade,2020-04-12,786101
trade,2020-04-13,1011969
trade,2020-04-14,777007
trade,2020-04-15,734193
trade,2020-04-16,1295192
trade,2020-04-17,636118
trade,2020-04-18,611721
trade,2020-04-19,563188
trade,2020-04-20,963209
trade,2020-04-21,754408
trade,2020-04-22,722537
trade,2020-04-23,1186243
trade,2020-04-24,766447
trade,2020-04-25,808531
trade,2020-04-26,835843
trade,2020-04-27,992536
trade,2020-04-28,686543
trade,2020-04-29,2700179
trade,2020-04-30,3996145
trade,2020-05-01,2253185
trade,2020-05-02,1274226
trade,2020-05-03,2387468
trade,2020-05-04,2047813
trade,2020-05-05,1193995
trade,2020-05-06,1016385
trade,2020-05-07,1204194
trade,2020-05-08,834389
trade,2020-05-09,730305
trade,2020-05-10,1484570
trade,2020-05-11,1391566
trade,2020-05-12,772349
trade,2020-05-13,783228
trade,2020-05-14,1077468
trade,2020-05-15,1019112
trade,2020-05-16,669607
trade,2020-05-17,688941
trade,2020-05-18,795932
trade,2020-05-19,718206
trade,2020-05-20,706318
trade,2020-05-21,877712
trade,2020-05-22,575758
trade,2020-05-23,471013
trade,2020-05-24,740931
trade,2020-05-25,634136
trade,2020-05-26,575030
trade,2020-05-27,544267
trade,2020-05-28,657138
trade,2020-05-29,532766
trade,2020-05-30,651953
trade,2020-05-31,590878
trade,2020-06-01,762781
trade,2020-06-02,802826
trade,2020-06-03,450337
trade,2020-06-04,595677
trade,2020-06-05,502526
trade,2020-06-06,366837
trade,2020-06-07,552214
trade,2020-06-08,366990
trade,2020-06-09,451971
trade,2020-06-10,439266
trade,2020-06-11,756283
trade,2020-06-12,445003
trade,2020-06-13,300851
trade,2020-06-14,345101
trade,2020-06-15,712535
trade,2020-06-16,428104
trade,2020-06-17,441349
trade,2020-06-18,361038
trade,2020-06-19,416077
trade,2020-06-20,337234
trade,2020-06-21,264267
trade,2020-06-22,460525
trade,2020-06-23,315077
trade,2020-06-24,512132
trade,2020-06-25,475133
trade,2020-06-26,471799
trade,2020-06-27,459653
trade,2020-06-28,322861
trade,2020-06-29,368680
trade,2020-06-30,282944
trade,2020-07-01,344308
trade,2020-07-02,421350
trade,2020-07-03,238798
trade,2020-07-04,225739
trade,2020-07-05,296469
trade,2020-07-06,417297
trade,2020-07-07,313336
trade,2020-07-08,439633
trade,2020-07-09,432679
trade,2020-07-10,322988
trade,2020-07-11,208496
trade,2020-07-12,319040
trade,2020-07-13,346863
trade,2020-07-14,293370
trade,2020-07-15,255004
trade,2020-07-16,339229
trade,2020-07-17,198148
trade,2020-07-18,175703
trade,2020-07-19,211868
trade,2020-07-20,205256
trade,2020-07-21,376497
trade,2020-07-22,340830
trade,2020-07-23,437241
trade,2020-07-24,388908
trade,2020-07-25,480461
trade,2020-07-26,643395
trade,2020-07-27,1346132
trade,2020-07-28,948139
trade,2020-07-29,714771
trade,2020-07-30,521542
trade,2020-07-31,670310
trade,2020-08-01,835476
trade,2020-08-02,1066790
trade,2020-08-03,595672
trade,2020-08-04,582903
trade,2020-08-05,607788
trade,2020-08-06,535404
trade,2020-08-07,650072
trade,2020-08-08,436789
trade,2020-08-09,432816
trade,2020-08-10,676406
trade,2020-08-11,829892
trade,2020-08-12,519366
trade,2020-08-13,696865
trade,2020-08-14,527002
trade,2020-08-15,557633
trade,2020-08-16,477784
trade,2020-08-17,770330
trade,2020-08-18,622933
trade,2020-08-19,691110
trade,2020-08-20,350616
trade,2020-08-21,571619
trade,2020-08-22,354489
trade,2020-08-23,285532
trade,2020-08-24,335230
trade,2020-08-25,706717
trade,2020-08-26,432786
trade,2020-08-27,632905
trade,2020-08-28,352957
trade,2020-08-29,286022
trade,2020-08-30,343989
trade,2020-08-31,408859
trade,2020-09-01,636210
trade,2020-09-02,752333
trade,2020-09-03,1039498
trade,2020-09-04,888918
trade,2020-09-05,1025093
trade,2020-09-06,605705
trade,2020-09-07,643881
trade,2020-09-08,691709
trade,2020-09-09,408439
trade,2020-09-10,457481
trade,2020-09-11,351203
trade,2020-09-12,273398
trade,2020-09-13,403390
trade,2020-09-14,471996
trade,2020-09-15,496822
trade,2020-09-16,471231
trade,2020-09-17,452310
trade,2020-09-18,325157
trade,2020-09-19,295788
trade,2020-09-20,343233
trade,2020-09-21,611584
trade,2020-09-22,373066
trade,2020-09-23,420107
trade,2020-09-24,484524
trade,2020-09-25,409278
trade,2020-09-26,283085
trade,2020-09-27,290941
trade,2020-09-28,360219
trade,2020-09-29,308518
trade,2020-09-30,288569
trade,2020-10-01,467568
trade,2020-10-02,404916
trade,2020-10-03,205577
trade,2020-10-04,229287
trade,2020-10-05,246070
trade,2020-10-06,373699
trade,2020-10-07,226714
trade,2020-10-08,352666
trade,2020-10-09,280865
trade,2020-10-10,351738
trade,2020-10-11,266088
trade,2020-10-12,412351
trade,2020-10-13,365493
trade,2020-10-14,328426
trade,2020-10-15,340373
trade,2020-10-16,372519
trade,2020-10-17,204299
trade,2020-10-18,184762
trade,2020-10-19,358186
trade,2020-10-20,478349
trade,2020-10-21,817057
trade,2020-10-22,609968
trade,2020-10-23,392127
trade,2020-10-24,333420
trade,2020-10-25,357715
trade,2020-10-26,476358
trade,2020-10-27,559153
trade,2020-10-28,638995
trade,2020-10-29,496975
trade,2020-10-30,529180
trade,2020-10-31,512866
trade,2020-11-01,339129
trade,2020-11-02,485583
trade,2020-11-03,502457
trade,2020-11-04,599683
trade,2020-11-05,698594
trade,2020-11-06,632370
trade,2020-11-07,654452
trade,2020-11-08,429113
trade,2020-11-09,578525
trade,2020-11-10,389468
trade,2020-11-11,467299
trade,2020-11-12,542052
trade,2020-11-13,447408
trade,2020-11-14,376949
trade,2020-11-15,317149
trade,2020-11-16,451620
trade,2020-11-17,603915
trade,2020-11-18,805878
trade,2020-11-19,528862
trade,2020-11-20,584261
trade,2020-11-21,639401
trade,2020-11-22,749405
trade,2020-11-23,731611
trade,2020-11-24,879084
trade,2020-11-25,690009
trade,2020-11-26,1163633
trade,2020-11-27,598613
trade,2020-11-28,426841
trade,2020-11-29,404953
trade,2020-11-30,707269
trade,2020-12-01,840850
trade,2020-12-02,522421
trade,2020-12-03,398252
trade,2020-12-04,475261
trade,2020-12-05,305767
trade,2020-12-06,316176
trade,2020-12-07,283072
trade,2020-12-08,464184
trade,2020-12-09,566335
trade,2020-12-10,378705
trade,2020-12-11,504851
trade,2020-12-12,360324
trade,2020-12-13,343833
trade,2020-12-14,293679
trade,2020-12-15,359242
trade,2020-12-16,671516
trade,2020-12-17,1107099
trade,2020-12-18,508968
trade,2020-12-19,508550
trade,2020-12-20,527925
trade,2020-12-21,685913
trade,2020-12-22,562983
trade,2020-12-23,924375
trade,2020-12-24,660566
trade,2020-12-25,632906
trade,2020-12-26,632748
trade,2020-12-27,875923
trade,2020-12-28,572368
trade,2020-12-29,667931
trade,2020-12-30,674276
trade,2020-12-31,534074
trade,2021-01-01,445362
trade,2021-01-02,870468
trade,2021-01-03,973896
trade,2021-01-04,1240161
trade,2021-01-05,912877
trade,2021-01-06,1002175
trade,2021-01-07,1196782
trade,2021-01-08,1214768
trade,2021-01-09,754284
trade,2021-01-10,983458
trade,2021-01-11,1843482
trade,2021-01-12,1014716
trade,2021-01-13,761277
trade,2021-01-14,712975
trade,2021-01-15,853134
trade,2021-01-16,662655
trade,2021-01-17,613773
trade,2021-01-18,518168
trade,2021-01-19,659584
trade,2021-01-20,739278
trade,2021-01-21,981252
trade,2021-01-22,846557
trade,2021-01-23,498104
trade,2021-01-24,429954
trade,2021-01-25,614496
trade,2021-01-26,621618
trade,2021-01-27,710501
trade,2021-01-28,546660
trade,2021-01-29,1171140
trade,2021-01-30,675173
trade,2021-01-31,554320
trade,2021-02-01,809023
trade,2021-02-02,652089
trade,2021-02-03,593255
trade,2021-02-04,698153
trade,2021-02-05,537625
trade,2021-02-06,626087
trade,2021-02-07,660905
trade,2021-02-08,854119
trade,2021-02-09,745412
trade,2021-02-10,733010
trade,2021-02-11,630657
trade,2021-02-12,621280
trade,2021-02-13,609536
trade,2021-02-14,557699
trade,2021-02-15,618965
trade,2021-02-16,630685
trade,2021-02-17,584973
trade,2021-02-18,459078
trade,2021-02-19,572617
trade,2021-02-20,663339
trade,2021-02-21,488990
trade,2021-02-22,1015205
trade,2021-02-23,1336996
trade,2021-02-24,584519
trade,2021-02-25,575305
trade,2021-02-26,666931
trade,2021-02-27,417364
trade,2021-02-28,568113
trade,2021-03-01,454532
trade,2021-03-02,454040
trade,2021-03-03,493424
trade,2021-03-04,550787
trade,2021-03-05,502721
trade,2021-03-06,340989
trade,2021-03-07,365370
trade,2021-03-08,441932
trade,2021-03-09,450625
trade,2021-03-10,570127
trade,2021-03-11,520952
trade,2021-03-12,566769
trade,2021-03-13,502764
trade,2021-03-14,424284
trade,2021-03-15,615290
trade,2021-03-16,531195
trade,2021-03-17,482711
trade,2021-03-18,448960
trade,2021-03-19,434325
trade,2021-03-20,396570
trade,2021-03-21,392279
trade,2021-03-22,488415
trade,2021-03-23,443304
trade,2021-03-24,662273
trade,2021-03-25,606648
trade,2021-03-26,432776
trade,2021-03-27,336917
trade,2021-03-28,308228
trade,2021-03-29,418640
trade,2021-03-30,327944
trade,2021-03-31,499063
trade,2021-04-01,440293
trade,2021-04-02,422924
trade,2021-04-03,473881
trade,2021-04-04,342337
trade,2021-04-05,515720
trade,2021-04-06,593807
trade,2021-04-07,663370
trade,2021-04-08,413227
trade,2021-04-09,368654
trade,2021-04-10,536570
trade,2021-04-11,419542
trade,2021-04-12,431019
trade,2021-04-13,634139
trade,2021-04-14,747611
trade,2021-04-15,529281
trade,2021-04-16,778530
trade,2021-04-17,502449
trade,2021-04-18,1015647
trade,2021-04-19,589949
trade,2021-04-20,631828
trade,2021-04-21,519254
trade,2021-04-22,797482
trade,2021-04-23,889823
trade,2021-04-24,434438
trade,2021-04-25,457321
trade,2021-04-26,541717
trade,2021-04-27,399500
trade,2021-04-28,485976
trade,2021-04-29,414900
trade,2021-04-30,447099
trade,2021-05-01,362712
trade,2021-05-02,348511
trade,2021-05-03,504258
trade,2021-05-04,771563
trade,2021-05-05,611878
trade,2021-05-06,592552
trade,2021-05-07,531046
trade,2021-05-08,470913
trade,2021-05-09,583276
trade,2021-05-10,789317
trade,2021-05-11,537031
trade,2021-05-12,726014
trade,2021-05-13,953797
trade,2021-05-14,478368
trade,2021-05-15,626827
trade,2021-05-16,733629
trade,2021-05-17,882668
trade,2021-05-18,662837
trade,2021-05-19,1611865
trade,2021-05-20,818993
trade,2021-05-21,774875
trade,2021-05-22,553196
trade,2021-05-23,845674
trade,2021-05-24,610916
trade,2021-05-25,593593
trade,2021-05-26,509230
trade,2021-05-27,470622
trade,2021-05-28,616743
trade,2021-05-29,519870
trade,2021-05-30,392769
trade,2021-05-31,436020
trade,2021-06-01,410549
trade,2021-06-02,362985
trade,2021-06-03,388696
trade,2021-06-04,465511
trade,2021-06-05,399289
trade,2021-06-06,242955
trade,2021-06-07,367590
trade,2021-06-08,469454
trade,2021-06-09,420910
trade,2021-06-10,334550
trade,2021-06-11,309908
trade,2021-06-12,325490
trade,2021-06-13,285265
trade,2021-06-14,314437
trade,2021-06-15,285513
trade,2021-06-16,342257
trade,2021-06-17,285381
trade,2021-06-18,341315
trade,2021-06-19,245192
trade,2021-06-20,323567
trade,2021-06-21,585586
trade,2021-06-22,619142
trade,2021-06-23,397942
trade,2021-06-24,469835
trade,2021-06-25,389789
trade,2021-06-26,320277
trade,2021-06-27,269511
trade,2021-06-28,248955
trade,2021-06-29,267322
trade,2021-06-30,267006
trade,2021-07-01,258032
trade,2021-07-02,234888
trade,2021-07-03,157756
trade,2021-07-04,165917
trade,2021-07-05,242200
trade,2021-07-06,235640
trade,2021-07-07,234207
trade,2021-07-08,280189
trade,2021-07-09,235267
trade,2021-07-10,172254
trade,2021-07-11,170765
trade,2021-07-12,228954
trade,2021-07-13,214325
trade,2021-07-14,242263
trade,2021-07-15,254356
trade,2021-07-16,247597
trade,2021-07-17,224260
trade,2021-07-18,215743
trade,2021-07-19,224240
trade,2021-07-20,293607
trade,2021-07-21,294767
trade,2021-07-22,213116
trade,2021-07-23,229164
trade,2021-07-24,228709
trade,2021-07-25,229832
trade,2021-07-26,491166
trade,2021-07-27,303409
trade,2021-07-28,350380
trade,2021-07-29,271020
trade,2021-07-30,290181
trade,2021-07-31,223780
trade,2021-08-01,291522
trade,2021-08-02,250642
trade,2021-08-03,263551
trade,2021-08-04,259934
trade,2021-08-05,362725
trade,2021-08-06,327045
trade,2021-08-07,371079
trade,2021-08-08,332916
trade,2021-08-09,370152
trade,2021-08-10,290988
trade,2021-08-11,313682
trade,2021-08-12,285929
trade,2021-08-13,320850
trade,2021-08-14,272650
trade,2021-08-15,307530
trade,2021-08-16,346702
trade,2021-08-17,392826
trade,2021-08-18,372438
trade,2021-08-19,367520
trade,2021-08-20,382378
trade,2021-08-21,319960
trade,2021-08-22,313694
trade,2021-08-23,387205
trade,2021-08-24,416985
trade,2021-08-25,394993
trade,2021-08-26,391835
trade,2021-08-27,389105
trade,2021-08-28,242122
trade,2021-08-29,291120
trade,2021-08-30,373692
trade,2021-08-31,439073
trade,2021-09-01,399741
trade,2021-09-02,412761
trade,2021-09-03,467600
trade,2021-09-04,294531
trade,2021-09-05,316103
trade,2021-09-06,344148
trade,2021-09-07,942541
trade,2021-09-08,506948
trade,2021-09-09,355165
trade,2021-09-10,423747
trade,2021-09-11,291504
trade,2021-09-12,311234
trade,2021-09-13,530978
trade,2021-09-14,356828
trade,2021-09-15,319080
trade,2021-09-16,343235
trade,2021-09-17,320213
trade,2021-09-18,278206
trade,2021-09-19,262858
trade,2021-09-20,634965
trade,2021-09-21,666201
trade,2021-09-22,452446
trade,2021-09-23,321395
trade,2021-09-24,596991
trade,2021-09-25,296930
trade,2021-09-26,410401
trade,2021-09-27,309017
trade,2021-09-28,385245
trade,2021-09-29,351146
trade,2021-09-30,332043
trade,2021-10-01,403129
trade,2021-10-02,230499
trade,2021-10-03,238542
trade,2021-10-04,362281
trade,2021-10-05,324317
trade,2021-10-06,408020
trade,2021-10-07,288974
trade,2021-10-08,290356
trade,2021-10-09,226010
trade,2021-10-10,294947
trade,2021-10-11,320887
trade,2021-10-12,368131
trade,2021-10-13,359721
trade,2021-10-14,290464
trade,2021-10-15,439621
trade,2021-10-16,265709
trade,2021-10-17,397050
trade,2021-10-18,337968
trade,2021-10-19,342463
trade,2021-10-20,369045
trade,2021-10-21,663584
trade,2021-10-22,381497
trade,2021-10-23,239315
trade,2021-10-24,286701
trade,2021-10-25,320170
trade,2021-10-26,390413
trade,2021-10-27,536959
trade,2021-10-28,482693
trade,2021-10-29,402580
trade,2021-10-30,229516
trade,2021-10-31,286398
trade,2021-11-01,346188
trade,2021-11-02,340760
trade,2021-11-03,348631
trade,2021-11-04,302608
trade,2021-11-05,247907
trade,2021-11-06,235051
trade,2021-11-07,219479
trade,2021-11-08,374251
trade,2021-11-09,337929
trade,2021-11-10,471303
trade,2021-11-11,276552
trade,2021-11-12,381696
trade,2021-11-13,209978
trade,2021-11-14,221339
trade,2021-11-15,297345
trade,2021-11-16,543570
trade,2021-11-17,380840
trade,2021-11-18,530107
trade,2021-11-19,355648
trade,2021-11-20,244890
trade,2021-11-21,232482
trade,2021-11-22,387981
trade,2021-11-23,307117
trade,2021-11-24,315375
trade,2021-11-25,315524
trade,2021-11-26,521225
trade,2021-11-27,224961
trade,2021-11-28,331034
trade,2021-11-29,302558
trade,2021-11-30,426359
trade,2021-12-01,366533
trade,2021-12-02,343508
trade,2021-12-03,559143
trade,2021-12-04,790619
trade,2021-12-05,337137
trade,2021-12-06,446154
trade,2021-12-07,295748
trade,2021-12-08,305155
trade,2021-12-09,338439
trade,2021-12-10,385285
trade,2021-12-11,293791
trade,2021-12-12,208172
trade,2021-12-13,391934
trade,2021-12-14,345935
trade,2021-12-15,381819
trade,2021-12-16,259191
trade,2021-12-17,331017
trade,2021-12-18,218369
trade,2021-12-19,255672
trade,2021-12-20,340910
trade,2021-12-21,272903
trade,2021-12-22,253115
trade,2021-12-23,311215
trade,2021-12-24,291532
trade,2021-12-25,252844
trade,2021-12-26,247611
trade,2021-12-27,313384
trade,2021-12-28,333905
trade,2021-12-29,298345
trade,2021-12-30,226100
trade,2021-12-31,289313
trade,2022-01-01,196955
trade,2022-01-02,216328
trade,2022-01-03,258967
trade,2022-01-04,268775
trade,2022-01-05,412394
trade,2022-01-06,254423
trade,2022-01-07,377905
trade,2022-01-08,238036
trade,2022-01-09,211349
trade,2022-01-10,370990
trade,2022-01-11,271549
trade,2022-01-12,266969
trade,2022-01-13,274260
trade,2022-01-14,292611
trade,2022-01-15,196605
trade,2022-01-16,217296
trade,2022-01-17,277061
trade,2022-01-18,278611
trade,2022-01-19,274992
trade,2022-01-20,312496
trade,2022-01-21,540662
trade,2022-01-22,448979
trade,2022-01-23,286241
trade,2022-01-24,557720
trade,2022-01-25,290158
trade,2022-01-26,394017
trade,2022-01-27,303759
trade,2022-01-28,275476
trade,2022-01-29,218434
trade,2022-01-30,204108
trade,2022-01-31,296219
trade,2022-02-01,301727
trade,2022-02-02,292739
trade,2022-02-03,272884
trade,2022-02-04,359586
trade,2022-02-05,237602
trade,2022-02-06,198904
trade,2022-02-07,345086
trade,2022-02-08,387753
trade,2022-02-09,285538
trade,2022-02-10,384290
trade,2022-02-11,347261
trade,2022-02-12,562388
trade,2022-02-13,471130
trade,2022-02-14,302622
trade,2022-02-15,266442
trade,2022-02-16,271079
trade,2022-02-17,330061
trade,2022-02-18,286276
trade,2022-02-19,191969
trade,2022-02-20,271742
trade,2022-02-21,395033
trade,2022-02-22,331800
trade,2022-02-23,315454
trade,2022-02-24,537865
trade,2022-02-25,296978
trade,2022-02-26,206219
trade,2022-02-27,276506
trade,2022-02-28,387136
trade,2022-03-01,329750
trade,2022-03-02,310882
trade,2022-03-03,271522
trade,2022-03-04,320892
trade,2022-03-05,192373
trade,2022-03-06,246525
trade,2022-03-07,313561
trade,2022-03-08,284272
trade,2022-03-09,324239
trade,2022-03-10,327499
trade,2022-03-11,271835
trade,2022-03-12,174177
trade,2022-03-13,204129
trade,2022-03-14,275223
trade,2022-03-15,278840
trade,2022-03-16,391580
trade,2022-03-17,222002
trade,2022-03-18,297854
trade,2022-03-19,245852
trade,2022-03-20,267662
trade,2022-03-21,351465
trade,2022-03-22,378068
trade,2022-03-23,329735
trade,2022-03-24,349621
trade,2022-03-25,344252
trade,2022-03-26,210054
trade,2022-03-27,282160
trade,2022-03-28,336163
trade,2022-03-29,297979
trade,2022-03-30,310854
trade,2022-03-31,302739
trade,2022-04-01,309521
trade,2022-04-02,248011
trade,2022-04-03,285724
trade,2022-04-04,324582
trade,2022-04-05,309649
trade,2022-04-06,354594
trade,2022-04-07,277755
trade,2022-04-08,368111
trade,2022-04-09,217343
trade,2022-04-10,250518
trade,2022-04-11,457138
trade,2022-04-12,344441
trade,2022-04-13,291440
trade,2022-04-14,225479
trade,2022-04-15,178444
trade,2022-04-16,150548
trade,2022-04-17,182062
trade,2022-04-18,287980
trade,2022-04-19,202587
trade,2022-04-20,235982
trade,2022-04-21,258480
trade,2022-04-22,184866
trade,2022-04-23,139977
trade,2022-04-24,199248
trade,2022-04-25,350563
trade,2022-04-26,320943
trade,2022-04-27,248893
trade,2022-04-28,269315
trade,2022-04-29,237612
trade,2022-04-30,189044
trade,2022-05-01,229449
trade,2022-05-02,259314
trade,2022-05-03,217439
trade,2022-05-04,295301
trade,2022-05-05,358833
trade,2022-05-06,288300
trade,2022-05-07,182700
trade,2022-05-08,291047
trade,2022-05-09,586228
trade,2022-05-10,540167
trade,2022-05-11,855977
trade,2022-05-12,659000
trade,2022-05-13,425032
trade,2022-05-14,277740
trade,2022-05-15,220059
trade,2022-05-16,294331
trade,2022-05-17,301518
trade,2022-05-18,260036
trade,2022-05-19,266407
trade,2022-05-20,274615
trade,2022-05-21,169225
trade,2022-05-22,182050
trade,2022-05-23,274587
trade,2022-05-24,247617
trade,2022-05-25,247329
trade,2022-05-26,335076
trade,2022-05-27,344499
trade,2022-05-28,170852
trade,2022-05-29,164315
trade,2022-05-30,293208
trade,2022-05-31,292383
trade,2022-06-01,308688
trade,2022-06-02,231858
trade,2022-06-03,214582
trade,2022-06-04,156051
trade,2022-06-05,180555
trade,2022-06-06,253525
trade,2022-06-07,322689
trade,2022-06-08,260419
trade,2022-06-09,237484
trade,2022-06-10,266772
trade,2022-06-11,267016
trade,2022-06-12,289665
trade,2022-06-13,606886
trade,2022-06-14,410841
trade,2022-06-15,494239
trade,2022-06-16,323402
trade,2022-06-17,258980
trade,2022-06-18,376712
trade,2022-06-19,356913
trade,2022-06-20,289878
trade,2022-06-21,275157
trade,2022-06-22,302870
trade,2022-06-23,252800
trade,2022-06-24,249521
trade,2022-06-25,182327
trade,2022-06-26,208258
trade,2022-06-27,228010
trade,2022-06-28,248257
trade,2022-06-29,257602
trade,2022-06-30,287001
trade,2022-07-01,292404
trade,2022-07-02,149577
trade,2022-07-03,188112
trade,2022-07-04,236141
trade,2022-07-05,299369
trade,2022-07-06,261615
trade,2022-07-07,213075
trade,2022-07-08,276735
trade,2022-07-09,161183
trade,2022-07-10,194212
trade,2022-07-11,210364
trade,2022-07-12,215563
trade,2022-07-13,289406
trade,2022-07-14,236994
trade,2022-07-15,257150
trade,2022-07-16,215421
trade,2022-07-17,210828
trade,2022-07-18,339774
trade,2022-07-19,390919
trade,2022-07-20,335159
trade,2022-07-21,282550
trade,2022-07-22,267359
trade,2022-07-23,217405
trade,2022-07-24,205376
trade,2022-07-25,272325
trade,2022-07-26,272568
trade,2022-07-27,308389
trade,2022-07-28,374316
trade,2022-07-29,321156
trade,2022-07-30,250501
trade,2022-07-31,219076
trade,2022-08-01,247150
trade,2022-08-02,283435
trade,2022-08-03,258400
trade,2022-08-04,266726
trade,2022-08-05,264712
trade,2022-08-06,138984
trade,2022-08-07,126186
trade,2022-08-08,236874
trade,2022-08-09,263605
trade,2022-08-10,322458
trade,2022-08-11,284094
trade,2022-08-12,209874
trade,2022-08-13,191699
trade,2022-08-14,226506
trade,2022-08-15,292424
trade,2022-08-16,251965
trade,2022-08-17,274076
trade,2022-08-18,210371
trade,2022-08-19,360293
trade,2022-08-20,200732
trade,2022-08-21,183367
trade,2022-08-22,239336
trade,2022-08-23,220629
trade,2022-08-24,201619
trade,2022-08-25,181602
trade,2022-08-26,307949
trade,2022-08-27,193856
trade,2022-08-28,185338
trade,2022-08-29,237203
trade,2022-08-30,279018
trade,2022-08-31,249886
trade,2022-09-01,252457
trade,2022-09-02,251182
trade,2022-09-03,162887
trade,2022-09-04,177480
trade,2022-09-05,227277
trade,2022-09-06,364374
trade,2022-09-07,237796
trade,2022-09-08,238329
trade,2022-09-09,320415
trade,2022-09-10,212802
trade,2022-09-11,177194
trade,2022-09-12,288927
trade,2022-09-13,372415
trade,2022-09-14,260240
trade,2022-09-15,296552
trade,2022-09-16,222248
trade,2022-09-17,159405
trade,2022-09-18,201111
trade,2022-09-19,304900
trade,2022-09-20,257204
trade,2022-09-21,208520
trade,2022-09-22,301819
trade,2022-09-23,315774
trade,2022-09-24,188096
trade,2022-09-25,195500
trade,2022-09-26,259041
trade,2022-09-27,369312
trade,2022-09-28,325002
trade,2022-09-29,268312
trade,2022-09-30,333936
trade,2022-10-01,147125
trade,2022-10-02,184072
trade,2022-10-03,252627
trade,2022-10-04,260400
trade,2022-10-05,245949
trade,2022-10-06,243047
trade,2022-10-07,217640
trade,2022-10-08,113756
trade,2022-10-09,120152
trade,2022-10-10,225399
trade,2022-10-11,199406
trade,2022-10-12,166346
trade,2022-10-13,307684
trade,2022-10-14,203683
trade,2022-10-15,92074
trade,2022-10-16,106476
trade,2022-10-17,154746
trade,2022-10-18,218977
trade,2022-10-19,159621
trade,2022-10-20,208517
trade,2022-10-21,208660
trade,2022-10-22,88743
trade,2022-10-23,121297
trade,2022-10-24,164008
trade,2022-10-25,258827
trade,2022-10-26,278949
trade,2022-10-27,275783
trade,2022-10-28,249530
trade,2022-10-29,257116
trade,2022-10-30,183684
trade,2022-10-31,244486
trade,2022-11-01,192830
trade,2022-11-02,236475
trade,2022-11-03,204706
trade,2022-11-04,308185
trade,2022-11-05,201515
trade,2022-11-06,174790
trade,2022-11-07,279274
trade,2022-11-08,759029
trade,2022-11-09,700932
trade,2022-11-10,489866
trade,2022-11-11,388414
trade,2022-11-12,151162
trade,2022-11-13,166485
trade,2022-11-14,276460
trade,2022-11-15,188731
trade,2022-11-16,160147
trade,2022-11-17,136669
trade,2022-11-18,119547
trade,2022-11-19,71122
trade,2022-11-20,126249
trade,2022-11-21,202391
trade,2022-11-22,160544
trade,2022-11-23,175228
trade,2022-11-24,127935
trade,2022-11-25,120392
trade,2022-11-26,113286
trade,2022-11-27,104648
trade,2022-11-28,174604
trade,2022-11-29,147205
trade,2022-11-30,180334
trade,2022-12-01,129450
trade,2022-12-02,126618
trade,2022-12-03,105692
trade,2022-12-04,115295
trade,2022-12-05,170263
trade,2022-12-06,153770
trade,2022-12-07,134941
trade,2022-12-08,149139
trade,2022-12-09,119896
trade,2022-12-10,69394
trade,2022-12-11,86151
trade,2022-12-12,131013
trade,2022-12-13,193779
trade,2022-12-14,179300
trade,2022-12-15,145440
trade,2022-12-16,230638
trade,2022-12-17,111487
trade,2022-12-18,76000
trade,2022-12-19,154694
trade,2022-12-20,190427
trade,2022-12-21,118898
trade,2022-12-22,141843
trade,2022-12-23,107485
trade,2022-12-24,53887
trade,2022-12-25,74899
trade,2022-12-26,86895
trade,2022-12-27,121751
trade,2022-12-28,158908
trade,2022-12-29,154540
trade,2022-12-30,158034
trade,2022-12-31,73808
trade,2023-01-01,61207
trade,2023-01-02,128157
trade,2023-01-03,136560
trade,2023-01-04,204425
trade,2023-01-05,117655
trade,2023-01-06,161833
trade,2023-01-07,59056
trade,2023-01-08,124722
trade,2023-01-09,268015
trade,2023-01-10,173604
trade,2023-01-11,203403
trade,2023-01-12,358287
trade,2023-01-13,273069
trade,2023-01-14,469481
trade,2023-01-15,229673
trade,2023-01-16,292324
trade,2023-01-17,278843
trade,2023-01-18,387725
trade,2023-01-19,205720
trade,2023-01-20,292033
trade,2023-01-21,318282
trade,2023-01-22,266159
trade,2023-01-23,319782
trade,2023-01-24,313557
trade,2023-01-25,366133
trade,2023-01-26,307521
trade,2023-01-27,352014
trade,2023-01-28,225017
trade,2023-01-29,296815
trade,2023-01-30,365734
trade,2023-01-31,270667
trade,2023-02-01,379828
trade,2023-02-02,378558
trade,2023-02-03,287229
trade,2023-02-04,173177
trade,2023-02-05,250120
trade,2023-02-06,260225
trade,2023-02-07,314150
trade,2023-02-08,265811
trade,2023-02-09,465593
trade,2023-02-10,281488
trade,2023-02-11,114622
trade,2023-02-12,184897
trade,2023-02-13,335520
trade,2023-02-14,278989
trade,2023-02-15,288231
trade,2023-02-16,348728
trade,2023-02-17,296589
trade,2023-02-18,154947
trade,2023-02-19,254096
trade,2023-02-20,300259
trade,2023-02-21,297874
trade,2023-02-22,327316
trade,2023-02-23,306815
trade,2023-02-24,218992
trade,2023-02-25,180914
trade,2023-02-26,161952
trade,2023-02-27,227179
trade,2023-02-28,198637
trade,2023-03-01,230168
trade,2023-03-02,203754
trade,2023-03-03,272973
trade,2023-03-04,121266
trade,2023-03-05,161920
trade,2023-03-06,177298
trade,2023-03-07,229173
trade,2023-03-08,241388
trade,2023-03-09,306909
trade,2023-03-10,387704
trade,2023-03-11,362242
trade,2023-03-12,341898
trade,2023-03-13,429808
trade,2023-03-14,477088
trade,2023-03-15,405017
trade,2023-03-16,274717
trade,2023-03-17,396351
trade,2023-03-18,303222
trade,2023-03-19,278439
trade,2023-03-20,375491
trade,2023-03-21,324684
trade,2023-03-22,398564
trade,2023-03-23,303537
trade,2023-03-24,319746
trade,2023-03-25,203773
trade,2023-03-26,186436
trade,2023-03-27,268655
trade,2023-03-28,263120
trade,2023-03-29,274140
trade,2023-03-30,273256
trade,2023-03-31,233017
trade,2023-04-01,136168
trade,2023-04-02,153345
trade,2023-04-03,298684
trade,2023-04-04,216345
trade,2023-04-05,217115
trade,2023-04-06,162524
trade,2023-04-07,127416
trade,2023-04-08,82937
trade,2023-04-09,111313
trade,2023-04-10,161475
trade,2023-04-11,183491
trade,2023-04-12,182845
trade,2023-04-13,173536
trade,2023-04-14,220134
trade,2023-04-15,108078
trade,2023-04-16,130713
trade,2023-04-17,189974
trade,2023-04-18,181466
trade,2023-04-19,263245
trade,2023-04-20,226488
trade,2023-04-21,225171
trade,2023-04-22,116030
trade,2023-04-23,138310
trade,2023-04-24,215055
trade,2023-04-25,180745
trade,2023-04-26,329363
trade,2023-04-27,269363
trade,2023-04-28,185897
trade,2023-04-29,118079
trade,2023-04-30,185063
trade,2023-05-01,243075
trade,2023-05-02,203057
trade,2023-05-03,244400
trade,2023-05-04,165623
trade,2023-05-05,225178
trade,2023-05-06,215147
trade,2023-05-07,168566
trade,2023-05-08,275325
trade,2023-05-09,198789
trade,2023-05-10,266216
trade,2023-05-11,207658
trade,2023-05-12,228053
trade,2023-05-13,119216
trade,2023-05-14,138967
trade,2023-05-15,198369
trade,2023-05-16,178500
trade,2023-05-17,201858
trade,2023-05-18,197486
trade,2023-05-19,139795
trade,2023-05-20,90969
trade,2023-05-21,126448
trade,2023-05-22,160104
trade,2023-05-23,157749
trade,2023-05-24,211138
trade,2023-05-25,160743
trade,2023-05-26,155551
trade,2023-05-27,96160
trade,2023-05-28,179403
trade,2023-05-29,157631
trade,2023-05-30,170678
trade,2023-05-31,175243
trade,2023-06-01,164214
trade,2023-06-02,147339
trade,2023-06-03,72971
trade,2023-06-04,85059
trade,2023-06-05,231126
trade,2023-06-06,210458
trade,2023-06-07,214490
trade,2023-06-08,137848
trade,2023-06-09,150708
trade,2023-06-10,390786
trade,2023-06-11,135945
trade,2023-06-12,199175
trade,2023-06-13,209452
trade,2023-06-14,218354
trade,2023-06-15,208545
trade,2023-06-16,179763
trade,2023-06-17,116779
trade,2023-06-18,118028
trade,2023-06-19,157639
trade,2023-06-20,231555
trade,2023-06-21,307046
trade,2023-06-22,223677
trade,2023-06-23,239562
trade,2023-06-24,153997
trade,2023-06-25,154884
trade,2023-06-26,197519
trade,2023-06-27,173442
trade,2023-06-28,190326
trade,2023-06-29,160827
trade,2023-06-30,300485
trade,2023-07-01,142881
trade,2023-07-02,199830
trade,2023-07-03,201488
trade,2023-07-04,155782
trade,2023-07-05,175172
trade,2023-07-06,274995
trade,2023-07-07,185883
trade,2023-07-08,113997
trade,2023-07-09,109900
trade,2023-07-10,209275
trade,2023-07-11,141890
trade,2023-07-12,155255
trade,2023-07-13,284575
trade,2023-07-14,308427
trade,2023-07-15,129686
trade,2023-07-16,120067
trade,2023-07-17,183838
trade,2023-07-18,186331
trade,2023-07-19,155560
trade,2023-07-20,189081
trade,2023-07-21,134324
trade,2023-07-22,99258
trade,2023-07-23,114151
trade,2023-07-24,176080
trade,2023-07-25,121075
trade,2023-07-26,137523
trade,2023-07-27,101014
trade,2023-07-28,86640
trade,2023-07-29,54995
trade,2023-07-30,99735
trade,2023-07-31,116330
trade,2023-08-01,168120
trade,2023-08-02,148776
trade,2023-08-03,128658
trade,2023-08-04,123335
trade,2023-08-05,71376
trade,2023-08-06,82332
trade,2023-08-07,155889
trade,2023-08-08,145462
trade,2023-08-09,128593
trade,2023-08-10,95105
trade,2023-08-11,111970
trade,2023-08-12,39440
trade,2023-08-13,62112
trade,2023-08-14,125857
trade,2023-08-15,119146
trade,2023-08-16,124946
trade,2023-08-17,301791
trade,2023-08-18,200830
trade,2023-08-19,93362
trade,2023-08-20,101535
trade,2023-08-21,165075
trade,2023-08-22,141762
trade,2023-08-23,163196
trade,2023-08-24,111060
trade,2023-08-25,114005
trade,2023-08-26,60945
trade,2023-08-27,52123
trade,2023-08-28,107787
trade,2023-08-29,166854
trade,2023-08-30,117616
trade,2023-08-31,191809
trade,2023-09-01,159683
trade,2023-09-02,85048
trade,2023-09-03,96662
trade,2023-09-04,99374
trade,2023-09-05,95546
trade,2023-09-06,121426
trade,2023-09-07,111780
trade,2023-09-08,121149
trade,2023-09-09,41125
trade,2023-09-10,115656
trade,2023-09-11,187340
trade,2023-09-12,200707
trade,2023-09-13,138742
trade,2023-09-14,143591
trade,2023-09-15,115757
trade,2023-09-16,78654
trade,2023-09-17,82188
trade,2023-09-18,186885
trade,2023-09-19,147406
trade,2023-09-20,139886
trade,2023-09-21,124053
trade,2023-09-22,99047
trade,2023-09-23,48393
trade,2023-09-24,77419
trade,2023-09-25,129682
trade,2023-09-26,100927
trade,2023-09-27,130944
trade,2023-09-28,133233
trade,2023-09-29,146322
trade,2023-09-30,73143
trade,2023-10-01,138473
trade,2023-10-02,213579
trade,2023-10-03,142175
trade,2023-10-04,146322
trade,2023-10-05,123200
trade,2023-10-06,128402
trade,2023-10-07,56987
trade,2023-10-08,75845
trade,2023-10-09,144581
trade,2023-10-10,101733
trade,2023-10-11,151852
trade,2023-10-12,122538
trade,2023-10-13,104425
trade,2023-10-14,40745
trade,2023-10-15,73464
trade,2023-10-16,244483
trade,2023-10-17,123916
trade,2023-10-18,107869
trade,2023-10-19,112726
trade,2023-10-20,185061
trade,2023-10-21,130516
trade,2023-10-22,126384
trade,2023-10-23,332525
trade,2023-10-24,364267
trade,2023-10-25,229512
trade,2023-10-26,207085
trade,2023-10-27,167996
trade,2023-10-28,99941
trade,2023-10-29,103204
trade,2023-10-30,160614
trade,2023-10-31,198104
trade,2023-11-01,312021
trade,2023-11-02,264780
trade,2023-11-03,265574
trade,2023-11-04,128490
trade,2023-11-05,201277
trade,2023-11-06,214115
trade,2023-11-07,287680
trade,2023-11-08,223645
trade,2023-11-09,443991
trade,2023-11-10,285801
trade,2023-11-11,248571
trade,2023-11-12,188498
trade,2023-11-13,274546
trade,2023-11-14,267044
trade,2023-11-15,226579
trade,2023-11-16,279263
trade,2023-11-17,232333
trade,2023-11-18,120908
trade,2023-11-19,154834
trade,2023-11-20,228686
trade,2023-11-21,277063
trade,2023-11-22,196775
trade,2023-11-23,126003
trade,2023-11-24,186289
trade,2023-11-25,93494
trade,2023-11-26,130339
trade,2023-11-27,178420
trade,2023-11-28,154037
trade,2023-11-29,158832
trade,2023-11-30,119535
trade,2023-12-01,204369
trade,2023-12-02,121922
trade,2023-12-03,134384
trade,2023-12-04,294740
trade,2023-12-05,234587
trade,2023-12-06,302448
trade,2023-12-07,218290
trade,2023-12-08,222726
trade,2023-12-09,223670
trade,2023-12-10,140503
trade,2023-12-11,404640
trade,2023-12-12,215944
trade,2023-12-13,236348
trade,2023-12-14,204458
trade,2023-12-15,159918
trade,2023-12-16,120680
trade,2023-12-17,151954
trade,2023-12-18,230433
trade,2023-12-19,189308
trade,2023-12-20,246929
trade,2023-12-21,239995
trade,2023-12-22,239735
trade,2023-12-23,136182
trade,2023-12-24,178817
trade,2023-12-25,180829
trade,2023-12-26,260430
trade,2023-12-27,244329
trade,2023-12-28,268965
trade,2023-12-29,233543
trade,2023-12-30,135518
trade,2023-12-31,130394
trade,2024-01-01,152515
trade,2024-01-02,305546
trade,2024-01-03,387943
trade,2024-01-04,209150
trade,2024-01-05,276869
trade,2024-01-06,135383
trade,2024-01-07,169658
trade,2024-01-08,359270
trade,2024-01-09,340858
trade,2024-01-10,440518
trade,2024-01-11,379743
trade,2024-01-12,389995
trade,2024-01-13,161713
trade,2024-01-14,163214
trade,2024-01-15,196741
trade,2024-01-16,192122
trade,2024-01-17,197159
trade,2024-01-18,246362
trade,2024-01-19,313013
trade,2024-01-20,125820
trade,2024-01-21,94397
trade,2024-01-22,321600
trade,2024-01-23,296103
trade,2024-01-24,194790
trade,2024-01-25,167492
trade,2024-01-26,202553
trade,2024-01-27,103425
trade,2024-01-28,154565
trade,2024-01-29,240443
trade,2024-01-30,227864
trade,2024-01-31,249988
trade,2024-02-01,196367
trade,2024-02-02,171137
trade,2024-02-03,90003
trade,2024-02-04,121929
trade,2024-02-05,183350
trade,2024-02-06,149357
trade,2024-02-07,183717
trade,2024-02-08,221234
trade,2024-02-09,282506
trade,2024-02-10,139462
trade,2024-02-11,186867
trade,2024-02-12,272371
trade,2024-02-13,266945
trade,2024-02-14,263057
trade,2024-02-15,263692
trade,2024-02-16,210915
trade,2024-02-17,160467
trade,2024-02-18,149096
trade,2024-02-19,184200
trade,2024-02-20,313193
trade,2024-02-21,302172
trade,2024-02-22,230574
trade,2024-02-23,188267
trade,2024-02-24,104018
trade,2024-02-25,154818
trade,2024-02-26,278158
trade,2024-02-27,356254
trade,2024-02-28,570217
trade,2024-02-29,469478
trade,2024-03-01,319659
trade,2024-03-02,266413
trade,2024-03-03,240582
trade,2024-03-04,440827
trade,2024-03-05,654343
trade,2024-03-06,434994
trade,2024-03-07,288266
trade,2024-03-08,369080
trade,2024-03-09,158988
trade,2024-03-10,226761
trade,2024-03-11,405811
trade,2024-03-12,374314
trade,2024-03-13,265133
trade,2024-03-14,423218
trade,2024-03-15,499489
trade,2024-03-16,319525
trade,2024-03-17,356780
trade,2024-03-18,304774
trade,2024-03-19,542169
trade,2024-03-20,412378
trade,2024-03-21,300529
trade,2024-03-22,311842
trade,2024-03-23,217426
trade,2024-03-24,213377
trade,2024-03-25,308416
trade,2024-03-26,275832
trade,2024-03-27,333476
trade,2024-03-28,270845
trade,2024-03-29,232939
trade,2024-03-30,142601
trade,2024-03-31,142769
trade,2024-04-01,256533
trade,2024-04-02,399185
trade,2024-04-03,249442
trade,2024-04-04,267668
trade,2024-04-05,280550
trade,2024-04-06,138116
trade,2024-04-07,177131
trade,2024-04-08,276061
trade,2024-04-09,283493
trade,2024-04-10,300787
trade,2024-04-11,236954
trade,2024-04-12,404819
trade,2024-04-13,499070
trade,2024-04-14,366686
trade,2024-04-15,355169
trade,2024-04-16,334703
trade,2024-04-17,309828
trade,2024-04-18,286186
trade,2024-04-19,368802
trade,2024-04-20,201833
trade,2024-04-21,200477
trade,2024-04-22,240538
trade,2024-04-23,185941
trade,2024-04-24,260349
trade,2024-04-25,251144
trade,2024-04-26,203032
trade,2024-04-27,173949
trade,2024-04-28,138061
trade,2024-04-29,211597
trade,2024-04-30,351334
trade,2024-05-01,428186
trade,2024-05-02,246836
trade,2024-05-03,279182
trade,2024-05-04,213879
trade,2024-05-05,165423
trade,2024-05-06,245831
trade,2024-05-07,205731
trade,2024-05-08,225523
trade,2024-05-09,195660
trade,2024-05-10,216773
trade,2024-05-11,106536
trade,2024-05-12,102043
trade,2024-05-13,235265
trade,2024-05-14,233943
trade,2024-05-15,295050
trade,2024-05-16,233415
trade,2024-05-17,228247
trade,2024-05-18,132820
trade,2024-05-19,160939
trade,2024-05-20,382529
trade,2024-05-21,357942
trade,2024-05-22,269690
trade,2024-05-23,381604
trade,2024-05-24,242767
trade,2024-05-25,132327
trade,2024-05-26,140760
trade,2024-05-27,225252
trade,2024-05-28,274608
trade,2024-05-29,250745
trade,2024-05-30,231125
trade,2024-05-31,208846
trade,2024-06-01,77196
trade,2024-06-02,109011
trade,2024-06-03,216505
trade,2024-06-04,280259
trade,2024-06-05,215284
trade,2024-06-06,182450
trade,2024-06-07,361423
trade,2024-06-08,107965
trade,2024-06-09,86165
trade,2024-06-10,154971
trade,2024-06-11,300320
trade,2024-06-12,273930
trade,2024-06-13,230815
trade,2024-06-14,231402
trade,2024-06-15,92738
trade,2024-06-16,91698
trade,2024-06-17,229919
trade,2024-06-18,307712
trade,2024-06-19,171633
trade,2024-06-20,212791
trade,2024-06-21,195974
trade,2024-06-22,72962
trade,2024-06-23,94789
trade,2024-06-24,337703
trade,2024-06-25,205268
trade,2024-06-26,163923
trade,2024-06-27,179753
trade,2024-06-28,222778
trade,2024-06-29,88780
trade,2024-06-30,133670
trade,2024-07-01,181539
trade,2024-07-02,129630
trade,2024-07-03,200951
trade,2024-07-04,297196
trade,2024-07-05,399953
trade,2024-07-06,168210
trade,2024-07-07,165356
trade,2024-07-08,376204
trade,2024-07-09,207334
trade,2024-07-10,210069
trade,2024-07-11,240997
trade,2024-07-12,187892
trade,2024-07-13,152560
trade,2024-07-14,183976
trade,2024-07-15,276684
trade,2024-07-16,281601
trade,2024-07-17,231426
trade,2024-07-18,183749
trade,2024-07-19,268310
trade,2024-07-20,158070
trade,2024-07-21,205726
trade,2024-07-22,211777
trade,2024-07-23,274659
trade,2024-07-24,200861
trade,2024-07-25,259963
trade,2024-07-26,192236
trade,2024-07-27,234186
trade,2024-07-28,142019
trade,2024-07-29,283447
trade,2024-07-30,202972
trade,2024-07-31,207422
trade,2024-08-01,270882
trade,2024-08-02,307887
trade,2024-08-03,242009
trade,2024-08-04,230976
trade,2024-08-05,885574
trade,2024-08-06,294953
trade,2024-08-07,309268
trade,2024-08-08,348022
trade,2024-08-09,260738
trade,2024-08-10,138929
trade,2024-08-11,205851
trade,2024-08-12,332993
trade,2024-08-13,242406
trade,2024-08-14,226802
trade,2024-08-15,298270
trade,2024-08-16,233959
trade,2024-08-17,104170
trade,2024-08-18,150633
trade,2024-08-19,200104
trade,2024-08-20,223392
trade,2024-08-21,235733
trade,2024-08-22,189974
trade,2024-08-23,269844
trade,2024-08-24,167708
trade,2024-08-25,142493
trade,2024-08-26,199428
trade,2024-08-27,254549
trade,2024-08-28,291681
trade,2024-08-29,225184
trade,2024-08-30,195756
trade,2024-08-31,67853
trade,2024-09-01,163186
trade,2024-09-02,183187
trade,2024-09-03,180288
trade,2024-09-04,260244
trade,2024-09-05,205127
trade,2024-09-06,355212
trade,2024-09-07,152524
trade,2024-09-08,152017
trade,2024-09-09,233338
trade,2024-09-10,169407
trade,2024-09-11,235956
trade,2024-09-12,190740
trade,2024-09-13,197209
trade,2024-09-14,109727
trade,2024-09-15,130306
trade,2024-09-16,196494
trade,2024-09-17,218542
trade,2024-09-18,241469
trade,2024-09-19,227054
trade,2024-09-20,192658
trade,2024-09-21,85485
trade,2024-09-22,146944
trade,2024-09-23,190597
trade,2024-09-24,191801
trade,2024-09-25,168905
trade,2024-09-26,234377
trade,2024-09-27,228952
trade,2024-09-28,119181
trade,2024-09-29,129681
trade,2024-09-30,260135
trade,2024-10-01,326922
trade,2024-10-02,279269
trade,2024-10-03,253690
trade,2024-10-04,221086
trade,2024-10-05,92572
trade,2024-10-06,132358
trade,2024-10-07,302496
trade,2024-10-08,206027
trade,2024-10-09,202103
trade,2024-10-10,244320
trade,2024-10-11,186478
trade,2024-10-12,120675
trade,2024-10-13,122032
trade,2024-10-14,251789
trade,2024-10-15,279272
trade,2024-10-16,206857
trade,2024-10-17,164883
trade,2024-10-18,176933
trade,2024-10-19,91444
trade,2024-10-20,128558
trade,2024-10-21,197408
trade,2024-10-22,197970
trade,2024-10-23,206929
trade,2024-10-24,184557
trade,2024-10-25,274049
trade,2024-10-26,135725
trade,2024-10-27,94782
trade,2024-10-28,205923
trade,2024-10-29,259182
trade,2024-10-30,193823
trade,2024-10-31,170458
trade,2024-11-01,217067
trade,2024-11-02,88429
trade,2024-11-03,162274
trade,2024-11-04,180922
trade,2024-11-05,234492
trade,2024-11-06,479217
trade,2024-11-07,360383
trade,2024-11-08,306251
trade,2024-11-09,175979
trade,2024-11-10,511048
trade,2024-11-11,473152
trade,2024-11-12,661712
trade,2024-11-13,613402
trade,2024-11-14,499649
trade,2024-11-15,405880
trade,2024-11-16,284458
trade,2024-11-17,306274
trade,2024-11-18,454639
trade,2024-11-19,428669
trade,2024-11-20,511969
trade,2024-11-21,682218
trade,2024-11-22,536067
trade,2024-11-23,433133
trade,2024-11-24,382595
trade,2024-11-25,553655
trade,2024-11-26,464152
trade,2024-11-27,426169
trade,2024-11-28,283597
trade,2024-11-29,282399
trade,2024-11-30,241518
trade,2024-12-01,237345
trade,2024-12-02,603722
trade,2024-12-03,420188
trade,2024-12-04,442806
trade,2024-12-05,662154
trade,2024-12-06,405759
trade,2024-12-07,225934
trade,2024-12-08,207343
trade,2024-12-09,589841
trade,2024-12-10,450007
trade,2024-12-11,316654
trade,2024-12-12,363480
trade,2024-12-13,269259
trade,2024-12-14,188745
trade,2024-12-15,191238
trade,2024-12-16,275489
trade,2024-12-17,296858
trade,2024-12-18,462095
trade,2024-12-19,515782
trade,2024-12-20,538339
trade,2024-12-21,223455
trade,2024-12-22,234851
trade,2024-12-23,263617
trade,2024-12-24,245162
trade,2024-12-25,163386
trade,2024-12-26,227802
trade,2024-12-27,201104
trade,2024-12-28,108824
trade,2024-12-29,119890
trade,2024-12-30,266826
trade,2024-12-31,180801
trade,2025-01-01,110681
trade,2025-01-02,227498
trade,2025-01-03,171778
trade,2025-01-04,102885
trade,2025-01-05,108008
trade,2025-01-06,202857
trade,2025-01-07,282691
trade,2025-01-08,283610
trade,2025-01-09,245703
trade,2025-01-10,254412
trade,2025-01-11,99640
trade,2025-01-12,94453
trade,2025-01-13,364810
trade,2025-01-14,207424
trade,2025-01-15,253676
trade,2025-01-16,293492
trade,2025-01-17,309763
trade,2025-01-18,381889
trade,2025-01-19,518394
trade,2025-01-20,676252
trade,2025-01-21,399515
trade,2025-01-22,233825
trade,2025-01-23,416986
trade,2025-01-24,228230
trade,2025-01-25,119924
trade,2025-01-26,112364
trade,2025-01-27,310467
trade,2025-01-28,220374
trade,2025-01-29,207366
trade,2025-01-30,198796
trade,2025-01-31,222820
trade,2025-02-01,158423
trade,2025-02-02,371642
trade,2025-02-03,685841
trade,2025-02-04,383221
trade,2025-02-05,235991
trade,2025-02-06,259879
trade,2025-02-07,305066
trade,2025-02-08,115246
trade,2025-02-09,147307
trade,2025-02-10,213179
trade,2025-02-11,231573
trade,2025-02-12,272589
trade,2025-02-13,206121
trade,2025-02-14,253670
trade,2025-02-15,128966
trade,2025-02-16,146871
trade,2025-02-17,237218
trade,2025-02-18,267335
trade,2025-02-19,213925
trade,2025-02-20,193677
trade,2025-02-21,278523
trade,2025-02-22,121682
trade,2025-02-23,98469
trade,2025-02-24,363788
trade,2025-02-25,543912
trade,2025-02-26,400548
trade,2025-02-27,286019
trade,2025-02-28,488807
trade,2025-03-01,183202
trade,2025-03-02,414667
trade,2025-03-03,511659
trade,2025-03-04,518318
trade,2025-03-05,283743
trade,2025-03-06,283035
trade,2025-03-07,404845
trade,2025-03-08,125232
trade,2025-03-09,220151
trade,2025-03-10,355132
trade,2025-03-11,372382
trade,2025-03-12,250041
trade,2025-03-13,188292
trade,2025-03-14,187781
trade,2025-03-15,102090
trade,2025-03-16,145390
trade,2025-03-17,157370
trade,2025-03-18,150935
trade,2025-03-19,253901
trade,2025-03-20,210008
trade,2025-03-21,150835
trade,2025-03-22,69873
trade,2025-03-23,87420
trade,2025-03-24,183697
trade,2025-03-25,168189
trade,2025-03-26,191684
trade,2025-03-27,206800
trade,2025-03-28,271050
trade,2025-03-29,276620
trade,2025-03-30,246737
trade,2025-03-31,320034
trade,2025-04-01,205402
trade,2025-04-02,313072
trade,2025-04-03,227316
trade,2025-04-04,284877
trade,2025-04-05,124837
trade,2025-04-06,363821
trade,2025-04-07,689705
trade,2025-04-08,269621
trade,2025-04-09,438542
trade,2025-04-10,257936
trade,2025-04-11,270089
trade,2025-04-12,211588
trade,2025-04-13,221281
trade,2025-04-14,244559
trade,2025-04-15,201166
trade,2025-04-16,206313
trade,2025-04-17,154892
trade,2025-04-18,84991
trade,2025-04-19,113826
trade,2025-04-20,116424
trade,2025-04-21,255563
trade,2025-04-22,320979
trade,2025-04-23,313477
trade,2025-04-24,226356
trade,2025-04-25,257958
trade,2025-04-26,166038
trade,2025-04-27,137696
trade,2025-04-28,228124
trade,2025-04-29,166188
trade,2025-04-30,156220
trade,2025-05-01,180020
trade,2025-05-02,165254
trade,2025-05-03,97766
trade,2025-05-04,132118
trade,2025-05-05,176993
trade,2025-05-06,192636
trade,2025-05-07,183519
trade,2025-05-08,319253
trade,2025-05-09,322033
trade,2025-05-10,231664
trade,2025-05-11,230784
trade,2025-05-12,416685
trade,2025-05-13,263896
trade,2025-05-14,234567
trade,2025-05-15,274776
trade,2025-05-16,227578
trade,2025-05-17,173362
trade,2025-05-18,240387
trade,2025-05-19,282854
trade,2025-05-20,226852
trade,2025-05-21,361654
trade,2025-05-22,276139
trade,2025-05-23,347462
trade,2025-05-24,128043
trade,2025-05-25,173155
trade,2025-05-26,168828
trade,2025-05-27,239753
trade,2025-05-28,235205
trade,2025-05-29,253783
trade,2025-05-30,275989
trade,2025-05-31,158022
trade,2025-06-01,121327
trade,2025-06-02,178957
trade,2025-06-03,190865
trade,2025-06-04,146536
trade,2025-06-05,280550
trade,2025-06-06,185939
trade,2025-06-07,92010
trade,2025-06-08,87395
trade,2025-06-09,227041
trade,2025-06-10,235896
trade,2025-06-11,226823
trade,2025-06-12,209751
trade,2025-06-13,353516
trade,2025-06-14,113123
trade,2025-06-15,123903
trade,2025-06-16,218170
trade,2025-06-17,278251
trade,2025-06-18,216677
trade,2025-06-19,139273
trade,2025-06-20,217834
trade,2025-06-21,184866
trade,2025-06-22,388213
trade,2025-06-23,331910
trade,2025-06-24,200340
trade,2025-06-25,200678
trade,2025-06-26,186651
trade,2025-06-27,187942
trade,2025-06-28,92313
trade,2025-06-29,130322
trade,2025-06-30,204839
trade,2025-07-01,187620
trade,2025-07-02,231332
trade,2025-07-03,213680
trade,2025-07-04,179797
trade,2025-07-05,76879
trade,2025-07-06,130814
trade,2025-07-07,170637
trade,2025-07-08,168907
trade,2025-07-09,243267
trade,2025-07-10,281167
trade,2025-07-11,370960
trade,2025-07-12,195189
trade,2025-07-13,200236
trade,2025-07-14,356537
trade,2025-07-15,331834
trade,2025-07-16,308989
trade,2025-07-17,368198
trade,2025-07-18,435813
trade,2025-07-19,172726
trade,2025-07-20,283443
trade,2025-07-21,361906
trade,2025-07-22,384976
trade,2025-07-23,359956
trade,2025-07-24,291500
trade,2025-07-25,360807
trade,2025-07-26,137008
trade,2025-07-27,179890
trade,2025-07-28,271517
trade,2025-07-29,243979
trade,2025-07-30,266988
trade,2025-07-31,229808
trade,2025-08-01,375557
trade,2025-08-02,203037
trade,2025-08-03,153907
trade,2025-08-04,193694
trade,2025-08-05,211072
trade,2025-08-06,183872
trade,2025-08-07,243876
trade,2025-08-08,258275
trade,2025-08-09,220751
trade,2025-08-10,225148
trade,2025-08-11,313031
trade,2025-08-12,316377
trade,2025-08-13,403217
trade,2025-08-14,425508
trade,2025-08-15,233040
trade,2025-08-16,127693
trade,2025-08-17,169927
trade,2025-08-18,279713
trade,2025-08-19,309295
trade,2025-08-20,267966
trade,2025-08-21,216587
trade,2025-08-22,351322
trade,2025-08-23,92577
trade,2025-08-24,241237
trade,2025-08-25,391156
trade,2025-08-26,262472
trade,2025-08-27,257254
trade,2025-08-28,185660
trade,2025-08-29,313116
trade,2025-08-30,128554
trade,2025-08-31,120249
trade,2025-09-01,285248
trade,2025-09-02,266039
trade,2025-09-03,204696
trade,2025-09-04,214021
trade,2025-09-05,303217
trade,2025-09-06,111135
trade,2025-09-07,126892
trade,2025-09-08,277102
trade,2025-09-09,345183
trade,2025-09-10,295226
trade,2025-09-11,275937
trade,2025-09-12,329846
trade,2025-09-13,288663
trade,2025-09-14,228426
trade,2025-09-15,415798
trade,2025-09-16,302185
trade,2025-09-17,392819
trade,2025-09-18,375752
trade,2025-09-19,256953
trade,2025-09-20,121508
trade,2025-09-21,142657
trade,2025-09-22,485507
trade,2025-09-23,336625
trade,2025-09-24,351306
trade,2025-09-25,519443
trade,2025-09-26,347747
trade,2025-09-27,128123
trade,2025-09-28,191035
trade,2025-09-29,320955
trade,2025-09-30,304772
trade,2025-10-01,346796
trade,2025-10-02,325360
trade,2025-10-03,326391
trade,2025-10-04,207284
trade,2025-10-05,334128
trade,2025-10-06,354903
trade,2025-10-07,484422
trade,2025-10-08,384081
trade,2025-10-09,448501
trade,2025-10-10,1045082
trade,2025-10-11,590900
trade,2025-10-12,602910
trade,2025-10-13,431322
trade,2025-10-14,503459
trade,2025-10-15,350391
trade,2025-10-16,448157
trade,2025-10-17,464526
trade,2025-10-18,166988
trade,2025-10-19,273128
trade,2025-10-20,345369
trade,2025-10-21,531647
trade,2025-10-22,518657
trade,2025-10-23,373709
trade,2025-10-24,337571
trade,2025-10-25,187117
trade,2025-10-26,305343
trade,2025-10-27,384849
trade,2025-10-28,407742
trade,2025-10-29,413316
trade,2025-10-30,435747
trade,2025-10-31,280823
trade,2025-11-01,160013
trade,2025-11-02,182795
trade,2025-11-03,428234
trade,2025-11-04,544573
trade,2025-11-05,339146
trade,2025-11-06,288507
trade,2025-11-07,314788
trade,2025-11-08,194530
trade,2025-11-09,211282
trade,2025-11-10,274114
trade,2025-11-11,287293
trade,2025-11-12,262987
trade,2025-11-13,382614
trade,2025-11-14,396843
trade,2025-11-15,169465
trade,2025-11-16,253419
trade,2025-11-17,297886
trade,2025-11-18,314193
trade,2025-11-19,300747
trade,2025-11-20,301079
trade,2025-11-21,412639
trade,2025-11-22,199952
trade,2025-11-23,207204
trade,2025-11-24,306178
trade,2025-11-25,277096
trade,2025-11-26,261330
trade,2025-11-27,185816
trade,2025-11-28,244244
trade,2025-11-29,128279
trade,2025-11-30,134064
trade,2025-12-01,350795
trade,2025-12-02,287396
trade,2025-12-03,309283
trade,2025-12-04,217433
trade,2025-12-05,228773
trade,2025-12-06,105339
trade,2025-12-07,208764
trade,2025-12-08,211935
trade,2025-12-09,247076
trade,2025-12-10,248175
trade,2025-12-11,252101
trade,2025-12-12,190864
trade,2025-12-13,72488
trade,2025-12-14,146749
trade,2025-12-15,247072
trade,2025-12-16,207434
trade,2025-12-17,241806
trade,2025-12-18,278495
trade,2025-12-19,235388
trade,2025-12-20,68734
trade,2025-12-21,111358
trade,2025-12-22,218131
trade,2025-12-23,184509
trade,2025-12-24,139621
trade,2025-12-25,112211
trade,2025-12-26,193010
trade,2025-12-27,71421
trade,2025-12-28,89114
trade,2025-12-29,225586
trade,2025-12-30,168657
trade,2025-12-31,134327
trade,2026-01-01,90092
trade,2026-01-02,233032
trade,2026-01-03,138938
trade,2026-01-04,179592
trade,2026-01-05,237806
trade,2026-01-06,245966
trade,2026-01-07,205462
trade,2026-01-08,213809
trade,2026-01-09,211944
trade,2026-01-10,59298
trade,2026-01-11,101243
trade,2026-01-12,224591
trade,2026-01-13,260597
trade,2026-01-14,236560
trade,2026-01-15,202593
trade,2026-01-16,132031
trade,2026-01-17,62416
trade,2026-01-18,136461
trade,2026-01-19,196313
trade,2026-01-20,245243
trade,2026-01-21,222745
trade,2026-01-22,144438
trade,2026-01-23,174357
trade,2026-01-24,64300
trade,2026-01-25,156169
trade,2026-01-26,177989
trade,2026-01-27,157998
trade,2026-01-28,150033
trade,2026-01-29,191324
trade,2026-01-30,241700
trade,2026-01-31,282170
trade,2026-02-01,211850
trade,2026-02-02,240624
trade,2026-02-03,242772
trade,2026-02-04,214269
trade,2026-02-05,372619
trade,2026-02-06,359617
trade,2026-02-07,194933
trade,2026-02-08,114235
trade,2026-02-09,155259
trade,2026-02-10,135201
trade,2026-02-11,189365
trade,2026-02-12,174314
trade,2026-02-13,196143
trade,2026-02-14,148926
trade,2026-02-15,191418
trade,2026-02-16,172959
trade,2026-02-17,159039
trade,2026-02-18,160868
trade,2026-02-19,153447
trade,2026-02-20,208110
trade,2026-02-21,94870
trade,2026-02-22,104768
trade,2026-02-23,276549
trade,2026-02-24,189561
trade,2026-02-25,245466
trade,2026-02-26,166063
trade,2026-02-27,211930
trade,2026-02-28,234689
trade,2026-03-01,197502
trade,2026-03-02,190210
trade,2026-03-03,187556
trade,2026-03-04,188424
trade,2026-03-05,148866
trade,2026-03-06,116171
trade,2026-03-07,84338
trade,2026-03-08,113569
trade,2026-03-09,168706
trade,2026-03-10,167646
trade,2026-03-11,144911
trade,2026-03-12,156977
trade,2026-03-13,190308
trade,2026-03-14,78221
trade,2026-03-15,112489
trade,2026-03-16,197908
trade,2026-03-17,168390
trade,2026-03-18,143110
trade,2026-03-19,133631
trade,2026-03-20,114424
trade,2026-03-21,63268
trade,2026-03-22,95731
trade,2026-03-23,186005
trade,2026-03-24,123092
trade,2026-03-25,126322
trade,2026-03-26,122639
trade,2026-03-27,124711
trade,2026-03-28,87506
trade,2026-03-29,95040
trade,2026-03-30,156517
trade,2026-03-31,167694
trade,2026-04-01,128327
trade,2026-04-02,147134
trade,2026-04-03,95917
trade,2026-04-04,57228
trade,2026-04-05,114413
trade,2026-04-06,163871
trade,2026-04-07,188633
trade,2026-04-08,156940
trade,2026-04-09,140946
trade,2026-04-10,134869
trade,2026-04-11,85555
trade,2026-04-12,107218
trade,2026-04-13,149474
trade,2026-04-14,152706
trade,2026-04-15,141260
trade,2026-04-16,162705
trade,2026-04-17,193020
trade,2026-04-18,102233
trade,2026-04-19,135223
trade,2026-04-20,141272
trade,2026-04-21,153705
trade,2026-04-22,156260
trade,2026-04-23,152970
trade,2026-04-24,125983
trade,2026-04-25,58963
trade,2026-04-26,86927
trade,2026-04-27,154517
trade,2026-04-28,131061
trade,2026-04-29,178874
trade,2026-04-30,109056
trade,2026-05-01,127062
trade,2026-05-02,54917
trade,2026-05-03,77335
trade,2026-05-04,189991
trade,2026-05-05,140145
trade,2026-05-06,153480
trade,2026-05-07,132344
trade,2026-05-08,121545
trade,2026-05-09,73520
trade,2026-05-10,128459
trade,2026-05-11,154689
trade,2026-05-12,145557
trade,2026-05-13,158509
trade,2026-05-14,173334
trade,2026-05-15,157298
trade,2026-05-16,94054
trade,2026-05-17,97269
